Education,Marital_Status,Income,Kidhome,Teenhome,Dt_Customer,Recency,MntWines,MntFruits,MntMeatProducts,MntFishProducts,MntSweetProducts,MntGoldProds,NumDealsPurchases,NumWebPurchases,NumCatalogPurchases,NumStorePurchases,NumWebVisitsMonth,AcceptedCmp3,AcceptedCmp4,AcceptedCmp5,AcceptedCmp1,AcceptedCmp2,Complain,Response,Age,Total_hijos,Año_registro,Total_gasto,Total_compras,Campañas_aceptadas,Cluster_KMeans,Clusters_Jerarquicos,Cluster_DBSCAN
Licenciatura,Soltero,58138.0,0,0,2012-09-04,58,635,88,546,172,88,88,3,8,10,4,7,0,0,0,0,0,0,1,69,0,2012,1617,25,1,0,0,0
Licenciatura,Soltero,46344.0,1,1,2014-03-08,38,11,1,6,2,1,6,2,1,1,2,5,0,0,0,0,0,0,0,72,2,2014,27,6,0,1,1,0
Licenciatura,Unión Libre,71613.0,0,0,2013-08-21,26,426,49,127,111,21,42,1,8,2,10,4,0,0,0,0,0,0,0,61,0,2013,776,21,0,0,0,0
Licenciatura,Unión Libre,26646.0,1,0,2014-02-10,26,11,4,20,10,3,5,2,2,0,4,6,0,0,0,0,0,0,0,42,1,2014,53,8,0,1,1,0
Doctorado,Casado,58293.0,1,0,2014-01-19,94,173,43,118,46,27,15,5,5,3,6,5,0,0,0,0,0,0,0,45,1,2014,422,19,0,1,0,0
Maestría,Unión Libre,62513.0,0,1,2013-09-09,16,520,42,98,0,42,14,2,6,4,10,6,0,0,0,0,0,0,0,59,1,2013,716,22,0,0,0,0
Licenciatura,Divorciado,55635.0,0,1,2012-11-13,34,235,65,164,50,49,27,4,7,3,7,6,0,0,0,0,0,0,0,55,1,2012,590,21,0,0,0,0
Doctorado,Casado,33454.0,1,0,2013-05-08,32,76,10,56,3,1,23,2,4,0,4,8,0,0,0,0,0,0,0,41,1,2013,169,10,0,1,1,0
Doctorado,Unión Libre,30351.0,1,0,2013-06-06,19,14,0,24,3,3,2,1,3,0,2,9,0,0,0,0,0,0,1,52,1,2013,46,6,1,1,1,0
Doctorado,Unión Libre,5648.0,1,1,2014-03-13,68,28,0,6,1,1,13,1,1,0,0,20,1,0,0,0,0,0,0,76,2,2014,49,2,1,1,1,-1
Licenciatura,Casado,,1,0,2013-11-15,11,5,5,6,0,2,1,1,1,0,2,7,0,0,0,0,0,0,0,43,1,2013,19,4,0,1,1,0
Básica,Casado,7500.0,0,0,2012-11-13,59,6,16,11,11,1,16,1,2,0,3,8,0,0,0,0,0,0,0,50,0,2012,61,6,0,1,1,0
Licenciatura,Divorciado,63033.0,0,0,2013-11-15,82,194,61,480,225,112,30,1,3,4,8,2,0,0,0,0,0,0,0,67,0,2013,1102,16,0,0,0,0
Maestría,Divorciado,59354.0,1,1,2013-11-15,53,233,2,53,3,5,14,3,6,1,5,6,0,0,0,0,0,0,0,74,2,2013,310,15,0,1,1,0
Licenciatura,Casado,17323.0,0,0,2012-10-10,38,3,14,17,6,1,5,1,1,0,3,8,0,0,0,0,0,0,0,39,0,2012,46,5,0,1,1,0
Doctorado,Soltero,82800.0,0,0,2012-11-24,23,1006,22,115,59,68,45,1,7,6,12,3,0,0,1,1,0,0,1,80,0,2012,1315,26,3,0,0,-1
Licenciatura,Casado,41850.0,1,1,2012-12-24,51,53,5,19,2,13,4,3,3,0,3,8,0,0,0,0,0,0,0,46,2,2012,96,9,0,1,1,0
Licenciatura,Unión Libre,37760.0,0,0,2012-08-31,20,84,5,38,150,12,28,2,4,1,6,7,0,0,0,0,0,0,0,80,0,2012,317,13,0,1,0,0
Maestría,Casado,76995.0,0,1,2013-03-28,91,1012,80,498,0,16,176,2,11,4,9,5,0,0,0,1,0,0,0,77,1,2013,1782,26,1,0,0,-1
Posgrado,Soltero,33812.0,1,0,2012-11-03,86,4,17,19,30,24,39,2,2,1,3,6,0,0,0,0,0,0,0,41,1,2012,133,8,0,1,1,0
Licenciatura,Casado,37040.0,0,0,2012-08-08,41,86,2,73,69,38,48,1,4,2,5,8,0,0,0,0,0,0,0,44,0,2012,316,12,0,1,1,0
Licenciatura,Casado,2447.0,1,0,2013-01-06,42,1,1,1725,1,1,1,15,0,28,0,1,0,0,0,0,0,0,0,47,1,2013,1730,43,0,0,0,-1
Doctorado,Casado,58607.0,0,1,2012-12-23,63,867,0,86,0,0,19,3,2,3,9,8,0,1,0,0,0,0,0,77,1,2012,972,17,1,0,0,0
Doctorado,Casado,65324.0,0,1,2014-01-11,0,384,0,102,21,32,5,3,6,2,9,4,0,0,0,0,0,0,0,72,1,2014,544,20,0,0,0,0
Licenciatura,Unión Libre,40689.0,0,1,2013-03-18,69,270,3,27,39,6,99,7,7,1,5,8,0,0,0,0,0,0,0,75,1,2013,444,20,0,1,0,0
Licenciatura,Soltero,18589.0,0,0,2013-01-02,89,6,4,25,15,12,13,2,2,1,3,7,0,0,0,0,0,0,0,57,0,2013,75,8,0,1,1,0
Licenciatura,Casado,53359.0,1,1,2013-05-27,4,173,4,30,3,6,41,4,5,1,4,7,0,0,0,0,0,0,0,50,2,2013,257,14,0,1,0,0
Licenciatura,Soltero,,1,0,2013-02-20,19,5,1,3,3,263,362,0,27,0,0,1,0,0,0,0,0,0,0,40,1,2013,637,27,0,0,0,0
Licenciatura,Casado,38360.0,1,0,2013-05-31,26,36,2,42,20,21,10,2,2,1,4,3,0,0,0,0,0,0,0,37,1,2013,131,9,0,1,1,0
Doctorado,Casado,84618.0,0,0,2013-11-22,96,684,100,801,21,66,0,1,6,9,10,2,0,0,1,0,0,0,0,61,0,2013,1672,26,1,0,0,0
Maestría,Divorciado,10979.0,0,0,2014-05-22,34,8,4,10,2,2,4,2,3,0,3,5,0,0,0,0,0,0,0,37,0,2014,30,8,0,1,1,-1
Maestría,Unión Libre,38620.0,0,0,2013-05-11,56,112,17,44,34,22,89,1,2,5,3,3,0,0,0,0,0,0,0,63,0,2013,318,11,0,1,0,0
Licenciatura,Unión Libre,40548.0,0,1,2012-10-10,31,110,0,5,2,0,3,2,2,1,4,5,0,1,0,0,0,0,0,56,1,2012,120,9,1,1,0,0
Doctorado,Divorciado,46610.0,0,2,2012-10-29,8,96,12,96,33,22,43,6,4,1,6,6,0,0,0,0,0,0,1,74,2,2012,302,17,1,1,1,-1
Maestría,Casado,68657.0,0,0,2013-02-20,4,482,34,471,119,68,22,1,3,5,9,7,0,0,0,0,0,0,0,80,0,2013,1196,18,0,0,0,0
Maestría,Soltero,49389.0,1,1,2013-08-29,55,40,0,19,2,1,3,1,2,0,3,7,0,0,0,0,0,0,0,75,2,2013,65,6,0,1,1,0
Doctorado,Casado,67353.0,0,1,2013-12-31,37,702,17,151,0,8,35,5,5,6,12,2,0,0,0,0,0,0,0,56,1,2013,913,28,0,0,0,0
Posgrado,Casado,23718.0,1,0,2013-09-02,76,6,3,14,15,7,36,3,3,1,2,7,0,0,0,0,0,0,0,50,1,2013,81,9,0,1,1,0
Licenciatura,Viudo,42429.0,0,1,2014-02-11,99,55,0,6,2,0,4,2,1,1,3,5,0,0,0,0,0,0,0,53,1,2014,67,7,0,1,1,0
Doctorado,Divorciado,48948.0,0,0,2013-02-01,53,437,8,206,160,49,42,2,7,10,5,6,1,0,0,0,0,0,1,83,0,2013,902,24,2,0,0,-1
Licenciatura,Casado,80011.0,0,1,2013-04-29,3,421,76,536,82,178,102,2,8,6,5,4,0,0,0,0,0,0,0,46,1,2013,1395,21,0,0,0,0
Maestría,Casado,20559.0,1,0,2013-03-12,88,13,1,29,3,0,7,2,2,0,3,8,0,0,0,0,0,0,0,41,1,2013,53,7,0,1,1,0
Licenciatura,Unión Libre,21994.0,0,1,2012-12-24,4,9,0,6,3,1,3,1,0,0,3,5,0,0,0,0,0,0,0,69,1,2012,22,4,0,1,1,0
Doctorado,Soltero,,0,0,2013-11-05,80,81,11,50,3,2,39,1,1,3,4,2,0,0,0,0,0,0,0,67,0,2013,186,9,0,1,0,-1
Maestría,Casado,7500.0,1,0,2013-10-02,19,3,1,10,3,2,12,3,2,0,3,5,0,0,0,0,0,0,0,51,1,2013,31,8,0,1,1,0
Licenciatura,Soltero,79941.0,0,0,2014-06-28,72,123,164,266,227,30,174,1,2,4,9,1,0,0,0,0,0,0,0,50,0,2014,984,16,0,0,0,0
Posgrado,Casado,7500.0,0,0,2012-11-09,24,3,18,14,15,22,50,3,3,1,3,9,0,0,0,0,0,0,1,30,0,2012,122,10,1,1,1,-1
Licenciatura,Unión Libre,41728.0,1,0,2013-05-24,92,13,6,15,3,5,13,1,2,0,2,10,0,0,0,0,0,0,0,58,1,2013,55,5,0,1,1,0
Licenciatura,Soltero,,2,1,2014-01-01,96,48,5,48,6,10,7,3,2,1,4,6,0,0,0,0,0,0,0,75,3,2014,124,10,0,1,1,0
Doctorado,Casado,72550.0,1,1,2012-11-08,39,826,50,317,50,38,38,9,5,2,12,8,0,0,0,0,0,0,0,72,2,2012,1319,28,0,0,0,0
Licenciatura,Viudo,65486.0,0,1,2014-05-12,29,245,19,125,37,67,14,1,4,2,10,2,0,0,0,0,0,0,0,69,1,2014,507,17,0,0,0,0
Maestría,Casado,79143.0,0,0,2012-08-11,2,650,37,780,27,167,32,1,6,9,13,3,0,0,0,0,0,0,0,62,0,2012,1693,29,0,0,0,-1
Licenciatura,Soltero,35790.0,1,0,2013-01-02,54,12,6,20,30,1,3,2,2,0,3,7,0,0,0,0,0,0,0,49,1,2013,72,7,0,1,1,0
Licenciatura,Divorciado,82582.0,0,0,2014-06-07,54,510,120,550,156,40,241,1,4,9,7,1,1,0,0,1,0,0,1,49,0,2014,1617,21,3,0,0,-1
Licenciatura,Casado,66373.0,1,1,2013-06-12,57,328,9,124,12,24,109,7,4,2,10,3,0,0,0,0,0,0,0,48,2,2013,606,23,0,0,0,0
Maestría,Unión Libre,82384.0,0,0,2012-11-19,55,984,51,432,180,120,190,1,3,10,13,1,0,0,1,0,0,0,1,71,0,2012,1957,27,2,0,0,-1
Licenciatura,Divorciado,70287.0,0,0,2013-04-02,30,295,35,482,121,120,40,1,5,5,10,3,0,0,0,0,0,0,1,60,0,2013,1093,21,1,0,0,0
Licenciatura,Soltero,27938.0,1,0,2014-04-28,31,13,0,8,2,1,5,1,1,0,4,3,0,0,0,0,0,0,0,38,1,2014,29,6,0,1,1,0
Licenciatura,Soltero,,1,0,2013-06-17,57,11,3,22,2,2,6,2,2,0,3,6,0,0,0,0,0,0,0,44,1,2013,46,7,0,1,1,0
Doctorado,Casado,55954.0,0,1,2014-03-03,63,447,0,28,0,0,43,3,8,2,6,7,0,0,0,0,0,0,0,58,1,2014,518,19,0,1,0,0
Maestría,Soltero,75777.0,0,0,2013-07-04,12,712,26,538,69,13,80,1,3,6,11,1,0,1,1,0,0,0,1,44,0,2013,1438,21,3,0,0,-1
Licenciatura,Unión Libre,66653.0,1,1,2012-09-07,18,452,18,102,16,18,6,4,4,2,12,3,0,0,0,0,0,0,0,51,2,2012,612,22,0,1,0,0
Licenciatura,Soltero,61823.0,0,1,2013-02-18,26,523,7,134,37,14,169,4,8,2,10,7,0,0,0,0,0,0,0,74,1,2013,884,24,0,0,0,0
Doctorado,Viudo,67680.0,0,1,2013-06-11,8,546,0,48,0,6,6,1,7,3,8,5,0,0,0,0,0,0,0,75,1,2013,606,19,0,0,0,0
Licenciatura,Unión Libre,70666.0,0,0,2013-12-06,29,398,40,367,119,122,30,1,7,4,4,4,0,0,0,0,0,0,0,78,0,2013,1076,16,0,0,0,0
Licenciatura,Casado,25721.0,1,0,2013-05-21,75,1,3,6,3,6,15,1,1,1,2,7,0,0,0,0,0,0,1,55,1,2013,34,5,1,1,1,0
Licenciatura,Unión Libre,32474.0,1,1,2014-05-11,0,10,0,1,0,0,0,1,1,0,2,7,0,0,0,0,0,0,0,59,2,2014,11,4,0,1,1,0
Posgrado,Soltero,88194.0,0,1,2014-03-19,19,688,14,309,201,24,38,1,11,10,10,5,1,0,0,1,0,0,1,47,1,2014,1274,32,3,0,0,-1
Licenciatura,Unión Libre,69096.0,0,1,2013-09-27,4,247,49,159,7,82,109,1,5,2,10,4,0,0,0,0,0,0,0,68,1,2013,653,18,0,0,0,0
Licenciatura,Unión Libre,74854.0,1,2,2013-04-08,90,856,59,487,58,29,73,7,2,5,5,5,0,0,0,0,0,0,0,56,3,2013,1562,19,0,0,0,-1
Maestría,Casado,66991.0,0,0,2012-09-11,1,496,36,460,189,60,12,3,4,8,6,3,0,0,0,0,0,0,0,72,0,2012,1253,21,0,0,0,0
Posgrado,Casado,,1,0,2012-09-14,25,25,3,43,17,4,17,3,3,0,3,8,0,0,0,0,0,0,0,53,1,2012,109,9,0,1,1,0
Licenciatura,Casado,65031.0,0,1,2013-03-17,29,258,107,291,84,37,86,4,10,3,13,7,0,0,0,0,0,0,0,67,1,2013,863,30,0,0,0,0
Doctorado,Casado,60631.0,1,1,2013-04-05,88,565,6,65,0,6,19,5,9,2,8,7,0,1,0,0,0,0,0,51,2,2013,661,24,1,0,0,0
Licenciatura,Casado,28332.0,0,0,2014-04-30,58,14,10,13,4,15,9,1,2,1,4,2,0,0,0,0,0,0,0,74,0,2014,65,8,0,1,0,0
Licenciatura,Divorciado,40246.0,1,0,2012-12-19,68,2,1,6,2,1,1,1,1,0,2,6,0,0,0,0,0,0,0,49,1,2012,13,4,0,1,1,0
Maestría,Casado,75251.0,0,0,2012-08-27,34,721,111,925,97,18,18,1,7,6,5,5,0,0,0,0,0,0,1,54,0,2012,1890,19,1,0,0,0
Licenciatura,Soltero,75825.0,0,0,2012-10-12,40,1032,105,779,137,105,51,0,5,8,9,4,1,0,0,0,0,0,1,50,0,2012,2209,22,2,0,0,-1
Posgrado,Unión Libre,26326.0,0,0,2013-09-04,12,1,0,5,0,3,9,1,0,0,3,3,0,0,0,0,0,1,0,50,0,2013,18,4,0,1,1,0
Licenciatura,Unión Libre,56046.0,0,0,2013-01-02,9,577,0,64,0,0,51,2,10,1,8,8,1,0,0,0,0,0,1,61,0,2013,692,21,2,0,0,-1
Licenciatura,Soltero,29760.0,1,0,2012-08-29,87,64,4,68,7,5,17,4,3,1,4,8,0,0,0,0,0,0,0,41,1,2012,165,12,0,1,1,0
Licenciatura,Casado,26304.0,1,0,2013-06-23,5,4,1,5,2,0,4,1,1,0,2,7,0,0,0,0,0,0,0,57,1,2013,16,4,0,1,1,0
Posgrado,Casado,23559.0,1,0,2013-07-03,87,25,5,19,7,0,23,3,3,0,3,7,0,0,0,0,0,0,0,53,1,2013,79,9,0,1,1,0
Maestría,Unión Libre,38620.0,0,0,2013-05-11,56,112,17,44,34,22,89,1,2,5,3,3,0,0,0,0,0,0,0,63,0,2013,318,11,0,1,0,0
Licenciatura,Divorciado,81361.0,0,0,2014-02-25,18,163,23,424,27,65,76,1,3,10,13,1,0,0,0,0,0,0,0,39,0,2014,778,27,0,0,0,-1
Licenciatura,Casado,29440.0,1,1,2013-08-11,95,17,8,14,10,4,3,2,1,0,4,7,0,0,0,0,0,0,0,66,2,2013,56,7,0,1,1,0
Maestría,Casado,36138.0,1,1,2013-07-16,48,130,0,16,0,0,5,5,3,1,4,7,0,1,0,0,0,0,0,56,2,2013,151,13,1,1,1,0
Licenciatura,Soltero,50388.0,0,1,2014-05-28,3,292,6,37,0,3,34,4,6,1,6,7,0,1,0,1,0,0,1,69,1,2014,372,17,3,0,0,-1
Licenciatura,Casado,79593.0,0,0,2014-05-12,70,350,60,568,110,133,145,1,5,6,7,2,0,0,1,0,0,0,0,53,0,2014,1366,19,1,0,0,0
Licenciatura,Unión Libre,54178.0,0,1,2014-01-21,79,135,9,39,4,0,7,1,2,2,5,2,0,0,0,0,0,0,0,59,1,2014,194,10,0,1,0,0
Doctorado,Casado,,2,1,2012-11-19,4,230,42,192,49,37,53,12,7,2,8,9,0,0,0,0,0,0,0,69,3,2012,603,29,0,1,0,-1
Licenciatura,Soltero,,1,1,2014-05-27,45,7,0,8,2,0,1,1,1,0,2,7,0,0,0,0,0,0,0,69,2,2014,18,4,0,1,1,0
Maestría,Unión Libre,,0,0,2013-11-23,87,445,37,359,98,28,18,1,2,4,8,1,0,0,0,0,0,0,0,53,0,2013,985,15,0,0,0,0
Maestría,Soltero,42394.0,1,0,2014-03-23,69,15,2,10,0,1,4,1,1,0,3,7,0,0,0,0,0,0,0,54,1,2014,32,5,0,1,0,0
Doctorado,Casado,23626.0,1,0,2014-05-24,84,27,2,14,0,0,0,3,3,1,3,5,0,0,0,0,0,0,0,56,1,2014,43,10,0,1,1,0
Licenciatura,Casado,30096.0,1,0,2014-05-22,30,5,3,11,12,5,9,1,2,0,3,6,0,0,0,0,0,0,0,43,1,2014,45,6,0,1,1,0
Licenciatura,Viudo,47916.0,0,1,2012-11-22,72,505,0,26,0,0,75,5,7,4,6,6,0,1,0,0,0,0,0,66,1,2012,606,22,1,0,0,0
Licenciatura,Divorciado,51813.0,1,1,2013-04-11,37,51,2,7,0,1,2,2,2,0,3,7,0,0,0,0,0,0,0,54,2,2013,63,7,0,1,1,0
Posgrado,Casado,78497.0,0,0,2013-12-01,44,207,26,447,75,0,223,1,5,7,12,2,0,0,0,1,0,0,0,75,0,2013,978,25,1,0,0,-1
Doctorado,Casado,50150.0,0,0,2013-06-20,32,135,46,92,65,61,11,2,5,2,7,5,0,0,0,0,0,0,0,43,0,2013,410,16,0,1,0,0
Posgrado,Soltero,47823.0,0,1,2013-07-23,0,53,1,5,2,1,10,2,2,0,3,8,0,0,0,0,0,0,0,66,1,2013,72,7,0,1,1,0
Doctorado,Soltero,34554.0,0,1,2014-03-30,43,41,1,6,2,0,5,2,2,0,3,6,0,0,0,0,0,0,0,67,1,2014,55,7,0,1,1,0
Licenciatura,Unión Libre,85693.0,0,1,2013-04-20,59,386,172,183,185,132,111,2,9,5,11,5,0,0,0,0,0,0,0,47,1,2013,1169,27,0,0,0,0
Doctorado,Casado,65846.0,0,0,2013-05-17,68,562,81,276,80,40,81,1,6,3,6,4,0,0,0,0,0,0,0,81,0,2013,1120,16,0,0,0,0
Licenciatura,Casado,87195.0,0,0,2014-05-08,35,217,76,690,50,26,38,1,3,11,5,1,0,0,0,0,0,0,1,67,0,2014,1097,20,1,0,0,0
Básica,Unión Libre,24594.0,1,0,2013-12-10,94,1,3,6,10,0,9,1,1,0,3,5,0,0,0,0,0,0,0,47,1,2013,29,5,0,1,1,0
Licenciatura,Casado,49096.0,1,1,2013-09-24,15,144,1,32,2,1,7,4,4,1,4,7,0,0,0,0,0,0,0,62,2,2013,187,13,0,1,0,0
Licenciatura,Casado,52413.0,0,2,2013-02-02,56,295,106,271,75,98,65,4,6,4,12,6,0,0,0,0,0,0,0,57,2,2013,910,26,0,0,0,0
Licenciatura,Soltero,38557.0,1,0,2012-12-19,17,76,3,31,4,4,27,2,3,1,3,7,0,0,0,0,0,0,0,48,1,2012,145,9,0,1,1,0
Maestría,Casado,89058.0,0,0,2012-12-07,18,454,194,106,31,22,43,1,5,4,4,2,0,0,0,0,0,0,0,66,0,2012,850,14,0,0,0,-1
Licenciatura,Unión Libre,77298.0,0,1,2013-11-02,46,425,115,292,23,35,79,1,6,6,11,3,0,0,0,0,0,0,0,47,1,2013,969,24,0,0,0,0
Doctorado,Soltero,68126.0,0,0,2012-11-10,40,1332,17,311,23,51,86,1,7,4,5,9,0,1,0,0,0,0,1,35,0,2012,1820,17,2,0,0,-1
Maestría,Unión Libre,57288.0,0,1,2014-06-25,27,527,0,21,0,0,60,3,8,1,8,6,0,1,0,0,0,0,0,63,1,2014,608,20,1,0,0,0
Licenciatura,Soltero,86037.0,0,0,2013-01-02,95,490,44,125,29,20,22,1,6,7,11,3,0,1,1,0,0,0,1,35,0,2013,730,25,3,0,0,-1
Doctorado,Casado,43974.0,1,0,2012-12-12,19,378,0,101,0,0,72,5,6,4,6,7,0,0,0,0,0,0,0,46,1,2012,551,21,0,1,0,0
Licenciatura,Soltero,50785.0,1,1,2013-09-10,27,64,1,21,0,1,27,2,2,1,3,6,0,0,0,0,0,0,0,64,2,2013,114,8,0,1,1,0
Licenciatura,Casado,90765.0,0,0,2014-01-24,25,547,99,812,151,82,33,0,4,6,5,1,0,0,1,1,0,0,0,56,0,2014,1724,15,2,0,0,0
Posgrado,Casado,36550.0,1,0,2013-02-19,74,47,90,94,123,103,120,5,9,1,5,9,0,0,0,0,0,0,0,48,1,2013,577,20,0,1,0,0
Posgrado,Unión Libre,30753.0,1,1,2013-07-11,85,12,5,25,0,9,30,2,1,1,3,5,0,0,0,0,0,0,0,59,2,2013,81,7,0,1,1,0
Licenciatura,Unión Libre,21918.0,1,0,2013-11-14,37,1,6,7,11,5,3,2,2,0,3,6,0,0,0,0,0,0,0,57,1,2013,33,7,0,1,1,0
Maestría,Unión Libre,56129.0,0,1,2013-06-20,65,320,48,133,39,72,48,4,6,2,10,4,0,0,0,0,0,0,0,73,1,2013,660,22,0,0,0,0
Maestría,Soltero,32557.0,1,0,2014-02-24,13,34,3,29,0,4,10,3,2,1,3,5,0,0,0,0,0,0,1,59,1,2014,80,9,1,1,0,0
Maestría,Casado,19510.0,2,0,2013-09-04,63,9,0,7,3,4,7,2,1,0,3,7,0,0,0,0,0,0,0,41,2,2013,30,6,0,1,1,0
Licenciatura,Divorciado,30992.0,1,0,2013-04-22,83,17,0,14,7,3,2,1,1,0,3,7,0,0,0,0,0,0,0,50,1,2013,43,5,0,1,1,0
Licenciatura,Soltero,101970.0,0,0,2013-03-12,69,722,27,102,44,72,168,0,6,8,13,2,0,1,1,1,0,0,1,43,0,2013,1135,27,4,0,0,-1
Posgrado,Unión Libre,71488.0,0,0,2013-02-18,87,162,33,124,40,28,172,2,3,4,7,1,0,0,0,0,0,0,0,61,0,2013,559,16,0,0,0,-1
Licenciatura,Soltero,79607.0,0,0,2013-04-21,37,450,133,951,173,0,216,1,3,6,6,1,0,0,0,0,0,0,1,42,0,2013,1923,16,1,0,0,0
Maestría,Casado,54348.0,1,1,2014-06-08,51,70,0,16,0,0,4,2,2,0,4,6,0,0,0,0,0,0,0,73,2,2014,90,8,0,1,1,0
Doctorado,Casado,,0,1,2013-07-11,23,352,0,27,10,0,15,3,6,1,7,6,0,0,0,0,0,0,0,65,1,2013,404,17,0,1,0,0
Doctorado,Unión Libre,77376.0,1,1,2014-05-10,72,492,19,110,16,12,12,4,6,3,10,4,0,0,0,0,0,0,0,70,2,2014,661,23,0,0,0,0
Licenciatura,Casado,62998.0,0,1,2013-09-30,10,120,58,73,65,89,58,5,5,4,5,5,0,0,0,0,0,0,0,74,1,2013,463,19,0,0,0,0
Maestría,Soltero,61331.0,1,1,2013-03-10,42,534,5,47,0,5,41,5,11,1,6,8,0,0,0,0,0,0,0,68,2,2013,632,23,0,0,0,0
Licenciatura,Casado,73448.0,0,0,2014-02-10,10,236,106,189,23,41,130,1,7,2,9,4,0,0,0,0,0,0,0,57,0,2014,725,19,0,0,0,0
Licenciatura,Casado,,0,1,2013-08-11,96,231,65,196,38,71,124,1,6,5,7,4,0,0,0,0,0,0,0,63,1,2013,725,19,0,0,0,0
Doctorado,Casado,41551.0,1,1,2013-08-14,51,220,0,33,3,0,23,5,5,1,5,8,0,0,0,0,0,0,0,62,2,2013,279,16,0,1,0,0
Doctorado,Unión Libre,62981.0,0,0,2013-03-17,21,796,14,590,38,44,0,1,4,5,13,3,0,1,0,0,0,0,0,59,0,2013,1482,23,1,0,0,0
Básica,Divorciado,9548.0,1,0,2012-08-08,31,0,1,3,10,6,9,2,1,0,3,8,0,0,0,0,0,0,0,50,1,2012,29,6,0,1,1,0
Doctorado,Casado,33762.0,2,1,2013-07-07,61,53,1,34,2,0,16,3,2,2,2,8,0,0,0,0,0,0,0,67,3,2013,106,9,0,1,1,0
Doctorado,Soltero,35860.0,1,1,2014-05-19,37,15,0,8,4,2,20,2,1,1,2,5,1,0,0,0,0,0,1,53,2,2014,49,6,2,1,0,0
Doctorado,Divorciado,36921.0,1,1,2013-07-28,74,17,1,12,3,1,4,2,2,0,3,7,0,0,0,0,0,0,0,61,2,2013,38,7,0,1,1,0
Maestría,Soltero,92859.0,0,0,2012-10-19,46,962,61,921,52,61,20,1,5,4,12,2,0,0,0,0,0,0,0,34,0,2012,2077,22,0,0,0,-1
Maestría,Unión Libre,65104.0,0,1,2013-11-14,4,738,0,232,13,20,50,2,3,5,7,7,0,0,0,0,0,0,1,50,1,2013,1053,17,1,0,0,0
Licenciatura,Casado,86111.0,0,0,2013-04-19,73,399,28,756,36,40,126,1,5,7,10,2,0,0,0,0,0,0,0,64,0,2013,1385,23,0,0,0,0
Doctorado,Soltero,68352.0,0,1,2013-08-28,47,614,16,132,43,33,33,3,8,5,9,6,0,0,0,0,0,0,0,52,1,2013,871,25,0,0,0,0
Licenciatura,Unión Libre,41883.0,1,0,2013-03-19,13,32,34,41,73,16,116,3,4,2,3,7,0,0,0,0,0,0,0,38,1,2013,312,12,0,1,0,0
Licenciatura,Casado,59809.0,0,2,2012-10-18,36,598,16,141,32,41,49,3,3,3,6,8,0,0,0,0,0,0,0,50,2,2012,877,15,0,1,0,0
Licenciatura,Casado,23957.0,1,0,2012-10-28,47,2,1,18,20,11,16,1,2,0,3,6,0,0,0,0,0,0,1,51,1,2012,68,6,1,1,1,0
Licenciatura,Unión Libre,38547.0,1,0,2013-08-28,49,6,1,10,0,1,4,1,1,0,2,8,0,0,0,0,0,1,0,45,1,2013,22,4,0,1,1,0
Posgrado,Casado,35688.0,2,1,2012-08-22,94,73,3,90,12,1,32,7,4,1,4,8,0,0,0,0,0,0,0,53,3,2012,211,16,0,1,1,-1
Maestría,Casado,49605.0,0,0,2014-06-21,65,42,16,29,12,20,8,1,2,1,4,3,0,0,0,0,0,0,0,60,0,2014,127,8,0,1,0,0
Maestría,Casado,59354.0,0,2,2014-04-24,59,295,21,78,39,13,13,1,4,4,7,3,0,0,0,0,0,0,0,73,2,2014,459,16,0,1,0,0
Licenciatura,Casado,65747.0,0,1,2014-03-07,96,346,17,48,23,13,13,4,8,1,6,6,0,1,0,0,0,0,0,57,1,2014,460,19,1,0,0,0
Posgrado,Unión Libre,46344.0,0,1,2012-12-14,28,233,20,57,8,20,91,4,7,1,5,7,0,0,0,0,0,0,0,54,1,2012,429,17,0,1,0,0
Licenciatura,Soltero,34176.0,1,0,2014-05-12,12,5,7,24,19,14,20,4,3,0,4,6,0,0,0,0,0,0,0,38,1,2014,89,11,0,1,1,0
Doctorado,Unión Libre,61010.0,0,1,2012-10-09,57,888,0,57,0,0,76,2,8,5,11,5,0,0,0,0,0,0,0,74,1,2012,1021,26,0,0,0,0
Licenciatura,Unión Libre,69372.0,0,0,2013-02-19,10,997,26,269,34,13,42,1,10,4,6,4,0,1,1,0,0,0,1,77,0,2013,1381,21,3,0,0,-1
Licenciatura,Soltero,49967.0,0,1,2013-07-08,4,212,6,69,4,12,3,3,6,1,5,7,0,0,0,0,0,0,0,68,1,2013,306,15,0,1,0,0
Licenciatura,Soltero,60199.0,1,2,2013-09-12,49,8,1,7,2,0,0,1,0,0,3,4,0,0,0,0,0,0,0,48,3,2013,18,4,0,1,1,-1
Licenciatura,Unión Libre,55375.0,0,1,2013-10-17,3,42,11,57,10,28,14,1,1,1,6,2,0,0,0,0,0,0,0,49,1,2013,162,9,0,1,0,0
Licenciatura,Soltero,80317.0,0,0,2013-08-20,64,536,11,387,149,91,57,1,3,4,10,1,0,0,0,0,0,0,0,71,0,2013,1231,18,0,0,0,0
Maestría,Soltero,30523.0,2,1,2013-07-01,0,5,0,3,0,0,5,1,1,0,2,7,0,0,0,0,0,0,0,68,3,2013,13,4,0,1,1,0
Doctorado,Casado,70356.0,0,0,2012-11-05,20,1349,16,249,43,16,33,2,10,6,9,6,0,0,0,0,0,0,0,81,0,2012,1706,27,0,0,0,-1
Licenciatura,Casado,23228.0,1,0,2014-01-05,91,53,3,49,7,4,5,4,3,0,4,8,0,0,0,0,0,0,0,42,1,2014,121,11,0,1,1,0
Doctorado,Divorciado,74165.0,0,0,2013-05-01,9,1001,12,240,16,12,12,1,5,4,10,2,0,0,0,0,0,0,0,51,0,2013,1293,20,0,0,0,0
Doctorado,Casado,157243.0,0,1,2014-03-01,98,20,2,1582,1,2,1,15,0,22,0,0,0,0,0,0,0,0,0,53,1,2014,1608,37,0,0,0,-1
Licenciatura,Unión Libre,43482.0,2,1,2013-11-13,83,18,1,32,6,3,28,3,2,0,4,6,0,0,0,0,0,0,0,60,3,2013,88,9,0,1,1,0
Licenciatura,Divorciado,62551.0,0,0,2013-11-18,27,125,16,98,134,21,27,1,6,7,4,3,1,0,0,0,0,0,0,73,0,2013,421,18,1,0,0,-1
Licenciatura,Divorciado,52332.0,0,0,2013-08-28,63,212,5,33,7,0,2,1,3,2,6,4,0,1,0,0,0,0,0,67,0,2013,259,12,1,1,0,-1
Licenciatura,Soltero,66951.0,0,0,2013-11-02,46,277,162,305,173,76,124,1,3,4,7,1,0,0,0,0,0,0,0,38,0,2013,1117,15,0,0,0,0
Licenciatura,Unión Libre,26091.0,1,1,2014-02-25,84,15,10,19,8,17,20,3,2,1,3,5,0,0,0,0,0,0,0,69,2,2014,89,9,0,1,1,0
Licenciatura,Unión Libre,33456.0,1,1,2014-04-21,58,7,3,10,8,1,7,2,1,0,3,7,0,0,0,0,0,0,0,61,2,2014,36,6,0,1,1,0
Licenciatura,Casado,28718.0,1,0,2013-07-13,78,12,4,6,11,8,16,2,2,0,3,8,0,0,0,0,0,0,0,44,1,2013,57,7,0,1,1,0
Licenciatura,Casado,50447.0,2,0,2014-04-21,4,85,7,24,2,3,27,1,3,1,3,6,0,0,0,0,0,0,0,56,2,2014,148,8,0,1,1,0
Doctorado,Unión Libre,53537.0,1,1,2014-01-30,17,81,0,6,0,0,6,2,2,1,3,5,0,0,0,0,0,0,0,67,2,2014,93,8,0,1,1,0
Licenciatura,Soltero,52074.0,0,1,2014-04-04,77,59,0,12,0,0,48,1,2,2,2,4,1,0,0,0,0,0,0,59,1,2014,119,7,1,1,1,0
Doctorado,Casado,80427.0,0,1,2012-09-12,56,1149,71,449,69,71,26,1,11,8,8,5,0,0,0,0,0,0,0,51,1,2012,1835,28,0,0,0,0
Doctorado,Casado,83837.0,0,0,2012-12-16,79,847,66,119,86,89,111,1,9,10,5,4,0,1,0,1,0,0,1,78,0,2012,1318,25,3,0,0,-1
Doctorado,Casado,38853.0,1,1,2014-05-23,90,29,0,14,0,0,2,2,2,0,3,7,0,0,0,0,0,0,0,56,2,2014,45,7,0,1,1,0
Licenciatura,Unión Libre,38285.0,2,1,2014-06-24,96,2,0,5,2,0,1,1,0,0,3,2,0,0,0,0,0,0,0,67,3,2014,10,4,0,1,1,0
Posgrado,Casado,78497.0,0,0,2013-12-01,44,207,26,447,75,0,223,1,5,7,12,2,0,0,0,1,0,0,0,75,0,2013,978,25,1,0,0,-1
Doctorado,Casado,51650.0,0,1,2014-05-11,81,152,3,22,2,5,7,1,4,1,4,5,0,0,0,0,0,0,0,50,1,2014,191,10,0,1,1,0
Posgrado,Casado,16248.0,1,0,2014-05-10,77,12,11,10,3,12,9,3,2,1,3,6,0,0,0,0,0,0,0,38,1,2014,57,9,0,1,1,0
Maestría,Casado,66835.0,0,0,2013-09-28,21,620,26,195,34,17,141,1,6,4,13,2,0,0,0,0,0,0,0,80,0,2013,1033,24,0,0,0,0
Maestría,Casado,30477.0,1,0,2014-01-22,16,47,1,6,0,0,12,1,1,1,3,6,0,0,0,0,0,0,0,42,1,2014,66,6,0,1,1,0
Básica,Casado,28249.0,0,0,2014-06-15,80,1,9,7,2,14,10,1,2,0,3,6,0,0,0,0,0,0,0,65,0,2014,43,6,0,1,0,0
Licenciatura,Casado,25271.0,1,0,2012-12-05,45,10,1,18,10,4,7,1,1,1,2,9,0,0,0,0,0,0,0,43,1,2012,50,5,0,1,1,0
Doctorado,Soltero,32303.0,0,1,2014-03-08,63,35,0,2,0,0,2,2,1,0,4,5,0,0,0,0,0,0,0,56,1,2014,39,7,0,1,1,0
Licenciatura,Casado,61286.0,0,1,2013-08-02,34,356,0,107,19,9,117,2,7,1,8,5,0,0,0,0,0,0,0,60,1,2013,608,18,0,0,0,0
Licenciatura,Casado,74068.0,0,0,2013-03-19,14,783,30,537,140,76,15,1,4,10,9,2,0,0,0,0,0,0,0,50,0,2013,1581,24,0,0,0,0
Doctorado,Casado,45759.0,1,1,2013-02-23,13,42,1,18,3,0,4,2,2,0,3,7,0,0,0,0,0,0,0,62,2,2013,68,7,0,1,1,0
Básica,Unión Libre,24882.0,1,0,2012-09-09,52,1,4,10,29,0,36,1,1,1,2,6,1,0,0,0,0,0,0,48,1,2012,80,5,1,1,1,0
Doctorado,Unión Libre,66973.0,0,0,2013-05-17,98,466,22,432,147,113,102,1,8,7,12,3,0,0,0,0,0,0,0,37,0,2013,1282,28,0,0,0,0
Licenciatura,Casado,38872.0,1,0,2013-05-30,93,23,3,21,3,19,22,2,3,0,3,8,0,0,0,0,0,0,0,38,1,2013,91,8,0,1,1,0
Licenciatura,Casado,51148.0,1,1,2013-02-18,38,235,6,45,8,9,12,4,5,1,6,6,0,0,0,0,0,0,0,53,2,2013,315,16,0,1,0,0
Licenciatura,Casado,31353.0,1,1,2013-12-29,24,10,0,10,3,1,7,2,1,1,2,8,0,0,0,0,0,0,0,49,2,2013,31,6,0,1,1,0
Maestría,Casado,69661.0,0,0,2014-05-13,80,656,16,106,32,16,8,1,7,3,12,3,0,0,0,0,0,0,0,46,0,2014,834,23,0,0,0,0
Licenciatura,Casado,80067.0,0,0,2013-09-19,82,519,17,813,27,173,51,1,4,6,6,2,0,0,1,0,0,0,0,72,0,2013,1600,17,1,0,0,0
Licenciatura,Casado,86718.0,0,0,2013-01-17,20,344,189,482,50,33,172,1,5,6,5,2,0,0,0,0,0,0,0,72,0,2013,1270,17,0,0,0,0
Doctorado,Soltero,46854.0,1,1,2014-03-31,81,96,1,79,7,1,79,6,5,1,3,8,1,0,0,0,0,0,1,53,2,2014,263,15,2,1,0,0
Licenciatura,Divorciado,69142.0,0,1,2014-06-29,50,448,4,34,6,4,39,3,8,1,7,5,0,1,0,0,0,0,0,74,1,2014,535,19,1,0,0,0
Licenciatura,Soltero,75922.0,0,0,2013-12-09,60,265,138,553,224,23,92,1,4,4,9,1,0,0,0,0,0,0,0,58,0,2013,1295,18,0,0,0,0
Licenciatura,Divorciado,63693.0,0,1,2013-10-14,63,587,43,337,42,87,54,3,11,6,9,6,0,0,0,0,0,0,0,48,1,2013,1150,29,0,0,0,0
Doctorado,Unión Libre,102160.0,0,0,2012-11-02,54,763,29,138,76,176,58,0,7,9,10,4,0,1,1,1,0,0,1,49,0,2012,1240,26,4,0,0,-1
Doctorado,Soltero,40637.0,1,1,2013-07-17,72,22,0,13,0,0,3,2,1,0,3,7,0,0,0,0,0,0,0,61,2,2013,38,6,0,1,1,0
Maestría,Soltero,18890.0,0,0,2012-11-10,5,6,4,1,7,2,15,1,0,1,2,6,1,0,0,0,0,0,1,42,0,2012,35,4,2,1,1,-1
Licenciatura,Unión Libre,29604.0,1,0,2013-12-08,88,7,6,13,7,6,14,1,1,0,3,9,1,0,0,0,0,0,0,38,1,2013,53,5,1,1,1,0
Maestría,Divorciado,48721.0,1,1,2013-05-13,50,81,18,113,47,13,21,6,4,2,5,6,0,0,0,0,0,0,0,63,2,2013,293,17,0,1,0,0
Licenciatura,Casado,44794.0,0,1,2014-06-08,99,54,0,7,0,0,4,1,2,0,3,6,0,0,0,0,0,0,0,60,1,2014,65,6,0,1,1,0
Licenciatura,Divorciado,64497.0,0,1,2012-09-10,17,1170,48,320,42,32,192,5,11,4,9,8,1,0,0,0,0,0,1,72,1,2012,1804,29,2,0,0,-1
Licenciatura,Unión Libre,46097.0,0,1,2013-03-31,11,72,24,68,65,4,8,5,3,1,6,4,0,0,0,0,0,0,0,70,1,2013,241,15,0,1,0,0
Licenciatura,Unión Libre,77972.0,0,0,2014-03-18,18,613,22,319,33,102,12,1,4,6,9,1,0,0,0,0,0,0,0,72,0,2014,1101,20,0,0,0,0
Doctorado,Casado,44377.0,1,1,2012-10-05,70,224,0,30,0,0,10,8,5,1,5,8,0,0,0,0,0,0,0,58,2,2012,264,19,0,1,0,0
Maestría,Unión Libre,46014.0,1,1,2013-01-21,21,410,0,59,19,9,44,10,7,1,8,7,0,0,0,0,0,0,0,52,2,2013,541,26,0,1,0,0
Licenciatura,Casado,70951.0,0,0,2013-05-04,66,239,10,554,254,87,54,1,3,4,9,1,0,0,0,0,0,0,0,41,0,2013,1198,17,0,0,0,0
Licenciatura,Casado,41443.0,1,0,2014-04-01,79,171,7,171,25,19,89,6,8,1,5,8,0,0,0,0,0,0,0,49,1,2014,482,20,0,1,0,0
Posgrado,Soltero,52195.0,2,1,2014-05-12,2,12,0,4,0,0,1,1,1,0,2,8,0,0,0,0,0,0,0,48,3,2014,17,4,0,1,1,0
Maestría,Casado,83790.0,0,0,2013-11-15,81,1076,16,417,42,48,16,1,8,10,6,3,0,1,1,0,0,0,0,78,0,2013,1615,25,2,0,0,-1
Maestría,Viudo,44551.0,0,1,2013-08-31,24,182,4,33,0,0,66,2,4,1,5,7,0,0,0,0,0,0,0,72,1,2013,285,12,0,1,0,0
Licenciatura,Unión Libre,69508.0,1,0,2012-11-14,48,824,32,162,42,32,43,2,11,4,11,6,0,0,0,0,0,0,0,46,1,2012,1135,28,0,0,0,0
Posgrado,Unión Libre,45204.0,1,0,2014-04-11,93,30,11,25,29,1,18,1,1,1,4,3,0,0,0,0,0,0,0,38,1,2014,114,7,0,1,1,0
Licenciatura,Casado,72460.0,0,0,2013-11-14,56,377,10,540,80,30,10,1,3,5,7,1,0,0,0,0,0,0,0,57,0,2013,1047,16,0,0,0,0
Doctorado,Unión Libre,77622.0,0,2,2014-04-14,3,520,7,154,19,0,14,2,6,3,11,3,0,0,0,0,0,0,0,56,2,2014,714,22,0,0,0,0
Doctorado,Casado,30732.0,1,0,2013-01-05,44,155,1,25,0,1,3,4,4,1,4,8,0,0,0,0,0,0,0,46,1,2013,185,13,0,1,1,0
Licenciatura,Divorciado,63887.0,0,1,2012-09-08,38,897,23,207,15,11,92,5,9,6,12,6,0,0,0,0,0,0,0,64,1,2012,1245,32,0,0,0,0
Licenciatura,Unión Libre,42011.0,1,0,2013-03-26,46,131,0,16,2,1,39,4,3,1,4,8,0,0,0,0,0,0,0,48,1,2013,189,12,0,1,0,0
Licenciatura,Unión Libre,51369.0,0,1,2012-10-25,84,297,7,79,0,11,182,2,8,2,4,8,0,0,0,0,0,0,0,50,1,2012,576,16,0,1,0,0
Licenciatura,Divorciado,51537.0,0,1,2012-12-09,27,787,20,204,0,0,92,3,2,2,11,8,0,0,0,0,0,0,0,74,1,2012,1103,18,0,0,0,0
Doctorado,Casado,79930.0,0,0,2012-08-08,72,792,86,740,67,51,17,1,3,5,8,2,0,0,0,0,0,0,0,54,0,2012,1753,17,0,0,0,0
Doctorado,Unión Libre,34320.0,1,0,2014-02-16,66,4,1,9,3,0,0,1,1,0,2,8,0,0,0,0,0,0,0,40,1,2014,17,4,0,1,1,0
Licenciatura,Soltero,37070.0,1,1,2013-03-20,30,231,7,137,4,15,39,9,5,1,8,7,0,0,0,0,0,0,1,60,2,2013,433,23,1,1,0,0
Posgrado,Divorciado,81975.0,0,1,2013-01-05,2,983,76,184,180,138,27,1,6,3,4,7,0,0,1,0,0,0,0,64,1,2013,1588,14,1,0,0,-1
Licenciatura,Unión Libre,38590.0,1,0,2013-05-15,65,3,1,8,4,3,3,1,1,0,2,8,0,0,0,0,0,0,0,55,1,2013,22,4,0,1,1,0
Licenciatura,Soltero,15033.0,0,0,2014-04-16,37,0,4,5,6,0,4,1,1,0,3,3,0,0,0,0,0,0,0,75,0,2014,19,5,0,1,0,0
Doctorado,Casado,62745.0,0,1,2013-03-23,89,562,21,464,28,10,32,3,7,8,11,5,0,0,0,0,0,0,0,61,1,2013,1117,29,0,0,0,0
Posgrado,Casado,22212.0,1,0,2013-12-09,49,5,9,20,6,8,21,2,2,0,4,6,0,0,0,0,0,0,0,51,1,2013,69,8,0,1,1,0
Maestría,Unión Libre,23661.0,1,0,2013-12-04,46,18,0,4,0,0,1,1,1,0,3,7,0,0,0,0,0,0,0,44,1,2013,23,5,0,1,1,0
Doctorado,Soltero,79761.0,0,1,2013-10-04,32,415,5,124,15,35,11,1,5,2,11,3,0,0,0,0,0,0,0,68,1,2013,605,19,0,0,0,0
Licenciatura,Soltero,7500.0,1,0,2013-12-26,54,5,3,10,12,7,20,4,3,1,3,7,0,0,0,0,0,0,0,53,1,2013,57,11,0,1,1,0
Licenciatura,Viudo,73455.0,0,0,2013-10-28,98,901,61,757,186,163,20,1,6,5,10,3,0,1,0,0,0,0,0,58,0,2013,2088,22,1,0,0,0
Licenciatura,Unión Libre,64961.0,0,1,2012-12-23,97,382,114,276,75,124,38,2,6,4,4,3,0,0,0,0,0,0,0,68,1,2012,1009,16,0,0,0,0
Licenciatura,Soltero,22804.0,1,0,2013-07-31,75,14,1,7,2,1,1,1,2,0,2,9,0,0,0,0,0,0,0,55,1,2013,26,5,0,1,1,0
Licenciatura,Casado,73687.0,0,0,2013-11-28,8,559,153,503,218,13,181,1,3,9,9,2,0,0,0,1,0,0,1,36,0,2013,1627,22,2,0,0,0
Licenciatura,Casado,61074.0,0,1,2012-08-17,37,789,0,133,0,28,152,7,11,5,8,7,0,0,0,0,0,0,0,68,1,2012,1102,31,0,0,0,0
Doctorado,Casado,31686.0,1,1,2014-06-05,31,11,0,5,0,0,1,2,1,0,3,6,0,0,0,0,0,0,0,62,2,2014,17,6,0,1,1,0
Licenciatura,Casado,80134.0,1,0,2013-05-20,40,1218,16,272,104,0,80,2,5,3,6,6,0,1,1,1,0,0,1,54,1,2013,1690,16,4,0,0,-1
Licenciatura,Casado,75027.0,0,1,2013-01-09,74,925,64,179,133,12,77,2,9,4,6,5,0,0,0,0,0,0,0,73,1,2013,1390,21,0,0,0,0
Doctorado,Casado,67546.0,0,0,2012-08-31,90,864,134,768,150,38,172,1,4,10,5,3,0,0,0,0,0,0,0,38,0,2012,2126,20,0,0,0,0
Maestría,Unión Libre,65176.0,0,1,2012-10-29,57,960,28,183,220,70,70,4,9,6,6,6,0,0,0,0,0,0,0,57,1,2012,1531,25,0,0,0,0
Maestría,Soltero,31160.0,1,0,2013-09-16,59,16,3,25,6,1,13,2,2,0,3,8,0,0,0,0,0,0,0,51,1,2013,64,7,0,1,0,0
Licenciatura,Soltero,29938.0,1,0,2013-10-27,52,3,3,7,0,2,11,2,1,0,3,6,0,0,0,0,0,0,0,41,1,2013,26,6,0,1,1,0
Licenciatura,Divorciado,102692.0,0,0,2013-04-05,5,168,148,444,32,172,148,1,6,9,13,2,0,1,1,1,1,0,1,52,0,2013,1112,29,5,0,0,-1
Posgrado,Unión Libre,26490.0,0,0,2012-09-22,92,45,47,52,21,20,25,2,3,1,5,6,0,0,0,0,0,0,0,68,0,2012,210,11,0,1,0,0
Licenciatura,Unión Libre,75702.0,1,1,2012-08-29,77,650,28,353,45,42,30,5,4,6,11,8,0,0,0,0,0,0,0,59,2,2012,1148,26,0,0,0,0
Doctorado,Soltero,30899.0,1,0,2012-10-13,35,24,0,8,0,0,1,2,1,0,3,6,0,0,0,0,0,0,0,52,1,2012,33,6,0,1,1,0
Doctorado,Unión Libre,63342.0,0,1,2012-10-16,48,918,21,118,13,10,21,3,8,3,5,6,0,1,0,0,0,0,0,65,1,2012,1101,19,1,0,0,0
Licenciatura,Soltero,45989.0,0,1,2012-10-22,97,138,33,87,28,24,12,4,3,2,7,3,0,0,0,0,0,0,0,62,1,2012,322,16,0,1,0,0
Licenciatura,Soltero,18701.0,1,1,2013-06-04,95,12,4,2,10,6,10,4,2,0,4,5,0,0,0,0,0,0,0,62,2,2013,44,10,0,1,1,0
Doctorado,Soltero,40737.0,2,1,2013-12-08,24,11,0,4,0,0,2,1,1,0,2,8,0,0,0,0,0,0,0,69,3,2013,17,4,0,1,1,0
Licenciatura,Divorciado,15287.0,1,0,2012-10-10,60,1,2,8,4,3,13,2,1,1,2,7,1,0,0,0,0,0,1,47,1,2012,31,6,2,1,1,-1
Doctorado,Divorciado,69674.0,0,2,2013-05-22,46,554,41,215,11,0,24,3,10,2,10,5,0,0,0,0,0,0,0,58,2,2013,845,25,0,0,0,0
Maestría,Casado,44159.0,1,0,2014-06-17,85,167,2,62,24,13,7,4,4,1,6,5,0,0,0,0,0,0,0,56,1,2014,275,15,0,1,0,0
Doctorado,Casado,37717.0,1,0,2012-11-23,31,9,0,6,4,1,5,1,1,0,2,9,0,0,0,0,0,0,0,48,1,2012,25,4,0,1,1,0
Maestría,Unión Libre,43776.0,1,1,2013-02-03,9,177,2,71,3,2,20,6,5,2,4,8,0,0,0,0,0,0,1,74,2,2013,275,17,1,1,1,0
Maestría,Casado,38179.0,1,1,2013-03-14,30,38,4,22,4,2,20,4,3,1,3,7,0,0,0,0,0,0,0,60,2,2013,90,11,0,1,1,0
Licenciatura,Casado,80124.0,0,0,2014-06-26,47,483,84,398,205,84,241,1,3,7,8,1,1,0,0,0,0,0,0,63,0,2014,1495,19,1,0,0,0
Doctorado,Casado,38097.0,1,1,2012-10-15,70,77,2,35,0,1,69,4,3,2,2,7,1,0,0,0,0,0,1,56,2,2012,184,11,2,1,0,-1
Licenciatura,Casado,72940.0,0,0,2013-06-19,13,182,74,298,162,149,116,1,3,3,6,1,0,0,0,0,0,0,0,56,0,2013,981,13,0,0,0,0
Licenciatura,Unión Libre,22070.0,1,0,2013-10-04,11,10,7,19,8,2,21,2,2,2,2,6,0,0,0,0,0,0,0,56,1,2013,67,8,0,1,1,0
Licenciatura,Soltero,69267.0,0,0,2012-09-22,31,778,44,499,95,73,146,2,3,4,5,7,0,0,0,0,0,0,1,73,0,2012,1635,14,1,0,0,0
Maestría,Soltero,31788.0,1,0,2014-03-20,15,16,7,23,0,8,6,3,3,0,4,5,0,0,0,0,0,1,0,43,1,2014,60,10,0,1,0,0
Doctorado,Unión Libre,61905.0,0,1,2014-02-04,2,167,0,43,6,2,13,2,4,2,4,5,0,0,0,0,0,0,0,51,1,2014,231,12,0,1,0,0
Licenciatura,Casado,29315.0,1,1,2014-04-06,55,13,2,14,8,7,4,4,2,0,4,6,0,0,0,0,0,0,0,66,2,2014,48,10,0,1,1,0
Licenciatura,Divorciado,33378.0,1,1,2013-02-06,38,33,6,40,3,7,10,3,2,0,4,7,0,0,0,0,0,0,0,63,2,2013,99,9,0,1,1,0
Doctorado,Unión Libre,66313.0,0,1,2013-09-16,86,625,7,99,10,22,7,2,6,3,12,4,0,0,0,0,0,0,0,63,1,2013,770,23,0,0,0,0
Licenciatura,Soltero,60714.0,0,0,2013-01-17,56,216,162,224,101,92,162,2,7,4,10,5,0,0,0,0,0,0,1,70,0,2013,957,23,1,0,0,0
Maestría,Unión Libre,77882.0,0,0,2014-04-30,29,68,129,396,188,22,15,1,3,3,5,1,0,0,0,0,0,0,0,45,0,2014,818,12,0,0,0,-1
Doctorado,Soltero,69867.0,0,0,2013-04-02,30,196,0,512,33,130,54,1,3,5,8,1,0,0,0,1,0,0,1,40,0,2013,925,17,2,0,0,-1
Maestría,Divorciado,63841.0,0,1,2013-04-21,64,635,15,100,20,7,131,1,9,3,9,6,0,0,0,0,0,0,0,58,1,2013,908,22,0,0,0,0
Básica,Casado,24480.0,1,0,2013-02-11,46,4,19,9,28,25,17,3,3,0,4,7,0,0,0,0,0,0,0,45,1,2013,102,10,0,1,1,0
Licenciatura,Unión Libre,51369.0,0,1,2012-10-25,84,297,7,79,0,11,182,2,8,2,4,8,0,0,0,0,0,0,0,50,1,2012,576,16,0,1,0,0
Licenciatura,Unión Libre,37760.0,0,0,2012-08-31,20,84,5,38,150,12,28,2,4,1,6,7,0,0,0,0,0,0,0,80,0,2012,317,13,0,1,0,0
Doctorado,Unión Libre,65640.0,0,1,2014-03-01,74,204,7,149,20,15,66,1,5,1,8,2,0,0,0,0,0,0,0,52,1,2014,461,15,0,1,0,0
Maestría,Casado,44319.0,1,1,2014-04-17,18,26,0,8,0,0,3,2,2,0,3,5,0,0,0,0,0,0,0,51,2,2014,37,7,0,1,1,0
Licenciatura,Casado,30631.0,1,0,2013-07-12,75,15,6,20,4,5,20,1,3,1,2,7,0,0,0,0,0,0,0,52,1,2013,70,7,0,1,1,0
Licenciatura,Unión Libre,75278.0,0,0,2013-01-29,17,304,98,230,150,74,74,1,6,3,13,3,0,0,0,0,0,0,0,74,0,2013,930,23,0,0,0,0
Maestría,Unión Libre,50898.0,1,1,2013-01-08,88,285,28,242,55,114,135,13,6,2,12,5,0,0,0,0,0,0,0,70,2,2013,859,33,0,0,0,-1
Licenciatura,Viudo,79946.0,0,0,2014-05-12,19,395,183,565,166,141,28,1,5,11,5,3,0,0,0,0,0,0,0,60,0,2014,1478,22,0,0,0,0
Maestría,Divorciado,35416.0,0,0,2013-06-13,62,248,3,81,4,3,51,3,7,1,5,8,0,0,0,0,0,0,0,77,0,2013,390,16,0,1,0,-1
Posgrado,Unión Libre,32414.0,0,0,2013-07-04,11,20,6,5,0,9,12,1,1,0,3,7,1,0,0,0,0,0,0,42,0,2013,52,5,1,1,1,0
Licenciatura,Unión Libre,38361.0,1,0,2013-12-27,74,39,0,56,20,8,14,3,3,1,3,7,0,0,0,0,0,0,0,57,1,2013,137,10,0,1,1,0
Licenciatura,Casado,82497.0,0,0,2012-10-31,32,777,129,573,216,21,203,1,2,7,9,4,0,0,1,0,0,0,0,46,0,2012,1919,19,1,0,0,0
Licenciatura,Unión Libre,16626.0,2,0,2014-01-15,76,8,3,22,21,1,13,3,3,0,3,9,0,0,0,0,0,0,0,55,2,2014,68,9,0,1,1,0
Licenciatura,Unión Libre,29672.0,1,1,2013-03-12,6,9,1,3,0,4,8,1,0,0,3,6,0,0,0,0,0,0,0,61,2,2013,25,4,0,1,1,0
Maestría,Unión Libre,55951.0,0,1,2012-08-23,62,1241,0,80,0,13,40,3,3,6,11,8,0,1,0,0,1,0,0,74,1,2012,1374,23,2,0,0,-1
Posgrado,Divorciado,35388.0,1,0,2013-03-07,20,6,4,7,4,3,8,1,1,0,3,7,0,0,0,0,0,0,0,38,1,2013,32,5,0,1,1,0
Maestría,Unión Libre,42386.0,1,0,2013-01-13,43,65,4,16,0,4,11,1,3,0,3,8,0,0,0,0,0,0,0,40,1,2013,100,7,0,1,1,0
Licenciatura,Soltero,68627.0,0,0,2013-01-12,45,395,15,263,60,54,38,1,2,3,6,1,0,0,0,0,0,0,0,44,0,2013,825,12,0,0,0,0
Doctorado,Divorciado,57912.0,0,1,2014-03-17,34,801,0,80,0,0,35,5,8,3,12,5,0,1,0,0,0,0,0,61,1,2014,916,28,1,0,0,0
Licenciatura,Divorciado,35246.0,1,1,2014-04-16,53,36,0,12,2,2,10,4,3,1,3,5,0,0,0,0,0,0,0,68,2,2014,62,11,0,1,1,0
Posgrado,Unión Libre,58821.0,0,1,2013-10-12,44,513,14,154,19,0,28,1,9,2,9,6,0,0,0,0,0,0,0,70,1,2013,728,21,0,0,0,0
Doctorado,Casado,46377.0,1,0,2014-03-01,89,37,0,46,4,3,0,1,2,1,3,4,0,0,0,0,0,0,0,48,1,2014,90,7,0,1,1,0
Licenciatura,Soltero,39747.0,1,0,2014-04-13,43,80,15,93,20,13,52,3,5,1,4,8,0,0,0,0,0,0,0,38,1,2014,273,13,0,1,1,0
Licenciatura,Unión Libre,23976.0,1,0,2013-12-27,68,14,1,21,2,3,25,3,3,1,3,7,0,0,0,0,0,0,0,42,1,2013,66,10,0,1,1,0
Maestría,Casado,80950.0,0,0,2013-03-28,44,525,147,112,219,147,63,1,6,7,9,2,0,0,0,1,0,0,0,65,0,2013,1213,23,1,0,0,0
Licenciatura,Viudo,27038.0,0,0,2012-09-18,64,1,26,25,17,23,15,1,3,0,3,9,0,0,0,0,0,0,1,60,0,2012,107,7,1,1,1,-1
Licenciatura,Soltero,77457.0,0,0,2014-03-05,85,675,11,400,15,45,11,1,2,5,10,1,0,0,1,0,0,0,0,79,0,2014,1157,18,1,0,0,0
Maestría,Casado,64100.0,0,1,2013-09-10,93,509,0,27,0,0,10,1,8,3,6,7,0,1,0,0,0,0,0,62,1,2013,546,18,1,0,0,0
Maestría,Unión Libre,42670.0,0,0,2013-04-27,12,154,2,46,20,4,15,1,4,2,4,4,0,0,0,0,0,0,0,34,0,2013,241,11,0,1,1,-1
Licenciatura,Divorciado,12571.0,1,0,2014-01-18,86,3,5,14,2,12,17,4,3,1,3,6,0,0,0,0,0,0,0,50,1,2014,53,11,0,1,1,0
Licenciatura,Casado,22574.0,2,1,2013-10-28,28,25,0,8,2,0,2,2,2,0,3,7,0,0,0,0,0,0,0,59,3,2013,37,7,0,1,1,0
Licenciatura,Casado,,0,0,2013-06-03,69,861,138,461,60,30,61,1,6,5,12,3,0,1,0,1,0,0,0,37,0,2013,1611,24,2,0,0,0
Maestría,Soltero,70893.0,0,0,2013-02-06,42,768,44,561,77,44,14,1,6,6,10,3,0,0,0,0,0,0,0,50,0,2013,1508,23,0,0,0,1
Licenciatura,Casado,54198.0,1,1,2013-12-17,13,185,0,28,3,2,17,6,3,1,6,4,0,0,0,0,0,0,0,60,2,2013,235,16,0,1,0,0
Maestría,Unión Libre,28839.0,1,1,2014-03-11,86,24,0,7,0,0,1,2,2,0,3,5,0,0,0,0,0,0,0,70,2,2014,32,7,0,1,1,0
Licenciatura,Casado,40321.0,1,1,2013-07-29,59,44,4,21,6,0,27,2,3,0,3,7,0,0,0,0,0,0,0,54,2,2013,102,8,0,1,1,0
Licenciatura,Soltero,66503.0,1,0,2012-08-14,30,91,64,128,65,3,50,2,4,3,6,3,0,0,0,0,0,0,0,41,1,2012,401,15,0,1,0,0
Licenciatura,Casado,30833.0,1,1,2013-07-16,33,11,0,7,3,1,6,2,1,0,3,5,0,0,0,0,0,0,0,75,2,2013,28,6,0,1,1,0
Licenciatura,Soltero,,1,2,2013-08-23,67,738,20,172,52,50,20,6,2,3,10,7,0,1,0,1,0,0,0,56,3,2013,1052,21,2,0,0,-1
Licenciatura,Casado,64795.0,0,1,2013-01-17,23,412,5,119,38,29,77,3,3,3,12,2,0,0,0,0,0,0,0,55,1,2013,680,21,0,0,0,0
Licenciatura,Casado,34421.0,1,0,2013-07-01,81,3,3,7,6,2,9,1,1,0,2,7,0,0,0,0,0,0,0,52,1,2013,30,4,0,1,1,0
Doctorado,Divorciado,47025.0,1,1,2014-02-09,6,16,0,3,0,0,1,1,1,0,2,7,0,0,0,0,0,0,0,61,2,2014,20,4,0,1,1,0
Doctorado,Divorciado,64325.0,0,1,2013-02-07,41,731,60,353,78,12,73,5,10,3,5,7,0,0,0,0,0,0,0,65,1,2013,1307,23,0,0,0,0
Licenciatura,Soltero,40464.0,0,1,2013-01-11,78,424,17,118,7,23,41,6,8,2,8,8,0,0,0,0,0,0,0,73,1,2013,630,24,0,0,0,0
Licenciatura,Casado,62187.0,0,0,2013-07-05,49,792,0,275,45,45,126,1,4,8,5,3,0,0,0,0,0,0,0,69,0,2013,1283,18,0,0,0,0
Doctorado,Divorciado,14849.0,1,0,2013-07-02,39,21,2,28,3,2,9,3,2,0,4,8,0,0,0,0,0,0,0,50,1,2013,65,9,0,1,1,0
Licenciatura,Casado,27255.0,1,0,2013-11-07,3,22,1,11,0,1,2,1,1,0,3,7,0,0,0,0,0,0,0,42,1,2013,37,5,0,1,1,0
Doctorado,Casado,54432.0,2,1,2013-05-09,37,33,0,5,0,0,0,1,1,0,3,4,0,0,0,0,0,0,0,76,3,2013,38,5,0,1,1,0
Doctorado,Soltero,29999.0,1,0,2013-02-13,22,68,7,59,10,5,11,4,3,1,4,8,0,0,0,0,0,0,0,40,1,2013,160,12,0,1,1,0
Licenciatura,Soltero,24072.0,1,0,2013-04-16,79,9,1,6,3,0,4,1,1,0,2,8,0,0,0,0,0,0,0,43,1,2013,23,4,0,1,1,0
Doctorado,Soltero,33996.0,0,0,2013-09-11,46,40,2,15,8,0,6,1,1,1,3,4,0,0,0,0,0,0,0,37,0,2013,71,6,0,1,1,0
Doctorado,Casado,66334.0,0,1,2013-04-03,82,909,11,218,0,0,23,2,9,3,5,5,0,0,0,0,0,0,1,70,1,2013,1161,19,1,0,0,0
Maestría,Casado,35178.0,1,0,2013-01-10,10,23,1,13,2,2,18,1,1,1,2,7,1,0,0,0,0,0,1,55,1,2013,59,5,2,1,1,0
Licenciatura,Unión Libre,22010.0,1,0,2013-06-30,51,11,2,9,3,0,8,2,2,0,3,8,0,0,0,0,0,0,0,43,1,2013,33,7,0,1,1,0
Licenciatura,Divorciado,62204.0,0,2,2012-09-12,38,317,46,247,151,46,139,1,4,5,12,3,0,0,0,0,0,0,0,66,2,2012,946,22,0,0,0,0
Licenciatura,Divorciado,75693.0,0,0,2012-12-06,10,797,153,293,72,97,30,1,11,4,6,4,0,1,1,1,0,0,1,58,0,2012,1442,22,4,0,0,-1
Licenciatura,Casado,30675.0,1,0,2012-11-12,14,10,2,16,11,2,21,1,1,0,3,8,0,0,0,0,0,0,0,54,1,2012,62,5,0,1,1,0
Licenciatura,Unión Libre,83003.0,0,0,2013-03-03,18,856,61,570,40,25,122,1,7,6,8,3,0,0,1,0,0,0,1,61,0,2013,1674,22,2,0,0,0
Licenciatura,Soltero,68655.0,0,0,2012-08-10,95,456,19,832,75,118,38,1,4,5,11,3,0,0,0,0,0,0,0,38,0,2012,1538,21,0,0,0,0
Licenciatura,Divorciado,41411.0,0,0,2013-12-07,11,37,32,38,11,3,18,1,2,1,4,6,0,0,0,0,0,0,0,40,0,2013,139,8,0,1,1,-1
Doctorado,Casado,55212.0,0,1,2012-11-23,65,1103,0,45,0,0,34,3,4,2,11,8,0,1,0,0,1,0,0,57,1,2012,1182,20,2,0,0,0
Doctorado,Unión Libre,59292.0,0,1,2013-06-13,71,378,14,68,19,14,14,2,3,5,8,3,0,0,0,0,0,0,0,76,1,2013,507,18,0,0,0,0
Básica,Unión Libre,27190.0,1,0,2013-08-15,13,1,6,7,0,1,3,1,1,0,2,8,1,0,0,0,0,0,1,53,1,2013,18,4,2,1,1,-1
Licenciatura,Divorciado,82623.0,0,0,2013-11-10,58,204,34,204,172,153,173,1,2,9,4,1,0,0,0,0,0,0,0,74,0,2013,940,16,0,0,0,0
Licenciatura,Casado,44300.0,1,1,2013-06-23,65,30,0,9,0,0,3,2,1,0,3,6,0,0,0,0,0,0,0,61,2,2013,42,6,0,1,1,0
Licenciatura,Divorciado,84835.0,0,0,2014-06-16,0,189,104,379,111,189,218,1,4,4,6,1,0,0,0,0,0,0,1,56,0,2014,1190,15,1,0,0,-1
Licenciatura,Viudo,30372.0,1,1,2012-12-25,33,15,0,12,7,3,7,3,2,0,3,7,0,0,0,0,0,0,0,55,2,2012,44,8,0,1,1,0
Maestría,Casado,33181.0,1,0,2014-01-03,90,9,0,3,0,0,4,1,1,0,2,6,1,0,0,0,0,0,0,50,1,2014,16,4,1,1,1,0
Licenciatura,Casado,71113.0,0,1,2013-12-17,95,495,33,255,11,33,8,4,6,7,9,4,0,0,0,0,0,0,0,69,1,2013,835,26,0,0,0,0
Licenciatura,Casado,71952.0,1,0,2013-01-10,93,656,80,455,52,107,93,2,8,4,8,4,1,0,1,0,0,0,0,40,1,2013,1443,22,2,0,0,0
Doctorado,Soltero,69759.0,0,0,2013-10-28,38,452,20,514,13,30,0,3,4,6,5,3,0,0,0,0,0,0,1,60,0,2013,1029,18,1,0,0,0
Licenciatura,Casado,72099.0,0,0,2012-10-27,18,546,91,410,119,0,22,1,3,4,10,1,0,0,0,0,0,0,0,52,0,2012,1188,18,0,0,0,0
Doctorado,Soltero,60000.0,0,1,2012-12-22,57,1048,0,217,0,0,12,5,11,3,5,6,0,0,0,0,0,0,0,50,1,2012,1277,24,0,0,0,0
Licenciatura,Soltero,38643.0,1,1,2013-11-29,45,22,2,14,0,1,10,2,2,0,3,7,0,0,0,0,0,1,0,48,2,2013,49,7,0,1,1,0
Licenciatura,Casado,50737.0,0,1,2013-05-11,61,78,0,11,0,0,10,1,2,0,4,6,0,1,0,0,0,0,0,71,1,2013,99,7,1,1,0,0
Doctorado,Casado,68462.0,0,0,2012-12-12,6,561,64,785,84,128,48,1,3,3,8,1,0,0,0,0,0,0,0,57,0,2012,1670,15,0,0,0,0
Maestría,Casado,65073.0,0,0,2013-08-20,65,629,17,177,69,0,8,1,5,3,5,2,0,0,0,0,0,1,0,83,0,2013,900,14,0,0,0,0
Doctorado,Unión Libre,46681.0,0,2,2013-10-08,52,269,15,69,15,19,38,2,4,6,4,5,0,0,0,0,0,0,0,78,2,2013,425,16,0,1,0,0
Licenciatura,Casado,78618.0,0,0,2012-09-28,87,736,163,818,212,163,61,1,4,7,10,2,0,1,0,0,0,0,0,69,0,2012,2153,22,1,0,0,0
Doctorado,Viudo,62187.0,0,1,2014-03-22,38,512,0,83,0,0,41,3,6,2,10,4,0,0,0,0,0,0,0,57,1,2014,636,21,0,0,0,0
Licenciatura,Casado,28442.0,2,0,2014-02-24,53,19,3,10,11,8,6,3,2,1,4,4,0,0,0,0,0,0,0,48,2,2014,57,10,0,1,1,0
Doctorado,Casado,37717.0,1,0,2012-11-23,31,9,0,6,4,1,5,1,1,0,2,9,0,0,0,0,0,0,0,48,1,2012,25,4,0,1,1,0
Licenciatura,Casado,51479.0,1,1,2012-12-28,67,247,8,160,6,8,65,7,6,3,6,7,0,0,0,0,0,0,0,59,2,2012,494,22,0,1,0,0
Licenciatura,Soltero,54803.0,0,1,2012-08-21,65,404,0,92,28,27,142,2,6,2,9,4,0,0,0,0,0,0,0,57,1,2012,693,19,0,0,0,0
Licenciatura,Casado,79530.0,0,0,2013-05-17,64,333,0,815,129,42,29,1,4,10,11,2,0,0,0,0,0,0,0,66,0,2013,1348,26,0,0,0,0
Licenciatura,Divorciado,31615.0,1,0,2013-03-16,82,2,3,20,6,11,9,2,2,0,3,7,0,0,0,0,0,0,0,50,1,2013,51,7,0,1,1,0
Licenciatura,Unión Libre,72025.0,0,0,2012-11-17,27,833,33,549,151,133,233,1,4,3,8,3,0,0,0,0,0,0,0,64,0,2012,1932,16,0,0,0,0
Doctorado,Soltero,52614.0,0,1,2012-12-01,63,789,0,142,12,9,38,2,2,4,8,8,0,0,0,0,0,0,0,51,1,2012,990,16,0,0,0,0
Posgrado,Casado,35684.0,1,0,2014-04-22,66,10,4,7,0,6,3,1,1,0,3,6,0,0,0,0,0,0,0,42,1,2014,30,5,0,1,1,0
Licenciatura,Casado,48178.0,1,1,2012-10-28,69,159,4,45,6,2,38,6,5,1,4,8,0,0,0,0,0,0,0,51,2,2012,254,16,0,1,0,0
Maestría,Soltero,29548.0,1,0,2013-08-29,52,7,1,6,3,1,11,1,1,1,2,4,1,0,0,0,0,0,0,56,1,2013,29,5,1,1,0,0
Licenciatura,Soltero,63810.0,0,1,2012-11-11,45,977,12,253,16,12,101,4,4,3,12,8,0,1,0,0,0,0,0,60,1,2012,1371,23,1,0,0,0
Doctorado,Soltero,38578.0,1,1,2013-06-22,2,38,4,22,3,3,3,3,3,0,3,8,0,0,0,0,0,0,1,54,2,2013,73,9,1,1,0,0
Maestría,Soltero,46098.0,1,1,2012-08-18,86,57,0,27,0,0,36,4,3,2,2,8,0,0,0,0,0,0,0,51,2,2012,120,11,0,1,1,0
Licenciatura,Soltero,22585.0,0,0,2013-03-18,23,3,9,15,13,2,39,1,1,1,2,9,1,0,0,0,0,0,1,56,0,2013,81,5,2,1,1,0
Licenciatura,Soltero,30279.0,1,0,2012-12-30,13,10,4,14,4,4,1,1,1,0,3,8,0,0,0,0,0,0,0,37,1,2012,37,5,0,1,1,0
Doctorado,Unión Libre,66426.0,0,1,2013-10-02,14,1043,24,97,32,24,157,2,3,5,10,6,0,0,0,0,0,0,0,65,1,2013,1377,20,0,0,0,0
Licenciatura,Soltero,30822.0,1,0,2013-06-14,92,3,9,13,2,12,12,1,1,0,3,7,0,0,0,0,0,0,0,57,1,2013,51,5,0,1,1,0
Doctorado,Casado,33581.0,2,0,2013-01-08,38,11,0,5,0,0,1,1,1,0,2,8,0,0,0,0,0,0,0,57,2,2013,17,4,0,1,1,0
Licenciatura,Casado,19986.0,1,0,2013-11-14,74,3,6,5,0,2,6,1,0,0,3,7,0,0,0,0,0,0,0,41,1,2013,22,4,0,1,1,0
Licenciatura,Viudo,27421.0,0,0,2012-12-12,14,43,12,96,78,40,55,3,4,1,6,7,0,0,0,0,0,0,0,72,0,2012,324,14,0,1,0,-1
Posgrado,Casado,35688.0,2,1,2012-08-22,94,73,3,90,12,1,32,7,4,1,4,8,0,0,0,0,0,0,0,53,3,2012,211,16,0,1,1,-1
Maestría,Soltero,36143.0,1,0,2014-03-30,33,12,0,1,0,0,6,1,0,1,2,3,0,0,0,0,0,0,0,45,1,2014,19,4,0,1,0,0
Licenciatura,Soltero,10245.0,1,0,2013-05-15,32,4,7,7,6,4,13,3,1,2,2,5,0,0,0,0,0,0,0,55,1,2013,41,8,0,1,1,0
Maestría,Unión Libre,43795.0,0,1,2013-10-16,11,314,11,53,4,3,107,3,7,3,4,7,0,1,0,0,0,0,1,58,1,2013,492,17,2,0,0,0
Licenciatura,Unión Libre,63381.0,0,1,2012-10-05,78,571,50,142,33,50,159,4,4,5,13,2,0,0,0,0,0,0,0,66,1,2012,1005,26,0,0,0,0
Licenciatura,Unión Libre,38823.0,0,1,2012-08-30,56,70,0,11,2,8,23,1,2,1,3,6,0,0,0,0,0,0,0,77,1,2012,114,7,0,1,1,0
Doctorado,Divorciado,83664.0,1,1,2013-05-08,57,866,21,151,28,21,86,3,2,2,12,5,0,0,0,0,0,0,0,58,2,2013,1173,19,0,0,0,-1
Licenciatura,Unión Libre,90300.0,0,0,2014-01-03,7,594,134,786,33,134,57,0,5,6,8,1,0,0,1,0,0,0,0,47,0,2014,1738,19,1,0,0,0
Maestría,Unión Libre,62499.0,1,0,2013-12-09,0,140,4,61,0,13,4,2,3,1,6,4,0,0,0,0,0,0,0,47,1,2013,222,12,0,1,0,0
Licenciatura,Soltero,74293.0,0,0,2014-05-04,66,375,152,335,93,91,81,1,5,4,6,2,0,0,0,0,0,0,0,33,0,2014,1127,16,0,0,0,0
Doctorado,Casado,51012.0,0,0,2013-04-18,86,102,9,63,2,9,24,1,4,1,4,6,0,0,0,0,0,0,0,80,0,2013,209,10,0,1,0,0
Maestría,Casado,70777.0,0,1,2014-02-25,80,554,35,113,0,7,78,3,5,3,12,3,0,0,0,0,0,0,0,58,1,2014,787,23,0,0,0,0
Doctorado,Unión Libre,68682.0,0,0,2013-10-06,56,919,0,505,99,30,45,1,4,9,10,2,0,0,0,0,0,0,0,35,0,2013,1598,24,0,0,0,0
Licenciatura,Casado,43824.0,1,1,2012-09-15,18,96,1,42,12,3,32,4,3,1,4,8,0,0,0,0,0,0,0,55,2,2012,186,12,0,1,1,0
Licenciatura,Unión Libre,15345.0,1,0,2012-08-31,51,5,2,16,3,2,19,2,1,1,2,8,0,0,0,0,0,0,1,42,1,2012,47,6,1,1,1,0
Licenciatura,Soltero,23442.0,1,0,2012-12-24,71,2,0,6,8,6,5,1,1,0,3,7,0,0,0,0,0,0,0,39,1,2012,27,5,0,1,1,0
Posgrado,Unión Libre,14515.0,1,0,2012-11-09,71,6,4,9,6,36,35,4,2,2,3,7,0,0,0,0,0,0,1,46,1,2012,96,11,1,1,1,0
Posgrado,Divorciado,31395.0,1,1,2013-03-23,80,23,1,25,0,8,7,4,2,1,3,6,0,0,0,0,0,0,0,70,2,2013,64,10,0,1,1,0
Licenciatura,Unión Libre,75276.0,0,0,2012-09-27,2,610,105,125,137,42,21,1,9,4,9,5,0,0,0,0,0,0,0,61,0,2012,1040,23,0,0,0,0
Licenciatura,Soltero,42373.0,1,1,2013-08-15,83,67,5,61,3,8,19,5,2,1,5,5,0,0,0,0,0,0,0,52,2,2013,163,13,0,1,1,0
Licenciatura,Unión Libre,30507.0,0,0,2013-03-11,29,65,36,74,38,20,110,1,5,1,4,7,0,0,0,0,0,0,0,66,0,2013,343,11,0,1,0,0
Doctorado,Soltero,55521.0,1,2,2013-10-22,11,416,0,26,0,0,4,9,6,3,6,7,0,1,0,0,0,0,1,71,3,2013,446,24,2,0,0,-1
Licenciatura,Casado,48006.0,1,1,2014-06-09,55,23,0,11,3,2,2,1,1,0,3,6,0,0,0,0,0,0,0,61,2,2014,41,5,0,1,1,0
Doctorado,Soltero,27213.0,1,0,2012-08-30,19,19,3,26,10,9,3,3,2,0,4,8,0,0,0,0,0,0,1,54,1,2012,70,9,1,1,1,0
Doctorado,Divorciado,65808.0,1,1,2014-05-30,1,155,7,80,13,7,10,3,5,1,5,6,0,0,0,0,0,0,0,55,2,2014,272,14,0,1,1,0
Doctorado,Unión Libre,30351.0,1,0,2013-06-06,19,14,0,24,3,3,2,1,3,0,2,9,0,0,0,0,0,0,0,52,1,2013,46,6,0,1,1,0
Licenciatura,Casado,50437.0,0,2,2012-10-17,28,370,9,92,6,9,4,3,7,1,8,7,0,0,0,0,0,0,0,63,2,2012,490,19,0,1,0,0
Posgrado,Soltero,23616.0,1,0,2012-11-17,76,4,22,11,3,7,32,2,3,0,3,8,0,0,0,0,0,0,1,44,1,2012,79,8,1,1,1,0
Licenciatura,Casado,53858.0,0,1,2012-11-09,50,407,53,221,58,150,26,4,4,3,6,4,0,0,0,0,0,0,0,50,1,2012,915,17,0,0,0,0
Doctorado,Casado,66465.0,0,1,2013-03-30,1,1200,0,204,38,29,14,3,11,9,12,6,0,0,0,1,0,0,0,71,1,2013,1485,35,1,0,0,0
Licenciatura,Soltero,46923.0,1,0,2012-08-22,90,85,44,54,102,78,6,3,5,1,7,7,0,0,0,0,0,0,0,39,1,2012,369,16,0,1,0,0
Licenciatura,Unión Libre,75072.0,0,1,2013-01-23,83,583,34,309,0,22,125,2,5,4,8,3,0,0,0,0,0,0,0,64,1,2013,1073,19,0,0,0,0
Doctorado,Casado,75865.0,0,0,2014-03-31,73,483,0,591,156,0,12,1,3,5,10,1,0,0,0,0,0,0,0,83,0,2014,1242,19,0,0,0,0
Posgrado,Unión Libre,19789.0,1,0,2013-11-20,24,2,5,9,28,6,28,3,2,1,3,5,1,0,0,0,0,0,0,51,1,2013,78,9,1,1,1,0
Licenciatura,Unión Libre,80134.0,0,0,2014-02-14,11,966,26,282,52,26,26,1,2,7,11,5,0,1,1,1,1,0,0,32,0,2014,1378,21,4,0,0,-1
Licenciatura,Soltero,91065.0,0,0,2013-02-22,33,822,114,108,179,137,114,1,7,9,9,3,0,0,1,1,0,0,1,45,0,2013,1474,26,3,0,0,-1
Maestría,Casado,49505.0,1,1,2013-03-05,4,604,0,100,19,0,28,9,10,2,8,8,0,0,0,0,0,0,0,55,2,2013,751,29,0,0,0,0
Doctorado,Casado,37401.0,1,0,2014-05-06,14,19,3,19,3,1,3,2,2,0,3,7,0,0,0,0,0,0,0,53,1,2014,48,7,0,1,1,0
Licenciatura,Casado,30096.0,1,0,2014-05-22,30,5,3,11,12,5,9,1,2,0,3,6,0,0,0,0,0,0,0,43,1,2014,45,6,0,1,1,0
Maestría,Unión Libre,18492.0,1,0,2014-06-05,75,2,2,2,2,1,1,1,1,0,2,8,0,0,0,0,0,0,0,44,1,2014,10,4,0,1,1,0
Maestría,Casado,82584.0,0,0,2013-06-04,26,1076,68,103,29,91,68,1,3,4,8,1,0,1,1,0,0,0,1,52,0,2013,1435,16,3,0,0,-1
Doctorado,Casado,93027.0,0,0,2013-04-13,77,1285,42,716,55,0,21,0,7,10,5,2,0,0,1,0,0,0,0,85,0,2013,2119,22,1,0,0,-1
Licenciatura,Casado,48686.0,1,2,2013-12-04,8,10,0,7,2,0,1,1,1,0,2,8,0,0,0,0,0,0,0,73,3,2013,20,4,0,1,1,0
Licenciatura,Casado,92910.0,0,0,2014-04-24,42,551,137,792,179,103,33,1,6,7,13,1,0,1,1,1,0,0,0,40,0,2014,1795,27,3,0,0,-1
Licenciatura,Casado,75433.0,1,0,2014-04-05,28,800,0,297,0,34,57,2,2,5,10,6,0,1,0,1,0,0,0,37,1,2014,1188,19,2,0,0,-1
Posgrado,Unión Libre,10404.0,1,0,2014-05-04,52,2,2,11,10,6,12,2,1,0,4,5,0,0,0,0,0,0,0,37,1,2014,43,7,0,1,1,0
Licenciatura,Casado,61314.0,0,1,2013-04-25,1,378,0,189,97,172,172,2,5,5,12,3,0,0,0,0,0,0,0,58,1,2013,1008,24,0,0,0,0
Doctorado,Soltero,84865.0,0,0,2013-05-09,1,1248,16,349,43,16,16,1,2,4,9,4,0,1,1,1,1,0,1,65,0,2013,1688,16,5,0,0,-1
Licenciatura,Casado,42387.0,1,0,2012-10-29,42,235,0,235,19,4,191,5,8,1,7,8,0,0,0,0,0,0,0,37,1,2012,684,21,0,1,0,0
Posgrado,Unión Libre,67309.0,1,1,2013-01-23,76,515,47,181,149,95,95,15,9,6,9,7,0,0,0,0,0,0,0,59,2,2013,1082,39,0,0,0,-1
Licenciatura,Casado,75236.0,0,1,2013-11-25,27,438,66,400,12,38,114,1,8,3,13,4,0,0,0,0,0,0,0,62,1,2013,1068,25,0,0,0,0
Licenciatura,Soltero,30015.0,1,0,2014-02-02,28,25,0,22,2,3,5,2,1,0,4,5,0,0,0,0,0,0,0,56,1,2014,57,7,0,1,1,0
Maestría,Unión Libre,50943.0,0,1,2013-06-21,49,31,0,7,2,0,6,1,1,0,3,5,0,0,0,0,0,0,0,70,1,2013,46,5,0,1,1,0
Licenciatura,Divorciado,67272.0,0,1,2013-12-21,12,357,35,271,28,28,14,3,6,2,12,5,0,0,0,0,0,0,0,60,1,2013,733,23,0,0,0,0
Maestría,Viudo,51529.0,0,1,2013-09-07,14,400,4,35,6,0,22,2,9,1,5,8,0,0,0,0,0,0,0,77,1,2013,467,17,0,1,0,0
Doctorado,Casado,32011.0,1,0,2013-08-22,89,99,0,15,2,1,5,3,2,1,4,7,0,0,0,0,0,0,0,55,1,2013,122,10,0,1,1,0
Posgrado,Casado,7500.0,1,0,2013-02-07,96,1,11,5,4,6,9,2,2,0,3,8,0,0,0,0,0,0,0,40,1,2013,36,7,0,1,1,0
Licenciatura,Casado,28691.0,1,0,2013-07-04,56,5,4,13,8,0,4,1,1,0,3,8,0,0,0,0,0,0,0,37,1,2013,34,5,0,1,1,0
Doctorado,Casado,56223.0,0,1,2013-12-20,72,77,28,31,16,0,4,2,2,1,5,4,0,0,0,0,0,0,0,78,1,2013,156,10,0,1,0,0
Licenciatura,Casado,18100.0,0,0,2013-08-06,14,3,1,2,4,3,1,1,0,0,3,5,0,0,0,0,0,0,0,80,0,2013,14,4,0,1,0,0
Licenciatura,Soltero,30279.0,1,0,2012-12-30,13,10,4,14,4,4,1,1,1,0,3,8,0,0,0,0,0,0,0,37,1,2012,37,5,0,1,1,0
Posgrado,Casado,20130.0,0,0,2014-03-17,99,0,6,3,7,6,12,1,1,0,3,8,0,0,0,0,0,0,0,52,0,2014,34,5,0,1,1,0
Licenciatura,Divorciado,23295.0,0,0,2013-07-13,72,0,0,1,2,12,5,1,1,0,2,8,0,0,0,0,0,0,0,67,0,2013,20,4,0,1,0,0
Maestría,Divorciado,42618.0,1,0,2013-10-09,92,76,14,74,13,5,10,2,5,0,4,8,0,0,0,0,0,0,0,54,1,2013,192,11,0,1,1,0
Licenciatura,Soltero,81246.0,0,0,2013-12-29,87,398,190,537,61,156,37,1,4,5,7,1,1,0,0,1,0,0,0,62,0,2013,1379,17,2,0,0,0
Licenciatura,Casado,24027.0,1,0,2013-06-09,7,14,7,11,11,0,5,2,2,0,3,8,0,0,0,0,0,0,0,50,1,2013,48,7,0,1,1,0
Doctorado,Casado,55707.0,0,1,2013-12-22,91,208,7,82,30,66,35,2,3,2,9,3,0,0,0,0,0,0,0,73,1,2013,428,16,0,1,0,0
Licenciatura,Soltero,57959.0,0,1,2013-05-02,71,430,16,322,43,24,33,5,4,7,11,3,0,0,0,0,0,0,0,71,1,2013,868,27,0,0,0,0
Licenciatura,Casado,56796.0,0,1,2013-02-16,24,656,38,161,62,47,37,3,8,9,7,7,0,0,0,0,0,0,0,57,1,2013,1001,27,0,0,0,0
Maestría,Soltero,36230.0,1,0,2013-10-17,17,14,2,30,8,2,3,1,2,0,4,5,0,0,0,0,0,0,0,55,1,2013,59,7,0,1,0,0
Posgrado,Casado,70829.0,1,1,2013-12-01,87,141,70,106,72,19,23,2,4,2,8,3,0,0,0,0,0,0,0,46,2,2013,431,16,0,1,1,0
Licenciatura,Casado,65991.0,0,1,2012-09-07,21,507,19,364,25,47,9,3,9,5,10,7,0,0,0,0,0,0,0,50,1,2012,971,27,0,0,0,0
Licenciatura,Casado,38988.0,1,2,2012-08-20,90,164,24,103,12,3,42,7,5,1,6,8,0,0,0,0,0,0,0,54,3,2012,348,19,0,1,0,0
Posgrado,Soltero,89572.0,0,0,2012-09-15,44,606,24,974,197,194,64,1,7,7,9,4,0,1,0,1,0,0,1,60,0,2012,2059,24,3,0,0,-1
Maestría,Casado,42207.0,1,0,2013-04-01,71,116,11,72,3,17,46,4,4,1,5,6,1,0,0,0,0,0,1,42,1,2013,265,14,2,1,1,0
Licenciatura,Casado,50300.0,0,1,2014-05-25,52,143,15,60,24,23,5,2,2,1,8,2,0,0,0,0,0,0,0,74,1,2014,270,13,0,1,0,0
Posgrado,Unión Libre,66664.0,0,0,2012-09-25,78,398,96,447,220,96,32,1,5,7,6,3,0,0,0,0,0,0,0,44,0,2012,1289,19,0,0,0,0
Licenciatura,Casado,60597.0,0,1,2014-01-01,2,522,0,257,32,16,66,4,2,2,8,7,0,0,0,1,0,0,1,62,1,2014,893,16,2,0,0,0
Licenciatura,Viudo,70165.0,0,0,2013-09-22,60,161,0,253,199,191,122,1,3,7,11,1,0,0,0,0,0,0,0,77,0,2013,926,22,0,0,0,0
Doctorado,Viudo,50520.0,0,1,2014-01-28,25,112,0,6,2,1,14,2,3,1,3,6,0,0,0,0,0,0,0,68,1,2014,135,9,0,1,0,0
Licenciatura,Casado,80124.0,0,0,2014-06-26,47,483,84,398,205,84,241,1,3,7,8,1,1,0,0,0,0,0,0,63,0,2014,1495,19,1,0,0,0
Licenciatura,Casado,33183.0,1,0,2014-02-24,46,7,5,39,17,15,37,2,4,0,3,7,0,0,0,0,0,0,0,51,1,2014,120,9,0,1,1,0
Doctorado,Soltero,66582.0,0,0,2014-03-03,83,789,25,420,16,38,0,1,2,8,9,1,0,0,0,0,0,0,0,57,0,2014,1288,20,0,0,0,0
Doctorado,Unión Libre,75261.0,0,0,2013-04-23,17,1239,17,413,23,34,17,1,5,6,5,2,0,1,1,0,0,0,1,71,0,2013,1743,17,3,0,0,-1
Licenciatura,Viudo,31880.0,1,0,2012-10-31,13,4,1,5,2,0,3,1,1,0,2,8,0,0,0,0,0,0,0,56,1,2012,15,4,0,1,1,0
Licenciatura,Casado,53790.0,0,2,2014-03-06,86,335,42,127,28,5,5,3,7,2,8,6,0,0,0,0,0,0,0,75,2,2014,542,20,0,1,0,0
Doctorado,Unión Libre,49269.0,1,0,2012-08-15,92,639,8,166,11,8,58,3,7,3,12,7,0,0,0,0,0,0,0,55,1,2012,890,25,0,0,0,0
Licenciatura,Casado,61456.0,0,1,2013-03-27,47,563,76,384,84,192,89,4,6,10,13,4,0,0,0,0,0,0,0,51,1,2013,1388,33,0,0,0,0
Licenciatura,Casado,37406.0,1,0,2013-10-10,18,2,0,8,2,2,3,1,1,0,2,8,0,0,0,0,0,0,1,46,1,2013,17,4,1,1,1,0
Doctorado,Unión Libre,56937.0,1,0,2012-08-04,81,746,8,125,11,8,8,7,8,6,9,6,0,1,0,0,0,0,1,45,1,2012,906,30,2,0,0,-1
Licenciatura,Casado,38415.0,1,1,2013-01-02,91,22,1,13,4,0,4,2,1,0,3,7,0,0,0,0,0,0,0,48,2,2013,44,6,0,1,1,0
Licenciatura,Soltero,20518.0,1,0,2014-05-18,58,4,1,6,4,1,9,1,1,1,2,5,0,0,0,0,0,0,0,38,1,2014,25,5,0,1,1,0
Licenciatura,Casado,62503.0,0,1,2013-02-18,40,478,0,193,110,75,117,4,8,3,11,5,0,0,0,0,0,0,0,70,1,2013,973,26,0,0,0,0
Doctorado,Soltero,41644.0,1,1,2014-05-09,67,20,3,4,2,0,2,2,1,0,3,3,0,0,0,0,0,0,0,54,2,2014,31,6,0,1,1,0
Maestría,Casado,55842.0,0,1,2014-05-23,19,451,0,39,0,4,24,1,7,1,8,5,0,0,0,0,0,0,0,49,1,2014,518,17,0,1,0,0
Doctorado,Casado,62010.0,0,1,2012-10-23,93,371,22,39,6,0,92,4,6,2,7,5,0,0,0,0,0,0,0,54,1,2012,530,19,0,0,0,0
Licenciatura,Casado,41124.0,1,0,2012-10-31,41,281,7,84,15,0,119,7,7,3,4,8,0,0,0,0,0,0,0,49,1,2012,506,21,0,1,0,0
Maestría,Casado,38961.0,1,0,2013-12-30,60,19,7,19,0,1,24,1,2,1,2,7,0,0,0,0,0,0,0,53,1,2013,70,6,0,1,1,0
Maestría,Divorciado,37760.0,1,0,2013-08-11,54,26,3,13,2,10,0,1,2,0,3,6,0,0,0,0,0,0,0,54,1,2013,54,6,0,1,1,0
Licenciatura,Soltero,32233.0,1,0,2012-08-19,26,138,15,35,25,11,72,2,6,2,2,9,1,0,0,0,0,0,1,52,1,2012,296,12,2,1,1,0
Licenciatura,Casado,43057.0,0,1,2013-10-30,30,213,2,44,0,2,5,4,4,2,5,5,0,0,0,0,0,0,0,51,1,2013,266,15,0,1,0,0
Maestría,Unión Libre,83151.0,0,0,2012-10-10,93,407,28,100,120,74,18,1,5,9,4,3,0,0,0,0,0,0,0,66,0,2012,747,19,0,0,0,0
Doctorado,Divorciado,78825.0,0,0,2012-09-14,35,483,74,114,169,37,18,1,5,10,13,3,0,0,0,0,0,0,1,62,0,2012,895,29,1,0,0,-1
Maestría,Unión Libre,65104.0,0,1,2013-11-14,4,738,0,232,13,20,50,2,3,5,7,7,0,0,0,0,0,0,0,50,1,2013,1053,17,0,0,0,0
Licenciatura,Casado,60093.0,0,1,2013-06-26,92,502,12,109,16,6,90,2,7,2,10,6,0,0,0,0,0,0,0,52,1,2013,735,21,0,0,0,0
Licenciatura,Casado,14045.0,1,0,2014-01-26,24,11,0,5,2,1,1,1,1,0,3,7,0,0,0,0,0,0,0,57,1,2014,20,5,0,1,1,0
Posgrado,Viudo,28457.0,0,0,2012-10-28,96,24,1,108,29,29,14,1,4,1,4,8,0,0,0,0,0,0,0,74,0,2012,205,10,0,1,0,-1
Doctorado,Unión Libre,78952.0,0,1,2012-09-24,11,1170,19,594,99,76,134,2,2,5,12,6,0,0,0,0,0,0,0,68,1,2012,2092,21,0,0,0,0
Licenciatura,Divorciado,46310.0,1,0,2012-12-03,99,185,2,88,15,5,14,2,6,1,5,8,0,0,0,0,0,0,0,50,1,2012,309,14,0,1,1,0
Licenciatura,Unión Libre,76005.0,0,0,2013-02-22,72,983,20,389,240,50,40,1,3,5,13,6,0,0,0,1,0,0,0,71,0,2013,1722,22,1,0,0,0
Maestría,Soltero,58308.0,0,1,2013-01-12,77,691,0,69,10,0,130,4,2,6,3,8,0,0,0,0,0,0,0,62,1,2013,900,15,0,0,0,0
Doctorado,Divorciado,55614.0,0,0,2013-11-27,85,504,13,131,8,0,26,1,9,4,6,7,0,1,0,0,0,0,0,82,0,2013,682,20,1,0,0,-1
Maestría,Divorciado,59432.0,0,1,2013-04-13,88,317,25,265,25,19,12,3,5,3,11,5,0,0,0,0,0,0,0,64,1,2013,663,22,0,0,0,0
Licenciatura,Divorciado,55563.0,0,1,2014-04-05,22,29,1,9,2,0,2,1,2,0,3,3,0,0,0,0,0,0,0,48,1,2014,43,6,0,1,1,0
Doctorado,Unión Libre,78642.0,0,1,2013-04-21,83,1396,0,322,46,35,17,1,4,9,4,6,0,0,0,0,0,0,0,55,1,2013,1816,18,0,0,0,0
Doctorado,Unión Libre,67911.0,0,1,2014-05-22,63,529,0,356,63,28,0,3,6,7,11,3,0,0,0,0,0,0,0,77,1,2014,976,27,0,0,0,0
Licenciatura,Casado,65275.0,0,0,2013-04-03,9,388,14,218,91,14,21,1,4,3,13,2,0,0,0,0,0,0,0,82,0,2013,746,21,0,0,0,0
Licenciatura,Unión Libre,27203.0,1,1,2012-08-06,92,13,2,21,4,0,24,2,1,1,2,8,0,0,0,0,0,0,0,76,2,2012,64,6,0,1,1,0
Maestría,Unión Libre,48330.0,0,1,2013-11-15,2,28,0,4,0,0,0,1,1,0,3,5,0,0,0,0,0,0,0,65,1,2013,32,5,0,1,1,0
Básica,Casado,24279.0,0,0,2012-12-29,6,16,36,21,20,62,108,1,4,1,3,8,0,0,0,0,0,0,0,36,0,2012,263,9,0,1,1,0
Doctorado,Casado,64355.0,1,0,2012-08-24,66,1047,0,140,67,38,153,2,4,3,12,8,0,0,0,0,0,0,0,41,1,2012,1445,21,0,0,0,0
Maestría,Unión Libre,50943.0,0,1,2013-06-21,49,31,0,7,2,0,6,1,1,0,3,5,0,0,0,0,0,0,0,70,1,2013,46,5,0,1,1,0
Licenciatura,Viudo,53653.0,0,0,2012-11-07,29,815,10,239,28,10,108,2,10,4,12,6,0,0,0,0,0,0,0,73,0,2012,1210,28,0,0,0,0
Licenciatura,Casado,65665.0,0,1,2013-12-02,77,225,162,387,106,36,29,1,5,10,8,3,0,0,0,0,0,0,0,50,1,2013,945,24,0,0,0,0
Licenciatura,Soltero,81217.0,0,0,2013-07-19,77,493,70,324,146,40,84,1,3,7,11,1,0,0,0,0,0,0,0,37,0,2013,1157,22,0,0,0,0
Licenciatura,Casado,34935.0,0,0,2013-06-21,71,34,4,66,3,10,20,1,2,1,4,7,0,0,0,0,0,0,0,34,0,2013,137,8,0,1,1,0
Licenciatura,Divorciado,61250.0,0,1,2012-12-16,49,382,138,65,60,26,59,6,5,2,12,5,0,0,0,0,0,0,0,67,1,2012,730,25,0,0,0,0
Doctorado,Unión Libre,39665.0,1,0,2013-05-25,97,127,1,56,0,1,31,3,4,2,3,7,1,0,0,0,0,0,0,45,1,2013,216,12,1,1,1,0
Licenciatura,Soltero,60152.0,0,1,2013-03-28,6,325,83,300,86,58,91,1,6,4,12,3,0,0,0,0,0,0,0,47,1,2013,943,23,0,0,0,0
Licenciatura,Casado,48920.0,0,2,2013-10-20,93,238,17,68,8,10,6,3,6,2,5,7,0,1,0,0,0,0,0,62,2,2013,347,16,1,1,0,0
Maestría,Unión Libre,89120.0,0,0,2014-03-17,78,1168,92,408,72,129,55,1,5,6,7,1,0,0,1,0,0,0,0,67,0,2014,1924,19,1,0,0,0
Doctorado,Unión Libre,44124.0,0,1,2013-05-11,62,284,0,55,0,6,52,4,6,2,5,8,0,0,0,0,0,0,0,80,1,2013,397,17,0,1,0,0
Maestría,Soltero,81169.0,0,0,2013-04-14,47,1288,20,613,80,61,27,1,5,7,9,2,0,0,0,0,0,0,0,51,0,2013,2089,22,0,0,0,1
Licenciatura,Casado,36443.0,1,1,2013-02-03,9,65,0,46,4,3,20,4,3,1,3,8,0,0,0,0,0,0,0,65,2,2013,138,11,0,1,1,0
Licenciatura,Soltero,26095.0,1,0,2013-06-30,77,11,7,9,3,1,11,1,1,0,3,7,0,0,0,0,0,0,0,36,1,2013,42,5,0,1,1,0
Licenciatura,Unión Libre,71367.0,0,0,2013-08-23,24,227,23,389,42,21,75,1,4,5,7,2,0,0,0,0,0,0,0,67,0,2013,777,17,0,0,0,0
Maestría,Casado,80184.0,0,0,2014-03-01,19,1035,134,670,25,38,0,1,6,3,10,3,0,0,1,1,0,0,0,82,0,2014,1902,20,2,0,0,-1
Licenciatura,Divorciado,30630.0,1,1,2014-01-27,67,27,1,12,2,0,10,2,2,0,3,7,0,0,0,0,0,0,0,61,2,2014,52,7,0,1,1,0
Maestría,Soltero,73454.0,0,0,2014-03-01,95,982,73,351,56,14,175,1,2,4,6,5,1,0,0,0,0,0,0,39,0,2014,1651,13,1,0,0,-1
Licenciatura,Casado,42691.0,0,0,2013-08-16,48,179,2,64,38,17,58,1,5,1,6,5,0,0,0,0,0,0,0,35,0,2013,358,13,0,1,1,0
Licenciatura,Casado,70503.0,0,0,2012-09-30,73,1379,33,216,0,33,66,1,2,4,9,6,0,1,1,0,0,0,0,73,0,2012,1727,16,2,0,0,0
Licenciatura,Casado,25545.0,1,0,2012-09-08,35,32,1,64,16,12,85,3,2,2,3,6,0,0,0,0,0,0,1,39,1,2012,210,10,1,1,0,0
Licenciatura,Casado,32880.0,1,0,2012-12-04,76,8,4,15,7,6,2,1,1,0,3,8,0,0,0,0,0,0,0,40,1,2012,42,5,0,1,1,0
Doctorado,Unión Libre,77863.0,0,0,2013-11-27,20,881,38,319,16,25,12,1,4,5,10,2,0,0,0,0,0,0,0,68,0,2013,1291,20,0,0,0,0
Maestría,Casado,50353.0,0,0,2014-06-08,72,141,15,153,67,31,35,1,4,4,6,3,0,0,0,0,0,0,0,49,0,2014,442,15,0,1,0,0
Licenciatura,Soltero,61839.0,0,0,2012-08-12,20,1000,155,379,224,17,120,1,4,8,4,8,0,0,0,0,0,0,0,62,0,2012,1895,17,0,0,0,0
Doctorado,Casado,49154.0,1,1,2013-11-03,69,206,10,67,30,27,71,6,4,1,8,6,0,0,0,0,0,0,0,66,2,2013,411,19,0,1,0,0
Posgrado,Viudo,47682.0,0,1,2013-02-15,80,162,61,83,97,57,61,4,4,3,8,5,0,0,0,0,0,0,0,51,1,2013,521,19,0,1,0,0
Licenciatura,Soltero,72679.0,0,1,2013-09-18,65,619,54,260,127,54,54,1,4,7,5,1,0,0,0,0,0,0,0,57,1,2013,1168,17,0,0,0,0
Maestría,Unión Libre,57954.0,1,1,2014-06-18,52,456,4,24,0,0,9,7,8,2,6,7,0,1,0,0,0,0,0,49,2,2014,493,23,1,0,0,0
Licenciatura,Casado,65316.0,1,1,2013-04-24,65,112,6,92,3,9,38,2,3,2,5,4,0,0,0,0,0,0,0,64,2,2013,260,12,0,1,0,0
Licenciatura,Soltero,28567.0,1,0,2013-06-17,57,11,3,22,2,2,6,2,2,0,3,6,0,0,0,0,0,0,0,44,1,2013,46,7,0,1,1,0
Maestría,Unión Libre,47352.0,0,1,2013-04-11,70,172,12,112,8,0,15,4,6,1,5,7,0,0,0,0,0,0,0,75,1,2013,319,16,0,1,1,0
Licenciatura,Unión Libre,44931.0,0,1,2014-01-18,0,78,0,11,0,0,7,1,2,1,3,5,0,0,0,0,0,0,0,59,1,2014,96,7,0,1,1,0
Licenciatura,Divorciado,76982.0,0,0,2014-02-15,19,464,151,292,65,60,30,1,8,3,4,4,0,0,1,0,0,0,1,59,0,2014,1062,16,2,0,0,-1
Posgrado,Unión Libre,57247.0,0,1,2013-08-08,50,99,4,32,37,54,6,2,2,1,7,2,0,0,0,0,0,0,0,74,1,2013,232,12,0,1,0,0
Maestría,Soltero,22944.0,1,0,2013-12-23,67,19,3,19,4,5,26,3,3,0,3,7,0,0,0,0,0,0,0,45,1,2013,76,9,0,1,0,0
Posgrado,Unión Libre,25315.0,1,0,2013-11-07,46,1,9,8,11,3,22,3,3,0,3,8,0,0,0,0,0,0,0,49,1,2013,54,9,0,1,1,0
Licenciatura,Viudo,43638.0,0,1,2012-08-06,37,63,10,83,7,19,19,2,4,1,4,7,0,0,0,0,0,0,0,57,1,2012,201,11,0,1,1,0
Doctorado,Soltero,42710.0,1,0,2012-11-28,38,252,3,42,4,3,102,2,4,5,3,6,0,0,0,0,0,0,0,42,1,2012,406,14,0,1,1,0
Doctorado,Casado,84169.0,0,0,2013-08-07,9,1478,19,403,0,19,0,1,7,6,6,3,0,1,1,0,0,0,1,44,0,2013,1919,20,3,0,0,-1
Licenciatura,Unión Libre,54058.0,0,1,2013-06-04,56,198,18,252,32,108,54,2,4,6,8,3,0,0,0,0,0,0,0,50,1,2013,662,20,0,0,0,0
Posgrado,Casado,24683.0,1,0,2014-03-08,98,8,4,10,6,7,6,2,2,0,4,5,0,0,0,0,0,0,0,36,1,2014,41,8,0,1,1,0
Licenciatura,Viudo,85620.0,0,0,2014-01-07,68,416,46,925,60,107,46,1,3,6,4,1,0,0,0,0,0,0,1,62,0,2014,1600,14,1,0,0,-1
Licenciatura,Casado,47850.0,1,0,2013-12-03,72,42,7,43,20,12,10,1,3,0,4,6,0,0,0,0,0,0,0,46,1,2013,134,8,0,1,1,0
Licenciatura,Casado,19514.0,1,1,2014-01-26,47,14,3,21,2,1,28,4,3,1,2,8,1,0,0,0,0,0,1,58,2,2014,69,10,2,1,1,0
Maestría,Casado,27159.0,1,1,2014-03-29,33,17,0,3,0,0,1,2,1,0,3,6,0,0,0,0,0,0,0,53,2,2014,21,6,0,1,1,0
Posgrado,Soltero,39548.0,1,1,2014-03-31,87,15,4,10,3,4,18,2,1,1,3,3,0,0,0,0,0,0,0,63,2,2014,54,7,0,1,1,0
Licenciatura,Soltero,21474.0,1,0,2014-04-08,0,6,16,24,11,0,34,2,3,1,2,7,1,0,0,0,0,0,1,37,1,2014,91,8,2,1,1,0
Doctorado,Soltero,60504.0,0,1,2014-02-07,73,458,0,24,6,4,34,2,6,2,8,6,0,0,0,0,0,0,0,55,1,2014,526,18,0,1,0,0
Licenciatura,Casado,22419.0,0,0,2013-04-18,74,30,3,47,19,21,42,1,3,2,2,8,0,0,0,0,0,0,0,63,0,2013,162,8,0,1,0,0
Maestría,Casado,81698.0,0,0,2013-11-06,4,179,28,520,111,123,47,1,3,8,13,1,0,0,0,0,0,0,1,77,0,2013,1008,25,1,0,0,0
Licenciatura,Unión Libre,43462.0,1,1,2012-09-12,50,90,17,97,15,6,15,6,4,1,5,8,0,0,0,0,0,0,0,74,2,2012,240,16,0,1,1,0
Doctorado,Soltero,54880.0,1,0,2013-03-01,57,308,85,137,102,45,118,2,6,2,11,5,0,0,0,0,0,0,0,48,1,2013,795,21,0,0,0,0
Licenciatura,Casado,79908.0,0,0,2013-04-05,30,557,129,761,29,185,111,1,5,6,7,2,0,0,1,0,0,0,0,44,0,2013,1772,19,1,0,0,0
Posgrado,Casado,15315.0,0,0,2013-08-03,27,7,4,13,15,8,17,2,2,0,4,5,0,0,0,0,0,0,0,56,0,2013,64,8,0,1,1,0
Licenciatura,Unión Libre,87771.0,0,1,2013-05-22,61,1492,38,287,50,57,33,1,5,10,4,6,0,1,1,1,1,0,1,67,1,2013,1957,20,5,0,0,-1
Licenciatura,Casado,33039.0,1,0,2013-09-09,4,30,8,12,8,8,12,1,2,0,4,5,0,0,0,0,0,0,0,48,1,2013,78,7,0,1,1,0
Licenciatura,Soltero,81741.0,0,0,2013-06-16,75,249,153,940,58,134,38,0,6,6,7,2,0,0,0,0,0,0,0,46,0,2013,1572,19,0,0,0,0
Maestría,Unión Libre,71499.0,0,1,2013-06-25,12,465,25,132,136,0,37,2,8,3,13,4,0,0,0,0,0,0,0,55,1,2013,795,26,0,0,0,0
Posgrado,Casado,62466.0,0,1,2014-01-15,13,129,129,259,168,121,83,5,6,3,12,4,0,0,0,0,0,0,0,56,1,2014,889,26,0,0,0,0
Doctorado,Divorciado,48799.0,0,1,2013-11-05,9,174,18,81,28,6,24,3,3,2,7,3,0,0,0,0,0,0,0,63,1,2013,331,15,0,1,0,0
Doctorado,Unión Libre,52157.0,0,1,2014-06-07,48,189,2,29,3,2,40,2,3,2,5,4,0,0,0,0,0,0,0,76,1,2014,265,12,0,1,0,0
Licenciatura,Soltero,66565.0,0,1,2012-12-05,80,747,10,161,65,40,42,4,4,2,9,8,0,0,0,0,0,0,0,64,1,2012,1065,19,0,0,0,0
Maestría,Unión Libre,29298.0,1,1,2013-09-07,60,6,0,2,2,0,1,1,1,0,2,5,0,0,0,0,0,0,0,75,2,2013,11,4,0,1,1,0
Licenciatura,Soltero,47691.0,0,1,2013-07-05,43,14,0,3,0,0,4,1,1,0,2,6,0,0,0,0,0,0,0,47,1,2013,21,4,0,1,1,0
Licenciatura,Unión Libre,38200.0,1,1,2012-12-07,19,12,0,4,0,0,1,1,1,0,2,7,0,0,0,0,0,0,0,56,2,2012,17,4,0,1,1,0
Licenciatura,Casado,44989.0,0,1,2012-09-12,26,98,0,106,49,10,106,5,5,1,5,6,0,0,0,0,0,0,0,52,1,2012,369,16,0,1,0,0
Doctorado,Casado,38443.0,1,1,2014-01-27,58,32,0,5,0,0,1,2,1,0,3,7,0,0,0,0,0,0,0,58,2,2014,38,6,0,1,1,0
Posgrado,Soltero,38593.0,1,0,2013-09-13,42,51,12,49,17,24,24,3,4,1,3,8,0,0,0,0,0,0,0,48,1,2013,177,11,0,1,1,0
Doctorado,Unión Libre,64413.0,0,1,2013-08-01,27,200,5,44,0,10,20,1,5,1,5,5,0,0,0,0,0,0,0,56,1,2013,279,12,0,1,0,0
Maestría,Casado,36959.0,1,0,2013-10-02,56,25,6,25,6,0,0,2,2,0,3,8,0,0,0,0,0,0,0,45,1,2013,62,7,0,1,1,0
Doctorado,Casado,61996.0,0,1,2013-01-31,27,1050,12,144,0,0,24,3,6,4,8,5,0,1,0,1,1,0,1,49,1,2013,1230,21,4,0,0,-1
Licenciatura,Casado,51287.0,1,1,2014-04-01,10,117,0,22,13,0,30,3,4,1,3,7,0,0,0,0,0,0,0,58,2,2014,182,11,0,1,1,0
Licenciatura,Casado,13260.0,1,1,2013-08-23,48,9,4,17,10,2,7,4,3,0,3,8,0,0,0,0,0,0,0,56,2,2013,49,10,0,1,1,0
Doctorado,Unión Libre,47472.0,1,1,2013-09-16,39,56,0,11,0,0,8,2,2,0,4,5,0,0,0,0,0,0,0,60,2,2013,75,8,0,1,1,0
Maestría,Unión Libre,54603.0,1,1,2013-07-09,85,145,13,46,17,2,4,6,4,2,4,7,0,0,0,0,0,0,0,70,2,2013,227,16,0,1,1,0
Doctorado,Casado,45207.0,1,1,2012-11-10,64,203,0,10,0,0,2,5,3,1,6,6,0,1,0,0,0,0,0,52,2,2012,215,15,1,1,0,0
Licenciatura,Unión Libre,40689.0,0,1,2013-03-18,69,270,3,27,39,6,99,7,7,1,5,8,0,0,0,0,0,0,0,75,1,2013,444,20,0,1,0,0
Posgrado,Unión Libre,47821.0,1,1,2013-10-20,54,9,0,16,6,6,10,1,1,0,3,8,0,0,0,0,0,0,0,59,2,2013,47,5,0,1,1,0
Maestría,Casado,27450.0,0,0,2013-04-15,57,37,12,23,8,11,52,1,2,1,3,7,0,0,0,0,0,0,0,75,0,2013,143,7,0,1,0,0
Licenciatura,Unión Libre,39453.0,1,0,2014-04-03,64,46,0,7,0,0,2,2,2,0,3,6,0,0,0,0,0,0,0,43,1,2014,55,7,0,1,1,0
Posgrado,Unión Libre,26850.0,1,1,2014-04-18,10,31,1,13,7,2,9,4,2,1,4,4,0,0,0,0,0,0,0,55,2,2014,63,11,0,1,1,0
Licenciatura,Viudo,79800.0,0,0,2012-09-23,65,1060,21,530,32,0,224,1,5,11,5,3,1,0,1,1,0,0,1,71,0,2012,1867,22,4,0,0,-1
Maestría,Casado,61794.0,0,1,2013-09-14,74,264,47,188,54,47,11,2,4,4,10,2,0,0,0,0,0,0,0,65,1,2013,611,20,0,0,0,0
Licenciatura,Unión Libre,53863.0,0,1,2014-05-17,4,399,4,30,6,4,30,3,7,1,7,7,0,1,0,0,0,0,0,71,1,2014,473,18,1,0,0,0
Licenciatura,Unión Libre,24221.0,0,0,2013-08-20,94,8,9,9,2,5,22,1,1,1,3,4,0,0,0,0,0,0,0,67,0,2013,55,6,0,1,0,0
Doctorado,Soltero,39684.0,1,0,2012-10-12,41,19,0,35,6,4,17,2,2,1,2,7,0,0,0,0,0,1,1,42,1,2012,81,7,1,1,1,0
Maestría,Casado,92163.0,0,0,2012-12-12,25,817,183,797,106,163,20,0,5,11,5,2,0,0,1,1,0,0,1,51,0,2012,2086,21,3,0,0,-1
Maestría,Soltero,69882.0,0,0,2013-11-10,94,292,127,635,132,127,165,1,3,7,9,1,0,0,0,0,0,0,0,61,0,2013,1478,20,0,0,0,1
Licenciatura,Unión Libre,33178.0,1,0,2014-01-30,9,12,6,2,11,2,16,1,1,0,3,4,0,0,0,0,0,0,0,49,1,2014,49,5,0,1,1,0
Doctorado,Casado,59973.0,0,0,2013-09-11,47,130,30,168,20,34,0,1,3,4,7,1,0,0,0,0,0,0,0,54,0,2013,382,15,0,0,0,0
Maestría,Unión Libre,17459.0,1,0,2013-09-19,12,6,4,16,3,10,30,3,3,1,2,7,0,0,0,0,0,0,1,51,1,2013,69,9,1,1,1,0
Licenciatura,Divorciado,23910.0,1,0,2012-10-26,80,16,12,18,7,1,13,1,2,0,3,7,0,0,0,0,0,0,0,57,1,2012,67,6,0,1,1,0
Maestría,Casado,42169.0,1,1,2013-10-19,20,19,0,9,0,0,2,2,1,0,3,8,0,0,0,0,0,0,0,57,2,2013,30,6,0,1,1,0
Posgrado,Casado,26224.0,1,0,2013-06-04,39,4,7,15,13,9,15,3,2,1,3,6,0,0,0,0,0,0,0,48,1,2013,63,9,0,1,1,0
Licenciatura,Unión Libre,31089.0,1,0,2012-08-17,57,31,3,31,2,8,4,3,3,0,4,8,0,0,0,0,0,0,0,45,1,2012,79,10,0,1,1,0
Licenciatura,Soltero,30081.0,0,1,2013-02-21,27,36,0,2,0,0,4,1,1,0,3,7,0,0,0,0,0,0,0,65,1,2013,42,5,0,1,1,0
Licenciatura,Unión Libre,62807.0,0,1,2012-08-31,83,526,28,135,10,21,99,3,5,3,12,5,0,0,0,0,0,0,0,66,1,2012,819,23,0,0,0,0
Licenciatura,Soltero,72906.0,0,0,2013-09-17,79,400,32,519,71,75,54,1,3,4,9,1,0,0,0,0,0,0,0,71,0,2013,1151,17,0,0,0,0
Doctorado,Casado,61467.0,0,2,2012-12-09,69,410,16,114,0,5,49,3,5,2,10,5,0,0,0,0,0,0,0,78,2,2012,594,20,0,0,0,0
Maestría,Unión Libre,49618.0,1,1,2013-01-26,77,80,3,26,4,2,14,4,3,1,3,7,0,0,0,0,0,0,0,60,2,2013,129,11,0,1,1,0
Maestría,Soltero,21888.0,1,0,2012-12-29,15,88,10,46,2,3,64,4,5,1,2,10,0,0,0,0,0,0,1,40,1,2012,213,12,1,1,0,0
Licenciatura,Viudo,42429.0,0,1,2014-02-11,99,55,0,6,2,0,4,2,1,1,3,5,0,0,0,0,0,0,0,53,1,2014,67,7,0,1,1,0
Licenciatura,Divorciado,26150.0,2,1,2013-03-11,61,5,1,13,3,5,1,1,1,0,3,7,0,0,0,0,0,0,0,70,3,2013,28,5,0,1,1,0
Básica,Casado,30801.0,0,1,2012-10-26,23,8,4,5,15,2,11,2,1,0,3,7,0,0,0,0,0,0,0,51,1,2012,45,6,0,1,1,0
Licenciatura,Casado,81168.0,0,0,2014-05-07,84,410,0,592,147,22,22,1,6,4,7,3,0,0,0,1,0,0,0,61,0,2014,1193,18,1,0,0,0
Maestría,Soltero,26877.0,0,0,2013-08-19,74,101,13,76,20,18,40,2,3,1,6,6,0,0,0,0,0,0,0,57,0,2013,268,12,0,1,0,0
Maestría,Viudo,45006.0,0,0,2013-07-18,90,162,25,53,16,0,10,1,3,1,7,3,0,0,0,0,0,0,0,82,0,2013,266,12,0,1,0,-1
Básica,Casado,18978.0,1,0,2012-12-11,41,2,8,1,4,7,15,1,1,0,3,8,0,0,0,0,0,0,0,53,1,2012,37,5,0,1,1,0
Licenciatura,Casado,22574.0,2,1,2013-10-28,28,25,0,8,2,0,2,2,2,0,3,7,0,0,0,0,0,0,0,59,3,2013,37,7,0,1,1,0
Doctorado,Soltero,48240.0,0,0,2012-11-09,73,389,91,248,64,49,41,3,6,3,13,5,0,0,0,0,0,0,1,57,0,2012,882,25,1,0,0,0
Licenciatura,Casado,45837.0,1,1,2013-07-26,88,215,13,87,17,17,24,5,6,2,5,7,0,0,0,0,0,0,0,52,2,2013,373,18,0,1,0,0
Maestría,Soltero,35791.0,2,1,2013-05-06,94,27,0,5,0,0,3,2,1,0,3,8,0,0,0,0,0,0,0,61,3,2013,35,6,0,1,1,0
Doctorado,Unión Libre,162397.0,1,1,2013-06-03,31,85,1,16,2,1,2,0,0,0,1,1,0,0,0,0,0,0,0,50,2,2013,107,1,0,1,0,-1
Licenciatura,Viudo,54162.0,1,1,2013-03-18,31,5,6,10,6,5,10,1,1,0,3,4,0,0,0,0,0,0,0,48,2,2013,42,5,0,1,1,0
Maestría,Casado,30522.0,0,1,2012-08-17,6,179,8,83,19,11,26,5,1,2,9,2,0,0,0,0,0,0,0,66,1,2012,326,17,0,1,0,0
Doctorado,Casado,54456.0,0,1,2013-07-11,23,352,0,27,10,0,15,3,6,1,7,6,0,0,0,0,0,0,0,65,1,2013,404,17,0,1,0,0
Licenciatura,Soltero,31632.0,0,0,2013-07-14,92,17,8,12,11,15,32,1,2,1,2,7,0,0,0,0,0,0,0,55,0,2013,95,6,0,1,1,0
Licenciatura,Viudo,72298.0,0,0,2014-03-10,52,625,35,169,58,17,35,1,4,3,6,1,0,1,1,0,0,0,0,77,0,2014,939,14,2,0,0,-1
Posgrado,Soltero,36975.0,1,0,2013-12-28,50,10,6,11,0,4,2,1,1,0,3,7,0,0,0,0,0,0,0,48,1,2013,33,5,0,1,1,0
Posgrado,Casado,72635.0,0,0,2013-06-03,54,390,22,323,104,35,107,1,6,8,6,3,0,0,0,1,0,0,0,71,0,2013,981,21,1,0,0,0
Licenciatura,Casado,13624.0,1,0,2013-01-20,93,10,2,15,2,1,6,2,2,0,3,6,0,0,0,0,0,0,0,50,1,2013,36,7,0,1,1,0
Licenciatura,Soltero,84196.0,0,1,2013-06-03,56,215,63,507,231,31,190,1,8,4,7,3,0,0,0,0,0,0,0,51,1,2013,1237,20,0,0,0,0
Licenciatura,Unión Libre,70971.0,0,1,2012-09-21,28,1001,17,572,93,125,17,7,11,11,5,7,0,0,0,0,0,0,1,66,1,2012,1825,34,1,0,0,-1
Doctorado,Divorciado,34487.0,1,1,2012-09-06,94,19,18,33,24,1,8,3,3,0,3,9,0,0,0,0,0,0,0,49,2,2012,103,9,0,1,1,0
Licenciatura,Soltero,28769.0,1,0,2012-12-18,76,41,5,129,10,3,3,3,4,1,4,9,0,0,0,0,0,0,0,49,1,2012,191,12,0,1,0,0
Doctorado,Casado,69084.0,1,0,2013-11-19,43,1181,107,199,39,30,30,2,7,3,13,8,0,0,0,0,0,0,0,56,1,2013,1586,25,0,0,0,0
Doctorado,Unión Libre,65488.0,0,0,2014-06-13,46,603,45,207,36,18,54,1,3,4,6,1,0,0,0,0,0,0,0,68,0,2014,963,14,0,0,0,0
Posgrado,Casado,62466.0,0,1,2014-01-15,13,129,129,259,168,121,83,5,6,3,12,4,0,0,0,0,0,0,0,56,1,2014,889,26,0,0,0,0
Posgrado,Soltero,32218.0,0,0,2014-02-15,27,10,24,15,13,1,30,1,2,1,3,7,1,0,0,0,0,0,1,66,0,2014,93,7,2,1,1,-1
Licenciatura,Soltero,83917.0,0,0,2013-04-18,12,514,22,732,42,198,79,1,6,7,7,3,0,0,0,0,0,0,1,53,0,2013,1587,21,1,0,0,0
Licenciatura,Divorciado,46102.0,2,1,2014-03-10,3,14,0,1,0,0,1,1,1,0,2,7,0,0,0,0,0,0,0,64,3,2014,16,4,0,1,1,0
Licenciatura,Soltero,84574.0,0,0,2013-06-04,72,387,20,713,38,54,163,1,9,11,11,5,0,0,0,0,0,0,0,74,0,2013,1375,32,0,0,0,0
Licenciatura,Casado,56181.0,0,1,2013-01-08,6,121,103,69,8,44,48,1,4,2,7,4,0,0,0,0,0,0,0,64,1,2013,393,14,0,1,0,0
Maestría,Divorciado,63120.0,0,1,2012-09-28,53,965,69,279,54,41,69,5,8,4,9,7,0,0,0,0,0,0,1,76,1,2012,1477,26,1,0,0,-1
Licenciatura,Casado,73691.0,0,1,2013-11-06,58,707,21,250,85,43,73,2,6,2,8,2,1,0,0,0,0,0,0,55,1,2013,1179,18,1,0,0,0
Licenciatura,Unión Libre,63381.0,0,1,2012-10-05,78,571,50,142,33,50,159,4,4,5,13,2,0,0,0,0,0,0,0,66,1,2012,1005,26,0,0,0,0
Doctorado,Unión Libre,76140.0,0,0,2014-05-13,57,586,66,653,17,0,26,1,5,9,6,2,0,0,0,0,0,0,0,78,0,2014,1348,21,0,0,0,0
Doctorado,Divorciado,62859.0,0,1,2012-12-30,37,1063,89,102,16,12,25,4,9,4,6,6,0,0,0,0,0,0,0,67,1,2012,1307,23,0,0,0,0
Licenciatura,Soltero,45906.0,0,1,2013-05-07,20,305,3,27,4,3,144,2,5,4,4,5,1,0,0,0,0,0,0,62,1,2013,486,15,1,1,0,0
Maestría,Unión Libre,77632.0,0,0,2013-03-10,73,1200,105,758,0,42,147,1,4,2,6,2,0,1,1,0,0,0,1,79,0,2013,2252,13,3,0,0,-1
Doctorado,Casado,46463.0,1,1,2013-08-18,56,163,2,40,8,11,11,7,3,1,6,6,0,0,0,0,0,0,0,55,2,2013,235,17,0,1,0,0
Licenciatura,Unión Libre,105471.0,0,0,2013-01-21,36,1009,181,104,202,21,207,0,9,8,13,3,0,0,1,1,0,0,1,56,0,2013,1724,30,3,0,0,-1
Maestría,Divorciado,55282.0,1,0,2013-12-13,9,125,6,73,8,4,19,1,3,1,6,4,0,0,0,0,0,0,0,56,1,2013,235,11,0,1,1,0
Maestría,Casado,78710.0,0,1,2014-05-23,42,721,0,152,119,50,50,3,7,6,12,4,0,0,0,0,0,0,0,49,1,2014,1092,28,0,0,0,0
Licenciatura,Unión Libre,66886.0,0,1,2013-09-16,28,315,4,62,41,31,146,2,7,1,7,5,0,0,0,0,0,0,0,68,1,2013,599,17,0,0,0,0
Maestría,Soltero,98777.0,0,0,2014-02-17,23,1000,19,711,125,115,38,0,4,6,9,1,0,1,0,0,0,0,0,66,0,2014,2008,19,1,0,0,-1
Licenciatura,Unión Libre,29103.0,1,0,2012-08-27,38,16,0,17,6,3,6,2,1,0,3,9,0,0,0,0,0,0,0,41,1,2012,48,6,0,1,1,0
Licenciatura,Casado,67445.0,0,1,2012-08-12,63,757,80,217,29,80,11,5,9,6,12,6,0,0,0,0,0,0,0,52,1,2012,1174,32,0,0,0,0
Doctorado,Unión Libre,50616.0,0,1,2014-04-13,71,30,2,25,0,1,9,1,1,1,4,2,0,0,0,0,0,0,0,76,1,2014,67,7,0,1,0,0
Licenciatura,Divorciado,49431.0,0,1,2012-08-03,9,219,3,100,26,0,17,2,7,1,5,8,0,0,0,0,0,0,0,71,1,2012,365,15,0,1,0,0
Licenciatura,Divorciado,153924.0,0,0,2014-02-07,81,1,1,1,1,1,1,0,0,0,0,0,0,0,0,0,0,0,0,51,0,2014,6,0,0,0,0,-1
Licenciatura,Unión Libre,61278.0,0,1,2014-01-04,87,111,3,28,2,6,15,2,3,1,4,6,0,0,0,0,0,0,0,73,1,2014,165,10,0,1,0,0
Posgrado,Unión Libre,26490.0,0,0,2012-09-22,92,45,47,52,21,20,25,2,3,1,5,6,0,0,0,0,0,0,0,68,0,2012,210,11,0,1,0,0
Doctorado,Unión Libre,73059.0,0,1,2013-08-31,36,410,112,420,0,82,71,1,9,3,13,4,0,0,0,0,0,0,0,79,1,2013,1095,26,0,0,0,0
Doctorado,Soltero,46734.0,1,2,2013-10-21,86,100,1,39,6,1,76,4,3,2,3,6,1,0,0,0,0,0,0,60,3,2013,223,12,1,1,0,-1
Licenciatura,Unión Libre,56253.0,0,1,2012-12-07,83,509,0,65,7,11,5,4,7,2,9,6,0,0,0,0,0,0,0,63,1,2012,597,22,0,0,0,0
Licenciatura,Casado,19986.0,1,0,2013-11-14,74,3,6,5,0,2,6,1,0,0,3,7,0,0,0,0,0,0,0,41,1,2013,22,4,0,1,1,0
Licenciatura,Viudo,58330.0,0,1,2013-12-25,87,445,53,213,104,98,151,1,6,4,13,4,0,0,0,0,0,0,0,51,1,2013,1064,24,0,0,0,0
Básica,Casado,25965.0,0,0,2012-09-07,29,2,2,11,41,7,11,1,2,0,3,8,0,0,0,0,0,0,0,46,0,2012,74,6,0,1,1,0
Maestría,Unión Libre,14661.0,0,0,2013-01-01,88,4,1,11,6,2,2,1,1,0,3,6,0,0,0,0,0,0,0,70,0,2013,26,5,0,1,0,0
Licenciatura,Casado,18690.0,0,0,2012-12-28,77,6,1,7,23,4,19,1,1,1,2,8,0,0,0,0,0,0,0,67,0,2012,60,5,0,1,0,0
Doctorado,Unión Libre,45068.0,0,1,2013-05-16,25,14,0,3,0,0,3,1,1,0,2,7,0,0,0,0,0,0,0,52,1,2013,20,4,0,1,1,0
Básica,Soltero,21063.0,1,0,2013-09-25,34,1,10,11,19,3,15,2,2,0,3,6,0,0,0,0,0,0,0,39,1,2013,59,7,0,1,1,0
Doctorado,Casado,29187.0,1,0,2013-05-09,43,26,0,6,0,0,2,1,1,0,3,8,0,0,0,0,0,0,0,58,1,2013,34,5,0,1,1,0
Posgrado,Casado,54690.0,1,1,2013-11-07,76,111,16,37,7,9,18,3,3,1,5,3,0,0,0,0,0,0,0,55,2,2013,198,12,0,1,1,0
Doctorado,Casado,59304.0,0,1,2013-07-29,81,418,61,428,80,51,10,3,7,8,10,5,0,0,0,0,0,0,0,62,1,2013,1048,28,0,0,0,0
Maestría,Soltero,59247.0,0,2,2013-11-08,87,327,9,122,19,14,83,5,5,2,9,6,0,0,0,0,0,0,0,64,2,2013,574,21,0,1,0,0
Licenciatura,Viudo,66731.0,0,1,2012-09-12,33,371,159,194,58,106,141,4,4,3,6,3,0,0,0,0,0,0,0,56,1,2012,1029,17,0,0,0,0
Licenciatura,Casado,77353.0,0,1,2013-12-16,38,275,59,107,69,101,59,2,6,4,8,4,0,0,0,0,0,0,0,46,1,2013,670,20,0,0,0,0
Doctorado,Soltero,52614.0,0,1,2012-12-01,63,789,0,142,12,9,38,2,2,4,8,8,0,0,0,0,0,0,0,51,1,2012,990,16,0,0,0,0
Licenciatura,Casado,26751.0,2,0,2014-05-22,26,1,1,5,0,3,1,1,1,0,2,8,0,0,0,0,0,0,0,52,2,2014,11,4,0,1,1,0
Doctorado,Casado,81300.0,0,1,2012-10-30,17,1004,12,145,32,12,36,3,10,3,5,5,0,0,0,1,0,0,1,63,1,2012,1241,21,2,0,0,0
Licenciatura,Soltero,70337.0,0,0,2014-01-02,75,187,81,149,25,43,91,1,2,2,12,1,0,0,0,0,0,0,0,47,0,2014,576,17,0,0,0,0
Posgrado,Casado,36145.0,1,0,2013-06-16,13,56,4,76,17,1,18,4,4,1,3,9,1,0,0,0,0,0,1,41,1,2013,172,12,2,1,1,-1
Doctorado,Soltero,65295.0,0,0,2013-12-23,19,365,32,117,34,110,6,1,3,3,13,2,0,0,0,0,0,0,0,46,0,2013,664,20,0,0,0,0
Licenciatura,Divorciado,68118.0,0,1,2013-10-18,51,595,23,123,10,23,154,2,8,9,4,6,0,0,0,0,0,0,0,63,1,2013,928,23,0,0,0,0
Licenciatura,Divorciado,68743.0,0,0,2012-08-30,81,1132,134,384,175,134,115,1,11,5,13,7,0,0,0,0,0,0,0,59,0,2012,2074,30,0,0,0,-1
Posgrado,Unión Libre,41039.0,0,0,2013-07-25,32,34,11,137,179,61,45,1,8,1,5,8,0,0,0,0,0,0,0,44,0,2013,467,15,0,1,0,-1
Licenciatura,Unión Libre,38946.0,0,1,2013-10-24,84,116,6,82,6,6,41,2,3,1,6,5,0,0,0,0,0,0,0,71,1,2013,257,12,0,1,0,0
Licenciatura,Unión Libre,65777.0,0,0,2013-12-19,87,565,32,435,28,32,54,1,2,8,6,1,0,0,0,0,0,0,0,59,0,2013,1146,17,0,0,0,0
Doctorado,Divorciado,66476.0,0,1,2013-03-07,99,372,18,126,47,48,78,2,5,2,11,4,0,0,0,0,0,0,0,50,1,2013,689,20,0,0,0,0
Doctorado,Soltero,86857.0,0,0,2012-09-12,96,899,102,838,133,102,40,1,5,6,10,2,0,0,0,0,0,0,1,54,0,2012,2114,22,1,0,0,-1
Doctorado,Casado,160803.0,0,0,2012-08-04,21,55,16,1622,17,3,4,15,0,28,1,0,0,0,0,0,0,0,0,44,0,2012,1717,44,0,0,0,-1
Doctorado,Unión Libre,77845.0,0,0,2014-05-16,40,760,40,480,0,40,26,1,3,5,12,1,0,0,1,1,0,0,0,37,0,2014,1346,21,2,0,0,-1
Doctorado,Unión Libre,69476.0,0,0,2013-09-30,3,260,86,559,63,9,67,1,4,6,4,2,0,0,0,0,0,0,0,57,0,2013,1044,15,0,0,0,0
Doctorado,Divorciado,50611.0,0,1,2012-10-04,98,459,0,24,6,0,4,6,4,5,7,6,0,1,0,0,0,0,1,66,1,2012,493,22,2,0,0,-1
Licenciatura,Soltero,61209.0,0,0,2013-08-25,73,466,0,224,119,49,99,1,5,3,4,2,0,0,0,0,0,0,0,56,0,2013,957,13,0,0,0,0
Maestría,Unión Libre,42315.0,0,1,2013-07-12,90,67,15,80,17,11,80,3,1,4,4,3,0,0,0,0,0,0,0,68,1,2013,270,12,0,1,1,0
Básica,Unión Libre,13084.0,0,0,2013-11-02,29,2,0,7,3,7,10,1,1,0,3,6,0,0,0,0,0,0,0,74,0,2013,29,5,0,1,0,-1
Maestría,Viudo,47570.0,1,1,2013-05-29,3,67,1,20,0,2,31,3,2,2,2,7,0,0,0,0,0,0,1,77,2,2013,121,9,1,1,1,-1
Maestría,Casado,61923.0,0,2,2013-07-26,94,92,4,18,3,3,6,1,2,1,4,3,0,0,0,0,0,0,0,65,2,2013,126,8,0,1,1,0
Licenciatura,Soltero,34824.0,0,0,2014-03-26,65,4,2,11,2,0,4,1,1,0,2,6,0,0,0,0,0,0,0,31,0,2014,23,4,0,1,1,0
Doctorado,Soltero,26518.0,1,1,2013-04-08,33,20,1,28,3,3,2,3,2,0,3,8,0,0,0,0,0,0,1,77,2,2013,57,8,1,1,1,-1
Licenciatura,Soltero,45938.0,0,0,2013-11-03,46,273,11,178,62,83,29,2,8,4,6,6,0,0,0,0,0,0,0,65,0,2013,636,20,0,0,0,0
Licenciatura,Unión Libre,78468.0,0,0,2014-04-09,29,434,22,388,104,22,34,1,10,7,10,4,0,0,0,1,0,0,0,66,0,2014,1004,28,1,0,0,0
Licenciatura,Divorciado,78901.0,0,1,2013-09-17,99,321,11,309,33,26,34,3,9,3,5,4,0,0,0,0,0,0,0,53,1,2013,734,20,0,0,0,0
Licenciatura,Casado,71427.0,2,0,2014-03-12,26,212,123,177,15,64,23,2,8,2,8,4,0,0,0,0,0,0,0,48,2,2014,614,20,0,1,0,0
Licenciatura,Divorciado,71022.0,0,1,2014-02-11,30,909,12,278,0,12,242,3,5,2,11,8,1,0,0,0,0,0,0,48,1,2014,1453,21,1,0,0,0
Maestría,Soltero,90247.0,0,0,2014-04-29,27,1184,32,352,21,16,16,1,3,4,7,1,0,1,1,1,0,0,1,38,0,2014,1621,15,4,0,0,-1
Maestría,Divorciado,41335.0,1,0,2013-12-26,24,112,19,21,16,14,5,3,4,1,4,7,0,0,0,0,0,0,0,58,1,2013,187,12,0,1,1,0
Licenciatura,Casado,71952.0,1,0,2013-01-10,93,656,80,455,52,107,93,2,8,4,8,4,1,0,1,0,0,0,0,40,1,2013,1443,22,2,0,0,0
Doctorado,Divorciado,35682.0,1,0,2014-06-27,34,23,0,8,6,2,18,1,1,1,3,2,0,0,0,0,0,0,0,56,1,2014,57,6,0,1,1,0
Licenciatura,Divorciado,43185.0,0,1,2013-04-10,88,537,6,42,16,6,30,2,9,3,6,8,0,0,0,0,0,0,0,75,1,2013,637,20,0,0,0,0
Doctorado,Unión Libre,66375.0,0,1,2013-11-21,96,712,0,45,0,0,191,3,2,4,5,7,1,0,0,0,0,0,0,78,1,2013,948,14,1,0,0,0
Maestría,Casado,35178.0,1,0,2013-01-10,10,23,1,13,2,2,18,1,1,1,2,7,1,0,0,0,0,0,1,55,1,2013,59,5,2,1,1,0
Licenciatura,Casado,25252.0,1,0,2013-07-12,26,1,3,4,2,2,6,1,1,0,2,8,0,0,0,0,0,0,0,40,1,2013,18,4,0,1,1,0
Maestría,Soltero,55250.0,0,1,2012-10-21,49,664,58,83,32,0,66,4,7,5,10,5,0,0,0,0,0,0,0,61,1,2012,903,26,0,0,0,0
Licenciatura,Soltero,33249.0,1,0,2013-02-20,11,6,10,21,19,14,42,2,2,1,3,6,0,0,0,0,0,0,0,51,1,2013,112,8,0,1,1,0
Licenciatura,Unión Libre,58398.0,0,0,2013-05-14,44,299,5,201,21,21,49,3,5,4,8,4,0,0,0,0,0,0,0,73,0,2013,596,20,0,0,0,0
Licenciatura,Unión Libre,50272.0,1,0,2013-08-07,75,99,13,66,43,8,4,3,4,1,5,7,0,0,0,0,0,0,0,44,1,2013,233,13,0,1,0,0
Doctorado,Casado,76618.0,0,0,2012-12-07,64,749,40,294,121,160,147,1,3,2,5,1,0,0,0,0,0,0,0,51,0,2012,1511,11,0,0,0,0
Posgrado,Divorciado,87305.0,0,0,2012-09-23,19,345,25,501,63,138,80,1,5,3,8,2,0,0,1,0,0,0,1,66,0,2012,1152,17,2,0,0,-1
Licenciatura,Unión Libre,25851.0,1,0,2013-02-11,45,9,4,18,7,5,5,2,2,0,3,7,0,0,0,0,0,0,0,48,1,2013,48,7,0,1,1,0
Licenciatura,Divorciado,58710.0,0,1,2013-03-31,77,440,81,368,0,122,174,6,11,5,9,6,0,0,0,0,0,0,0,56,1,2013,1185,31,0,0,0,0
Licenciatura,Soltero,45160.0,1,1,2014-03-29,9,8,2,5,3,0,3,1,1,0,2,7,0,0,0,0,0,0,0,68,2,2014,21,4,0,1,1,0
Maestría,Casado,74806.0,0,1,2012-12-19,1,670,9,249,0,28,9,2,5,4,5,4,0,0,0,0,0,0,0,61,1,2012,965,16,0,0,0,0
Licenciatura,Casado,59111.0,0,0,2013-05-02,90,524,0,134,28,28,155,1,11,1,8,7,0,0,0,0,0,0,0,72,0,2013,869,21,0,0,0,0
Doctorado,Casado,18988.0,1,0,2014-05-23,43,6,0,6,2,1,1,2,1,0,3,7,0,0,0,0,0,0,0,42,1,2014,16,6,0,1,1,0
Licenciatura,Casado,72190.0,0,0,2013-02-13,79,597,166,597,172,166,249,1,5,6,4,3,0,0,0,0,0,0,0,61,0,2013,1947,16,0,0,0,0
Licenciatura,Casado,7500.0,1,0,2012-08-01,19,7,0,12,13,7,32,5,4,1,2,9,1,0,0,0,0,0,1,50,1,2012,71,12,2,1,1,0
Licenciatura,Casado,44794.0,0,1,2014-06-08,99,54,0,7,0,0,4,1,2,0,3,6,0,0,0,0,0,0,0,60,1,2014,65,6,0,1,1,0
Licenciatura,Casado,80395.0,0,0,2013-11-23,62,445,25,706,80,76,48,1,6,5,12,2,0,0,0,1,0,0,0,71,0,2013,1380,24,1,0,0,0
Maestría,Divorciado,75012.0,0,0,2014-01-25,41,294,142,218,164,58,151,1,3,8,11,1,0,0,0,0,0,0,0,50,0,2014,1027,23,0,0,0,-1
Maestría,Casado,56962.0,2,1,2013-10-11,60,292,3,77,10,3,26,7,6,3,5,7,0,0,0,0,0,0,0,61,3,2013,411,21,0,1,0,0
Licenciatura,Unión Libre,89891.0,0,0,2013-04-15,17,412,22,132,59,28,183,1,11,6,8,4,0,0,1,0,0,0,0,35,0,2013,836,26,1,0,0,-1
Doctorado,Divorciado,35946.0,1,1,2013-09-27,24,8,0,3,0,0,0,1,0,0,3,5,0,0,0,0,0,0,0,77,2,2013,11,4,0,1,1,0
Doctorado,Unión Libre,53593.0,1,1,2012-08-07,60,349,4,78,6,0,43,8,7,2,6,8,0,0,0,0,0,0,0,73,2,2012,480,23,0,1,0,0
Licenciatura,Casado,66373.0,1,1,2013-06-12,57,328,9,124,12,24,109,7,4,2,10,3,0,0,0,0,0,0,0,48,2,2013,606,23,0,0,0,0
Doctorado,Divorciado,45072.0,1,2,2013-10-16,74,144,2,99,7,2,30,5,6,1,4,8,0,0,0,0,0,0,0,78,3,2013,284,16,0,1,1,-1
Licenciatura,Divorciado,89694.0,1,1,2013-10-09,22,1126,28,211,37,28,42,3,4,3,4,5,0,1,1,1,0,0,0,53,2,2013,1472,14,3,0,0,-1
Licenciatura,Casado,72025.0,0,0,2014-04-29,46,967,0,617,43,50,0,1,4,8,13,2,0,1,1,1,0,0,1,77,0,2014,1677,26,4,0,0,-1
Licenciatura,Casado,67432.0,0,1,2013-03-29,69,432,79,341,177,136,170,2,8,5,4,4,0,0,0,0,0,0,0,53,1,2013,1335,19,0,0,0,0
Maestría,Unión Libre,70545.0,0,1,2014-06-03,29,138,39,63,55,18,21,1,4,1,7,2,0,0,0,0,0,0,0,74,1,2014,334,13,0,1,1,0
Básica,Casado,17487.0,1,0,2013-03-18,37,0,0,1,7,4,6,1,1,0,2,7,0,0,0,0,0,0,0,37,1,2013,18,4,0,1,1,0
Licenciatura,Unión Libre,62882.0,0,1,2012-08-09,26,509,133,497,78,24,97,2,7,5,6,4,0,0,0,0,0,0,0,57,1,2012,1338,20,0,0,0,0
Doctorado,Soltero,64108.0,0,1,2013-03-23,8,948,10,86,13,21,21,4,6,9,11,5,0,0,0,0,0,0,0,73,1,2013,1099,30,0,0,0,0
Maestría,Unión Libre,34941.0,1,1,2013-03-06,26,39,2,25,4,3,24,2,3,0,3,8,0,0,0,0,0,0,0,70,2,2013,97,8,0,1,1,0
Doctorado,Soltero,48767.0,1,2,2014-01-01,79,28,1,21,3,0,10,3,2,1,3,5,0,0,0,0,0,0,0,76,3,2014,63,9,0,1,1,-1
Posgrado,Unión Libre,38702.0,1,0,2013-08-01,71,13,11,24,13,8,40,2,3,0,4,6,0,0,0,0,0,0,0,48,1,2013,109,9,0,1,1,0
Licenciatura,Casado,82224.0,0,0,2014-01-25,83,307,26,360,138,31,40,1,6,9,5,3,0,0,0,1,0,0,0,62,0,2014,902,21,1,0,0,0
Licenciatura,Unión Libre,83844.0,0,0,2013-05-12,57,901,31,345,75,31,191,1,4,4,11,1,0,0,1,0,0,0,0,74,0,2013,1574,20,1,0,0,0
Posgrado,Casado,17003.0,1,0,2013-12-09,37,2,5,12,4,8,7,3,2,0,4,5,0,0,0,0,0,0,0,51,1,2013,38,9,0,1,1,0
Licenciatura,Soltero,71163.0,0,0,2014-03-09,30,283,17,372,138,106,44,1,3,8,12,1,0,0,0,0,0,0,0,31,0,2014,960,24,0,0,0,0
Licenciatura,Soltero,33697.0,1,0,2013-09-15,34,4,3,7,0,3,11,1,1,0,2,7,1,0,0,0,0,0,0,56,1,2013,28,4,1,1,1,0
Posgrado,Casado,63564.0,0,0,2014-01-29,0,769,80,252,15,34,65,1,10,10,7,6,1,0,0,0,0,0,1,72,0,2014,1215,28,2,0,0,-1
Doctorado,Unión Libre,83443.0,0,0,2013-12-31,89,518,42,742,55,56,84,1,6,10,5,2,0,0,0,0,0,0,0,54,0,2013,1497,22,0,0,0,0
Doctorado,Unión Libre,51518.0,0,1,2013-10-03,92,350,8,66,17,4,4,2,3,2,10,3,0,0,0,0,0,0,0,68,1,2013,449,17,0,1,0,0
Licenciatura,Viudo,58330.0,0,1,2013-12-25,87,445,53,213,104,98,151,1,6,4,13,4,0,0,0,0,0,0,0,51,1,2013,1064,24,0,0,0,0
Licenciatura,Casado,80952.0,0,0,2013-02-28,20,778,178,689,41,27,44,1,8,5,11,8,0,1,1,1,0,0,1,57,0,2013,1757,25,4,0,0,-1
Licenciatura,Unión Libre,75507.0,0,0,2014-05-02,56,709,93,374,104,80,80,1,8,6,6,3,0,0,0,0,0,0,0,47,0,2014,1440,21,0,0,0,0
Posgrado,Unión Libre,63855.0,0,0,2013-02-09,28,359,35,314,93,116,89,1,7,3,13,4,0,0,0,0,0,0,0,48,0,2013,1006,24,0,0,0,-1
Doctorado,Unión Libre,62220.0,0,1,2012-08-11,55,799,12,375,16,12,12,5,7,6,5,6,0,0,0,0,0,0,1,54,1,2012,1226,23,1,0,0,0
Licenciatura,Casado,58512.0,0,1,2013-09-19,25,895,10,101,13,0,152,5,3,4,8,8,0,0,0,0,0,0,0,62,1,2013,1171,20,0,0,0,0
Maestría,Casado,40662.0,1,0,2013-03-15,0,40,2,23,0,4,23,2,2,1,3,4,0,0,0,0,0,0,0,47,1,2013,92,8,0,1,1,0
Doctorado,Casado,38829.0,0,1,2014-04-06,86,76,0,7,0,0,16,1,3,2,2,5,0,0,0,0,0,0,0,67,1,2014,99,8,0,1,0,0
Posgrado,Casado,35523.0,1,0,2013-10-03,8,11,5,22,12,5,11,2,3,0,3,7,0,0,0,0,0,0,0,45,1,2013,66,8,0,1,1,0
Licenciatura,Soltero,79146.0,1,1,2014-04-24,33,245,16,223,21,43,16,2,8,1,8,6,0,0,0,0,0,0,0,59,2,2014,564,19,0,0,0,0
Maestría,Casado,78285.0,0,0,2013-10-28,13,647,107,391,175,67,40,1,6,4,10,3,0,0,0,0,0,0,0,38,0,2013,1427,21,0,0,0,0
Doctorado,Soltero,31626.0,1,0,2013-05-10,12,39,1,9,2,1,34,1,2,1,2,7,1,0,0,0,0,0,1,48,1,2013,86,6,2,1,1,0
Licenciatura,Soltero,75127.0,0,0,2014-05-22,92,203,35,305,46,17,227,1,2,11,5,1,0,0,0,0,0,0,0,74,0,2014,833,19,0,0,0,0
Licenciatura,Casado,48726.0,0,1,2013-04-27,90,138,3,38,4,0,59,3,3,2,4,6,0,0,0,0,0,0,0,71,1,2013,242,12,0,1,0,0
Licenciatura,Casado,74985.0,0,0,2012-09-11,8,587,51,898,247,0,86,1,3,6,7,2,0,0,0,0,0,0,0,49,0,2012,1869,17,0,0,0,0
Licenciatura,Unión Libre,67430.0,0,0,2012-09-05,6,595,97,291,127,133,121,1,11,5,12,6,0,0,0,0,0,0,0,39,0,2012,1364,29,0,0,0,0
Posgrado,Casado,46891.0,0,1,2013-09-01,91,43,12,23,29,15,61,1,2,1,4,4,0,0,0,0,0,0,0,61,1,2013,183,8,0,1,1,0
Maestría,Casado,62058.0,0,1,2013-05-26,52,301,7,74,10,0,58,4,6,1,7,6,0,0,0,0,0,0,0,70,1,2013,450,18,0,0,0,0
Licenciatura,Casado,72063.0,0,1,2013-07-03,3,180,32,348,76,32,90,2,5,2,12,2,0,0,0,0,0,0,0,47,1,2013,758,21,0,0,0,0
Doctorado,Casado,78939.0,0,0,2013-12-12,57,794,115,243,150,0,205,1,8,5,6,3,0,0,0,0,0,0,0,75,0,2013,1507,20,0,0,0,0
Licenciatura,Soltero,42720.0,1,1,2013-04-24,9,392,5,91,28,26,112,8,7,3,7,8,0,0,0,0,0,0,1,61,2,2013,654,25,1,0,0,0
Licenciatura,Casado,33622.0,1,1,2013-04-13,22,39,1,22,3,4,12,3,2,0,4,7,0,0,0,0,0,0,0,54,2,2013,81,9,0,1,1,0
Doctorado,Unión Libre,6835.0,0,1,2012-12-08,76,107,2,12,2,2,12,0,0,0,1,20,0,0,0,0,0,0,0,69,1,2012,137,1,0,1,1,-1
Licenciatura,Unión Libre,41452.0,1,1,2013-03-06,86,13,0,3,0,0,0,1,1,0,2,7,0,0,0,0,0,0,0,73,2,2013,16,4,0,1,1,0
Doctorado,Soltero,40760.0,0,1,2013-08-30,64,70,0,17,0,0,6,2,2,1,3,6,0,0,0,0,0,0,0,61,1,2013,93,8,0,1,1,0
Doctorado,Unión Libre,74250.0,0,0,2014-01-26,90,680,11,392,75,0,0,1,2,11,4,1,0,0,0,0,0,0,0,68,0,2014,1158,18,0,0,0,0
Maestría,Soltero,51124.0,1,1,2013-12-18,79,26,1,11,0,1,4,2,1,0,3,3,0,0,0,0,0,0,0,71,2,2013,43,6,0,1,1,0
Licenciatura,Soltero,72258.0,0,1,2013-09-12,28,522,0,522,227,120,134,2,6,9,5,2,0,0,0,0,0,0,0,55,1,2013,1525,22,0,0,0,0
Doctorado,Soltero,71466.0,0,0,2014-04-05,86,412,12,546,78,182,0,1,4,4,10,1,0,0,0,0,0,0,0,52,0,2014,1230,19,0,0,0,0
Licenciatura,Unión Libre,36283.0,1,1,2014-04-14,42,6,5,5,8,0,5,2,1,0,3,4,0,0,0,0,0,0,0,50,2,2014,29,6,0,1,1,0
Licenciatura,Soltero,20587.0,1,0,2014-05-11,39,2,3,6,4,1,9,1,1,1,2,7,0,0,0,0,0,0,0,56,1,2014,25,5,0,1,1,0
Licenciatura,Casado,30467.0,1,0,2014-03-19,8,1,3,8,2,5,5,1,1,0,2,7,0,0,0,0,0,0,0,54,1,2014,24,4,0,1,1,0
Licenciatura,Unión Libre,31590.0,1,0,2013-06-18,40,6,2,15,6,6,3,1,1,0,3,8,0,0,0,0,0,0,0,54,1,2013,38,5,0,1,1,0
Básica,Casado,20425.0,1,0,2012-10-29,5,4,12,5,3,16,17,2,2,0,3,7,0,0,0,0,0,0,0,40,1,2012,57,7,0,1,1,0
Maestría,Unión Libre,17144.0,1,1,2014-02-15,96,18,2,19,0,2,6,5,3,0,4,7,0,0,0,0,0,0,0,66,2,2014,47,12,0,1,1,0
Doctorado,Divorciado,42564.0,0,1,2013-01-02,28,324,48,186,39,18,198,6,6,8,4,7,1,0,0,0,0,0,1,58,1,2013,813,24,2,0,0,-1
Maestría,Casado,43783.0,1,0,2014-05-29,22,327,9,125,25,4,139,6,7,1,8,7,1,0,0,0,0,0,0,48,1,2014,629,22,1,0,0,0
Licenciatura,Divorciado,40780.0,0,1,2012-09-08,30,229,27,71,13,3,34,4,7,1,5,9,0,0,0,0,0,0,0,50,1,2012,377,17,0,1,1,0
Maestría,Unión Libre,62847.0,0,0,2013-01-15,45,521,168,706,80,76,61,1,3,6,4,2,0,0,0,0,0,0,0,81,0,2013,1612,14,0,0,0,0
Doctorado,Casado,82017.0,0,0,2012-11-07,58,184,23,446,30,23,23,1,5,4,7,2,0,1,1,1,0,0,1,69,0,2012,729,17,4,0,0,-1
Licenciatura,Soltero,16813.0,0,0,2013-07-19,49,4,8,11,12,2,13,1,2,0,3,7,1,0,0,0,0,0,0,76,0,2013,50,6,1,1,0,-1
Licenciatura,Casado,51267.0,1,1,2013-10-29,37,183,2,64,7,2,12,4,3,3,5,4,0,0,0,0,0,0,0,48,2,2013,270,15,0,1,0,0
Licenciatura,Soltero,46524.0,0,1,2013-04-05,70,31,19,35,26,14,52,2,1,1,5,3,0,0,0,0,0,0,0,65,1,2013,177,9,0,1,0,0
Maestría,Soltero,45183.0,0,0,2013-01-20,33,219,3,60,12,9,12,1,4,1,7,7,0,1,0,0,0,0,0,64,0,2013,315,13,1,1,0,-1
Doctorado,Casado,70421.0,0,1,2014-06-28,98,479,28,136,75,14,35,3,10,3,7,6,0,0,0,0,0,0,0,72,1,2014,767,23,0,0,0,0
Posgrado,Divorciado,60161.0,0,1,2012-10-23,17,584,44,212,46,8,177,3,11,4,8,8,0,0,0,0,0,0,0,61,1,2012,1071,26,0,0,0,0
Licenciatura,Unión Libre,73926.0,0,0,2013-03-02,54,627,91,597,159,91,15,1,6,5,12,3,0,0,0,0,0,0,0,53,0,2013,1580,24,0,0,0,0
Licenciatura,Casado,19329.0,1,0,2013-12-14,39,24,1,16,12,2,5,3,4,0,3,8,0,0,0,0,0,0,0,58,1,2013,60,10,0,1,1,0
Maestría,Casado,61872.0,0,1,2013-12-13,81,330,5,159,36,27,16,4,4,4,9,4,0,0,0,0,0,0,0,56,1,2013,573,21,0,0,0,0
Licenciatura,Viudo,46984.0,1,1,2013-03-26,71,19,1,10,2,1,8,1,1,0,3,5,0,0,0,0,0,0,0,70,2,2013,41,5,0,1,1,0
Licenciatura,Casado,34838.0,1,1,2013-01-19,62,28,23,29,29,14,47,3,2,1,4,6,0,0,0,0,0,0,0,75,2,2013,170,10,0,1,1,0
Doctorado,Soltero,82716.0,0,0,2013-11-05,8,606,148,228,15,148,22,1,6,8,13,2,0,0,0,0,0,0,0,82,0,2013,1167,28,0,0,0,-1
Licenciatura,Casado,48192.0,0,0,2013-04-06,76,1039,43,204,153,58,29,3,2,8,12,8,0,1,0,1,1,0,1,68,0,2013,1526,25,4,0,0,-1
Maestría,Casado,49681.0,0,2,2013-11-04,66,411,0,26,0,0,21,6,7,1,7,7,0,0,0,0,0,0,0,50,2,2013,458,21,0,1,0,0
Maestría,Casado,56850.0,0,1,2014-03-23,83,34,1,19,2,7,0,1,1,1,3,2,0,0,0,0,0,0,0,55,1,2014,63,6,0,1,1,0
Licenciatura,Casado,55267.0,0,1,2013-10-21,28,161,28,136,32,3,45,4,3,4,6,3,0,0,0,0,0,0,0,69,1,2013,405,17,0,1,0,0
Licenciatura,Casado,59666.0,1,1,2013-03-22,87,623,53,178,23,17,133,7,3,2,8,8,0,1,0,0,0,0,0,54,2,2013,1027,20,1,0,0,0
Licenciatura,Soltero,72504.0,0,1,2013-04-06,43,604,26,470,123,161,94,2,5,9,6,2,0,0,0,0,0,0,0,54,1,2013,1478,22,0,0,0,0
Licenciatura,Casado,26872.0,0,0,2013-10-16,0,3,10,8,3,16,32,1,1,1,2,6,0,0,0,0,0,0,0,45,0,2013,72,5,0,1,1,0
Licenciatura,Soltero,21359.0,1,0,2013-04-20,1,12,2,17,6,1,10,2,2,0,3,8,0,0,0,0,0,0,1,54,1,2013,48,7,1,1,1,0
Licenciatura,Soltero,73170.0,0,0,2014-05-31,1,184,174,256,50,30,32,1,5,4,6,2,0,0,0,0,0,0,0,51,0,2014,726,16,0,0,0,0
Maestría,Casado,52750.0,0,1,2013-02-04,72,393,0,239,90,69,69,6,5,7,9,4,0,0,0,0,0,0,0,71,1,2013,860,27,0,0,0,0
Doctorado,Unión Libre,91820.0,0,0,2013-11-23,72,410,73,747,76,161,30,0,5,5,12,1,0,0,0,0,0,0,0,40,0,2013,1497,22,0,0,0,0
Doctorado,Unión Libre,65968.0,0,1,2014-05-12,12,376,9,83,19,4,4,2,5,4,7,3,0,0,0,0,0,0,0,56,1,2014,495,18,0,0,0,0
Licenciatura,Casado,30772.0,1,1,2014-03-12,89,7,2,4,2,1,4,1,1,0,2,6,0,0,0,0,0,0,0,50,2,2014,20,4,0,1,1,0
Licenciatura,Soltero,22507.0,0,0,2012-11-24,67,68,0,226,51,157,68,3,10,2,4,9,0,0,0,0,0,0,0,72,0,2012,570,19,0,1,0,0
Licenciatura,Casado,65685.0,0,1,2014-03-29,54,642,14,49,0,7,57,1,9,2,9,5,0,0,0,0,0,0,0,54,1,2014,769,21,0,0,0,0
Posgrado,Casado,25804.0,1,0,2013-09-01,34,8,7,9,13,6,12,2,2,0,3,8,0,0,0,0,0,0,0,48,1,2013,55,7,0,1,1,0
Doctorado,Soltero,76412.0,0,0,2013-05-05,15,840,53,804,23,71,17,1,5,4,8,3,0,0,1,1,0,0,1,46,0,2013,1808,18,3,0,0,-1
Licenciatura,Casado,22063.0,1,0,2013-08-08,43,7,10,13,3,11,11,2,2,0,3,7,0,0,0,0,0,0,0,54,1,2013,55,7,0,1,1,0
Licenciatura,Soltero,57091.0,0,0,2014-06-15,0,464,5,64,7,0,37,1,7,3,7,5,0,0,0,0,1,0,1,65,0,2014,577,18,2,0,0,-1
Licenciatura,Casado,22419.0,0,0,2013-04-18,74,30,3,47,19,21,42,1,3,2,2,8,0,0,0,0,0,0,0,63,0,2013,162,8,0,1,0,0
Licenciatura,Unión Libre,87771.0,0,1,2013-05-22,61,1492,38,287,50,57,33,1,5,10,4,6,0,1,1,1,1,0,1,67,1,2013,1957,20,5,0,0,-1
Posgrado,Divorciado,78353.0,0,1,2013-04-16,51,752,122,476,39,153,34,1,10,2,11,8,0,0,0,0,0,0,0,67,1,2013,1576,24,0,0,0,0
Licenciatura,Casado,93404.0,1,2,2013-05-07,97,1279,15,287,20,0,15,3,3,4,7,5,0,1,1,0,0,0,0,72,3,2013,1616,17,2,0,0,-1
Licenciatura,Divorciado,37859.0,1,2,2013-01-12,75,22,1,8,2,1,2,2,1,0,3,8,0,0,0,0,0,0,0,64,3,2013,36,6,0,1,1,0
Doctorado,Viudo,80995.0,0,1,2013-05-11,83,860,28,409,73,56,56,1,8,9,4,4,0,0,0,0,0,0,0,68,1,2013,1482,22,0,0,0,-1
Licenciatura,Unión Libre,16529.0,1,0,2014-03-01,23,3,0,5,13,0,1,1,1,0,3,6,0,0,0,0,0,0,0,42,1,2014,22,5,0,1,1,0
Doctorado,Divorciado,55412.0,1,1,2013-11-22,65,10,5,28,11,1,8,1,2,0,3,5,0,0,0,0,0,0,0,50,2,2013,63,6,0,1,1,0
Licenciatura,Soltero,48789.0,0,0,2012-09-10,94,351,16,156,7,5,145,1,6,4,7,6,0,0,0,0,0,0,0,34,0,2012,680,18,0,0,0,0
Doctorado,Unión Libre,56575.0,0,2,2013-05-05,42,421,5,90,0,16,10,3,7,3,7,5,0,0,0,0,0,0,0,59,2,2013,542,20,0,1,0,0
Posgrado,Unión Libre,25130.0,1,0,2013-10-02,10,2,5,7,0,18,18,2,2,0,3,7,0,0,0,0,0,0,0,46,1,2013,50,7,0,1,1,0
Licenciatura,Casado,35441.0,1,1,2013-02-14,94,25,1,9,2,1,1,2,1,0,3,8,0,0,0,0,0,0,0,59,2,2013,39,6,0,1,1,0
Licenciatura,Casado,71391.0,0,1,2013-03-29,50,336,123,274,46,123,141,5,6,5,12,3,0,0,0,0,0,0,0,70,1,2013,1043,28,0,0,0,0
Maestría,Soltero,49494.0,1,0,2013-04-25,46,191,9,97,0,6,82,2,6,1,5,7,0,0,0,0,0,0,0,54,1,2013,385,14,0,1,0,0
Licenciatura,Divorciado,81702.0,0,0,2012-09-23,98,563,50,774,28,31,187,1,7,7,12,3,0,0,0,0,0,0,0,46,0,2012,1633,27,0,0,0,0
Posgrado,Soltero,45889.0,0,1,2013-07-02,42,31,0,6,0,1,8,1,1,0,3,6,0,0,0,0,0,0,0,46,1,2013,46,5,0,1,1,0
Licenciatura,Soltero,56628.0,0,1,2014-03-21,30,479,5,82,7,17,171,2,7,6,5,5,1,0,0,0,0,0,0,49,1,2014,761,20,1,0,0,0
Licenciatura,Unión Libre,34026.0,1,1,2013-08-05,11,18,6,15,12,8,17,3,2,1,3,5,0,0,0,0,0,0,0,76,2,2013,76,9,0,1,1,0
Licenciatura,Casado,40049.0,0,1,2012-11-29,61,91,65,52,10,44,28,3,3,2,6,5,0,0,0,0,0,0,0,52,1,2012,290,14,0,1,0,0
Licenciatura,Soltero,34176.0,1,0,2014-05-12,12,5,7,24,19,14,20,4,3,0,4,6,0,0,0,0,0,0,0,38,1,2014,89,11,0,1,1,0
Licenciatura,Casado,19419.0,1,0,2012-11-10,76,2,14,28,16,3,7,4,4,0,3,9,0,0,0,0,0,0,0,45,1,2012,70,11,0,1,1,0
Posgrado,Casado,82504.0,0,0,2013-07-27,2,362,50,431,134,35,54,1,3,6,7,1,0,0,0,0,0,0,0,66,0,2013,1066,17,0,0,0,0
Licenciatura,Unión Libre,81205.0,0,0,2014-01-13,43,724,74,929,97,55,130,1,5,6,7,2,1,0,1,0,1,0,1,56,0,2014,2009,19,4,0,0,-1
Posgrado,Soltero,61618.0,0,0,2012-09-29,27,605,91,399,0,45,205,2,3,6,8,3,0,0,0,0,0,0,0,35,0,2012,1345,19,0,0,0,-1
Maestría,Soltero,55284.0,0,1,2012-12-24,60,547,7,140,0,7,63,3,7,5,8,5,0,0,0,0,0,0,0,70,1,2012,764,23,0,0,0,0
Licenciatura,Soltero,49980.0,0,1,2013-10-23,79,104,1,54,13,9,14,2,3,1,5,5,0,0,0,0,0,0,0,63,1,2013,195,11,0,1,0,0
Licenciatura,Casado,15072.0,2,0,2013-05-10,96,8,2,15,0,10,18,4,3,1,3,5,0,0,0,0,0,0,0,46,2,2013,53,11,0,1,1,0
Licenciatura,Soltero,49166.0,0,1,2013-06-13,17,224,2,25,7,0,110,2,5,3,3,6,0,0,0,0,0,0,0,52,1,2013,368,13,0,1,0,0
Doctorado,Casado,65324.0,0,1,2014-01-11,0,384,0,102,21,32,5,3,6,2,9,4,0,0,0,0,0,0,0,72,1,2014,544,20,0,0,0,0
Posgrado,Casado,82347.0,0,0,2012-11-06,38,556,54,845,202,133,63,1,7,7,10,3,1,0,0,1,0,0,0,69,0,2012,1853,25,2,0,0,-1
Doctorado,Unión Libre,30843.0,1,1,2014-05-26,43,24,0,2,0,0,9,2,1,1,2,5,1,0,0,0,0,0,0,60,2,2014,35,6,1,1,1,0
Doctorado,Casado,46374.0,0,1,2014-03-17,1,408,0,21,0,0,17,3,7,1,7,8,0,1,0,1,0,0,1,52,1,2014,446,18,3,0,0,-1
Licenciatura,Soltero,60474.0,0,1,2013-04-01,25,265,199,303,234,9,170,7,10,2,12,7,0,0,0,0,0,0,0,47,1,2013,1180,31,0,0,0,0
Maestría,Casado,38576.0,0,1,2014-03-04,2,34,0,7,0,0,0,1,1,0,3,7,0,0,0,0,0,0,0,53,1,2014,41,5,0,1,1,0
Licenciatura,Casado,55357.0,2,0,2013-02-19,66,374,64,116,84,25,64,3,6,2,11,5,0,0,0,0,0,0,0,41,2,2013,727,22,0,1,0,0
Licenciatura,Unión Libre,37758.0,1,1,2012-10-04,49,27,2,10,0,0,1,2,1,0,3,8,0,0,0,0,0,0,0,60,2,2012,40,6,0,1,1,0
Posgrado,Casado,85710.0,0,0,2013-05-05,5,600,20,350,29,30,33,1,6,9,10,2,0,0,1,0,0,0,0,37,0,2013,1062,26,1,0,0,-1
Licenciatura,Unión Libre,23228.0,1,0,2014-01-26,71,13,2,18,6,1,0,2,2,0,3,8,0,0,0,0,0,0,0,57,1,2014,40,7,0,1,1,0
Maestría,Unión Libre,44602.0,1,1,2014-02-15,35,167,2,89,0,0,34,6,6,1,4,8,0,0,0,0,0,0,0,57,2,2014,292,17,0,1,0,0
Licenciatura,Casado,7500.0,0,0,2013-01-09,94,0,2,3,4,1,5,1,0,0,3,6,0,0,0,0,0,0,0,39,0,2013,15,4,0,1,1,0
Posgrado,Unión Libre,38683.0,1,0,2012-10-04,80,46,35,69,84,41,66,6,4,1,6,7,0,0,0,0,0,0,0,37,1,2012,341,17,0,1,0,0
Posgrado,Soltero,49514.0,1,0,2013-12-17,61,88,39,78,58,13,93,2,6,1,4,7,0,0,0,0,0,0,0,51,1,2013,369,13,0,1,1,0
Doctorado,Unión Libre,57906.0,0,1,2013-06-11,29,243,11,119,10,3,15,3,4,2,8,4,0,0,0,0,0,0,0,53,1,2013,401,17,0,1,0,0
Maestría,Soltero,43456.0,0,1,2013-03-26,0,275,11,68,25,7,7,3,5,1,8,5,0,0,0,0,0,0,0,60,1,2013,393,17,0,1,0,0
Maestría,Soltero,19485.0,2,0,2013-09-24,80,6,0,4,0,0,0,1,1,0,2,7,0,0,0,0,0,0,0,40,2,2013,10,4,0,1,1,0
Licenciatura,Unión Libre,53172.0,0,1,2013-05-06,54,121,62,90,68,20,125,3,2,3,8,3,0,0,0,0,0,0,0,48,1,2013,486,16,0,1,0,0
Licenciatura,Unión Libre,30545.0,1,0,2012-10-17,71,4,12,15,19,7,12,2,2,0,3,7,0,0,0,0,0,0,0,47,1,2012,69,7,0,1,1,0
Doctorado,Unión Libre,70123.0,0,0,2013-09-28,27,1308,0,396,23,0,0,1,5,7,4,3,0,1,0,0,1,0,0,43,0,2013,1727,17,2,0,0,-1
Licenciatura,Soltero,62450.0,0,1,2014-01-06,61,515,47,267,62,66,38,2,5,5,4,3,0,1,0,0,0,0,0,67,1,2014,995,16,1,0,0,0
Licenciatura,Unión Libre,21675.0,1,0,2014-06-11,55,4,0,16,17,4,4,3,4,0,3,7,0,0,0,0,0,0,0,50,1,2014,45,10,0,1,1,0
Posgrado,Soltero,42395.0,1,1,2014-04-04,35,48,13,57,24,15,25,4,3,1,4,7,0,0,0,0,0,0,0,45,2,2014,182,12,0,1,1,0
Maestría,Unión Libre,61346.0,1,0,2013-10-06,34,562,58,168,43,16,142,1,5,7,10,3,0,0,0,0,0,0,0,48,1,2013,989,23,0,0,0,0
Licenciatura,Unión Libre,80812.0,0,0,2013-09-17,95,769,22,500,210,143,33,1,4,8,5,2,1,0,1,1,0,0,0,73,0,2013,1677,18,3,0,0,-1
Maestría,Divorciado,42835.0,1,1,2013-06-30,64,379,4,93,12,9,98,7,6,6,4,6,0,0,0,0,0,0,0,55,2,2013,595,23,0,1,0,0
Licenciatura,Casado,39922.0,1,0,2013-02-14,30,29,12,59,19,1,36,2,3,0,4,8,0,0,0,0,0,0,0,43,1,2013,156,9,0,1,1,0
Maestría,Soltero,86424.0,0,0,2014-04-05,12,387,68,569,89,45,68,1,6,9,12,1,0,0,0,0,0,0,0,70,0,2014,1226,28,0,0,0,1
Posgrado,Unión Libre,17117.0,1,0,2013-01-17,96,12,23,38,30,18,7,4,3,1,3,9,0,0,0,0,0,0,0,48,1,2013,128,11,0,1,1,0
Licenciatura,Soltero,24762.0,1,0,2014-02-10,16,6,10,12,3,15,40,3,3,1,2,8,1,0,0,0,0,0,1,54,1,2014,86,9,2,1,1,0
Licenciatura,Casado,35797.0,0,1,2012-10-16,16,27,1,14,4,1,21,2,2,0,3,8,0,0,0,0,0,0,0,51,1,2012,68,7,0,1,1,0
Licenciatura,Divorciado,36627.0,2,0,2013-07-23,78,9,1,5,0,0,1,1,0,0,3,5,0,0,0,0,0,0,0,51,2,2013,16,4,0,1,1,0
Posgrado,Casado,51111.0,1,1,2014-06-19,83,22,0,19,6,5,3,2,2,0,3,6,0,0,0,0,0,0,0,45,2,2014,55,7,0,1,1,0
Doctorado,Soltero,86857.0,0,0,2012-09-12,96,899,102,838,133,102,40,1,5,6,10,2,0,0,0,0,0,0,1,54,0,2012,2114,22,1,0,0,-1
Doctorado,Unión Libre,82072.0,0,0,2013-07-02,67,889,55,685,168,92,129,1,3,2,13,1,0,0,0,0,0,0,0,56,0,2013,2018,19,0,0,0,0
Doctorado,Soltero,46231.0,2,1,2012-11-26,87,189,2,55,0,5,12,4,6,1,4,9,0,0,0,0,0,0,0,73,3,2012,263,15,0,1,1,-1
Licenciatura,Casado,42243.0,1,1,2013-12-11,34,48,0,2,0,0,5,2,2,0,3,7,0,0,0,0,0,0,0,67,2,2013,55,7,0,1,1,0
Licenciatura,Unión Libre,51195.0,1,1,2013-04-01,46,230,14,156,82,24,58,8,9,2,5,8,0,0,0,0,0,0,0,64,2,2013,564,24,0,1,0,0
Maestría,Soltero,68092.0,0,0,2013-12-16,7,852,60,207,78,36,48,2,2,6,10,5,0,0,0,0,0,0,0,48,0,2013,1281,20,0,0,0,1
Licenciatura,Casado,31814.0,1,0,2013-02-09,73,35,3,20,4,1,20,2,2,0,3,9,1,0,0,0,0,0,0,53,1,2013,83,7,1,1,1,0
Maestría,Viudo,51390.0,1,1,2012-09-08,54,205,20,47,23,2,56,6,5,2,5,5,0,0,0,0,0,0,0,61,2,2012,353,18,0,1,0,0
Licenciatura,Casado,76630.0,0,0,2014-01-14,93,255,31,446,40,56,175,1,3,10,11,1,0,0,0,0,0,0,0,43,0,2014,1003,25,0,0,0,0
Básica,Soltero,26868.0,1,0,2014-04-30,52,0,0,1,8,3,2,1,1,0,2,7,0,0,0,0,0,0,0,35,1,2014,14,4,0,1,1,0
Doctorado,Divorciado,48948.0,0,0,2013-02-01,53,437,8,206,160,49,42,2,7,10,5,6,1,0,0,0,0,0,1,83,0,2013,902,24,2,0,0,-1
Doctorado,Soltero,55260.0,0,1,2012-12-12,81,825,8,53,11,0,242,2,8,10,5,6,0,0,0,0,0,0,0,54,1,2012,1139,25,0,0,0,0
Licenciatura,Unión Libre,64090.0,0,1,2013-08-07,8,316,58,161,76,51,135,1,6,9,4,5,0,0,0,0,0,0,1,70,1,2013,797,20,1,0,0,0
Licenciatura,Divorciado,78331.0,0,1,2014-01-23,97,756,138,354,160,169,61,2,10,6,7,4,0,0,0,0,0,0,0,68,1,2014,1638,25,0,0,0,0
Doctorado,Casado,37087.0,1,0,2013-08-11,50,194,55,134,15,0,3,3,4,2,8,6,0,0,0,0,0,0,0,52,1,2013,401,17,0,1,0,0
Licenciatura,Divorciado,21846.0,1,0,2013-10-22,38,7,17,18,6,10,26,4,4,0,3,8,0,0,0,0,0,0,0,40,1,2013,84,11,0,1,1,0
Licenciatura,Casado,81320.0,0,0,2013-02-06,61,183,33,493,59,103,57,1,4,3,10,2,0,0,0,0,0,0,0,68,0,2013,928,18,0,0,0,0
Licenciatura,Divorciado,54137.0,0,1,2013-08-16,46,171,0,11,0,1,20,2,4,1,4,6,0,0,0,0,0,0,0,56,1,2013,203,11,0,1,1,0
Licenciatura,Unión Libre,66825.0,0,0,2013-07-14,73,243,101,405,29,40,40,1,4,5,6,2,0,0,0,0,0,0,0,59,0,2013,858,16,0,0,0,0
Licenciatura,Unión Libre,57100.0,0,0,2013-12-04,19,181,21,69,39,3,96,1,3,3,6,3,0,0,0,0,0,0,0,53,0,2013,409,13,0,1,0,0
Licenciatura,Unión Libre,58917.0,1,2,2013-03-24,10,151,7,89,0,7,28,5,4,1,6,5,0,0,0,0,0,0,0,57,3,2013,282,16,0,1,0,0
Licenciatura,Soltero,85072.0,0,0,2014-04-09,94,494,92,391,194,11,241,1,3,4,10,0,0,0,0,0,0,0,0,49,0,2014,1423,18,0,0,0,0
Licenciatura,Soltero,86429.0,0,0,2013-11-21,10,464,28,873,29,18,37,0,7,4,7,2,0,0,0,1,0,0,1,65,0,2013,1449,18,2,0,0,0
Licenciatura,Viudo,45684.0,1,0,2013-12-02,37,5,1,5,10,0,7,1,1,0,2,7,0,0,0,0,0,0,0,55,1,2013,28,4,0,1,1,0
Licenciatura,Unión Libre,47889.0,1,0,2014-01-04,94,29,0,29,0,5,4,1,2,0,3,5,0,0,0,0,0,0,0,52,1,2014,67,6,0,1,1,0
Doctorado,Casado,45921.0,0,0,2014-03-10,23,102,9,49,24,3,12,1,2,1,6,4,0,0,0,0,0,0,0,40,0,2014,199,10,0,1,0,0
Doctorado,Soltero,78420.0,0,0,2013-06-29,75,604,28,674,91,28,28,1,3,10,8,1,0,0,0,0,0,0,0,60,0,2013,1453,22,0,0,0,0
Licenciatura,Unión Libre,75114.0,0,0,2013-11-07,40,571,12,523,63,60,24,1,3,10,5,2,0,0,0,0,0,0,0,34,0,2013,1253,19,0,0,0,0
Doctorado,Viudo,52278.0,0,1,2013-01-25,24,953,0,71,0,0,174,6,10,5,10,8,0,0,0,0,0,0,1,63,1,2013,1198,31,1,0,0,-1
Maestría,Casado,35641.0,1,0,2013-07-14,11,63,3,67,8,9,28,2,3,1,4,7,0,0,0,0,0,0,1,54,1,2013,178,10,1,1,1,0
Licenciatura,Soltero,95529.0,0,0,2012-12-03,29,770,29,890,250,27,24,1,7,3,7,3,0,0,1,0,0,0,1,32,0,2012,1990,18,2,0,0,-1
Licenciatura,Casado,62820.0,0,0,2013-05-11,51,398,61,265,138,61,53,1,3,4,6,1,0,0,0,0,0,0,0,72,0,2013,976,14,0,0,0,0
Maestría,Unión Libre,73113.0,0,0,2013-12-26,86,741,19,154,50,9,28,1,3,4,7,2,0,0,0,0,0,0,0,66,0,2013,1001,15,0,0,0,0
Doctorado,Casado,84169.0,0,0,2013-08-07,9,1478,19,403,0,19,0,1,7,6,6,3,0,1,1,0,0,0,1,44,0,2013,1919,20,3,0,0,-1
Posgrado,Soltero,42607.0,0,1,2013-11-17,30,156,29,56,30,32,47,2,3,2,7,3,0,0,0,0,0,0,0,72,1,2013,350,14,0,1,1,0
Doctorado,Soltero,74637.0,0,0,2013-05-18,73,960,64,464,146,0,16,1,6,9,9,3,0,0,0,1,0,0,0,72,0,2013,1650,25,1,0,0,0
Doctorado,Unión Libre,46015.0,1,1,2014-04-13,25,38,0,2,0,0,6,1,1,0,3,7,1,0,0,0,1,0,0,71,2,2014,46,5,2,1,1,0
Licenciatura,Soltero,72354.0,0,0,2013-04-17,67,315,26,473,220,12,182,1,2,10,6,1,0,0,0,0,0,0,0,33,0,2013,1228,19,0,0,0,0
Maestría,Soltero,39858.0,1,0,2013-01-24,67,15,20,25,2,7,26,1,2,0,4,6,0,0,0,0,0,0,1,57,1,2013,95,7,1,1,0,0
Doctorado,Casado,34469.0,1,1,2014-05-04,58,19,6,20,0,5,12,3,1,1,4,4,0,0,0,0,0,0,0,78,2,2014,62,9,0,1,1,0
Licenciatura,Unión Libre,83033.0,1,0,2014-05-18,82,812,99,431,237,149,33,1,11,4,10,5,0,0,0,1,0,0,0,40,1,2014,1761,26,1,0,0,-1
Maestría,Unión Libre,24401.0,0,0,2012-08-31,98,73,28,217,10,24,115,3,6,1,6,8,0,0,0,0,0,0,0,47,0,2012,467,16,0,1,0,0
Licenciatura,Casado,77583.0,0,0,2014-02-10,93,372,23,384,250,12,108,1,4,5,9,2,0,0,0,1,0,0,0,48,0,2014,1149,19,1,0,0,0
Posgrado,Soltero,74116.0,0,0,2013-12-30,53,871,111,704,145,55,166,1,4,4,10,2,0,1,0,0,0,0,0,44,0,2013,2052,19,1,0,0,-1
Licenciatura,Soltero,74293.0,0,0,2014-05-04,66,375,152,335,93,91,81,1,5,4,6,2,0,0,0,0,0,0,0,33,0,2014,1127,16,0,0,0,0
Doctorado,Casado,68397.0,0,1,2013-11-17,6,760,80,466,17,13,80,1,6,9,5,3,0,0,0,0,0,0,0,50,1,2013,1416,21,0,0,0,0
Doctorado,Unión Libre,79632.0,0,0,2014-04-08,42,471,0,510,99,21,12,1,6,4,9,2,0,0,0,0,0,0,0,52,0,2014,1113,20,0,0,0,0
Licenciatura,Soltero,46107.0,1,0,2014-02-10,78,31,9,27,16,9,33,1,1,1,4,3,0,0,0,0,0,0,0,37,1,2014,125,7,0,1,1,0
Doctorado,Soltero,64950.0,0,1,2012-08-12,29,819,0,72,12,0,63,2,11,2,10,7,0,1,0,0,0,0,0,75,1,2012,966,25,1,0,0,-1
Básica,Casado,25443.0,1,0,2012-12-22,82,1,4,3,8,9,7,1,1,0,3,8,0,0,0,0,0,0,0,37,1,2012,32,5,0,1,1,0
Licenciatura,Soltero,75127.0,0,0,2014-05-22,92,203,35,305,46,17,227,1,2,11,5,1,0,0,0,0,0,0,0,74,0,2014,833,19,0,0,0,0
Doctorado,Unión Libre,32892.0,1,0,2014-05-25,78,26,0,15,2,1,2,2,3,0,3,8,0,0,0,0,0,0,0,55,1,2014,46,8,0,1,1,0
Licenciatura,Unión Libre,71796.0,0,0,2013-10-24,54,354,21,311,167,75,32,1,9,3,4,4,0,0,0,0,0,0,0,55,0,2013,960,17,0,0,0,0
Doctorado,Casado,67536.0,0,1,2013-05-22,45,1253,0,447,23,71,35,3,11,5,11,8,0,0,0,1,0,0,0,56,1,2013,1829,30,1,0,0,0
Licenciatura,Soltero,55239.0,0,1,2013-07-14,59,371,17,238,23,24,106,3,7,5,11,5,0,0,0,0,0,0,0,55,1,2013,779,26,0,0,0,0
Doctorado,Divorciado,60554.0,1,0,2013-08-09,8,588,7,76,110,15,15,2,8,4,9,6,0,0,0,0,0,0,0,51,1,2013,811,23,0,0,0,0
Posgrado,Soltero,64831.0,1,1,2013-06-10,51,480,86,249,75,86,144,8,6,3,5,6,0,0,0,0,0,0,0,74,2,2013,1120,22,0,0,0,-1
Doctorado,Unión Libre,56067.0,0,1,2013-07-20,51,517,12,54,16,6,120,2,7,4,7,5,0,0,0,0,0,0,0,64,1,2013,725,20,0,0,0,0
Licenciatura,Divorciado,82025.0,0,0,2013-05-28,76,267,98,606,48,70,98,1,3,2,6,1,0,0,1,0,0,0,1,43,0,2013,1187,12,2,0,0,-1
Licenciatura,Unión Libre,94384.0,0,0,2013-03-04,62,1111,24,790,160,45,172,0,5,8,5,2,0,1,1,1,0,0,1,73,0,2013,2302,18,4,0,0,-1
Básica,Soltero,14906.0,0,0,2012-12-22,86,7,7,14,7,16,15,3,2,1,3,7,0,0,0,0,0,0,0,40,0,2012,66,9,0,1,1,0
Doctorado,Casado,51563.0,0,0,2012-10-01,60,1166,0,48,0,0,36,1,4,4,10,8,0,1,1,0,0,0,0,39,0,2012,1250,19,2,0,0,-1
Posgrado,Casado,57937.0,0,1,2014-02-16,56,261,42,144,55,48,133,3,4,4,9,3,0,0,0,0,0,0,0,44,1,2014,683,20,0,0,0,0
Licenciatura,Divorciado,68274.0,1,1,2013-09-30,83,135,25,51,23,25,46,2,4,2,5,3,0,0,0,0,0,0,0,47,2,2013,305,13,0,1,1,0
Licenciatura,Unión Libre,39771.0,1,0,2013-12-06,92,6,2,18,2,8,14,1,2,0,3,4,0,0,0,0,0,0,0,49,1,2013,50,6,0,1,1,0
Posgrado,Divorciado,67893.0,0,1,2012-10-01,31,711,28,142,49,18,47,2,3,2,9,8,0,0,0,0,0,0,0,51,1,2012,995,16,0,0,0,-1
Doctorado,Unión Libre,27922.0,1,0,2014-05-10,80,11,0,13,2,4,11,1,2,0,3,4,0,0,0,0,0,0,0,47,1,2014,41,6,0,1,1,0
Doctorado,Unión Libre,52190.0,1,1,2014-05-08,39,42,0,17,0,0,18,3,2,1,3,5,1,0,0,0,0,0,0,50,2,2014,77,9,1,1,1,0
Maestría,Divorciado,44051.0,1,1,2013-01-29,20,79,7,58,6,3,18,4,3,1,4,6,0,0,0,0,0,0,1,53,2,2013,171,12,1,1,0,0
Doctorado,Soltero,42767.0,2,0,2013-05-11,53,20,6,43,19,5,38,1,3,1,2,8,0,0,0,0,0,0,0,55,2,2013,131,7,0,1,1,0
Maestría,Unión Libre,46106.0,1,1,2014-05-11,84,30,0,8,2,0,14,1,1,1,2,6,0,0,0,0,0,0,0,50,2,2014,54,5,0,1,1,0
Doctorado,Casado,16927.0,1,1,2013-02-10,50,20,2,23,3,1,4,5,3,0,4,8,0,0,0,0,0,0,0,50,2,2013,53,12,0,1,0,0
Licenciatura,Casado,59754.0,0,1,2012-12-01,96,115,27,44,4,146,139,3,5,2,6,5,0,0,0,0,0,0,1,61,1,2012,475,16,1,0,0,0
Licenciatura,Soltero,53700.0,0,1,2012-08-17,94,263,5,233,69,41,83,4,5,5,8,5,0,0,0,0,0,0,0,74,1,2012,694,22,0,0,0,0
Licenciatura,Casado,59041.0,1,1,2014-05-07,25,69,2,15,2,2,6,2,2,0,4,5,0,0,0,0,0,0,0,53,2,2014,96,8,0,1,1,0
Doctorado,Divorciado,54237.0,0,1,2013-04-27,48,267,3,30,4,0,57,4,5,2,5,6,0,0,0,0,0,0,0,69,1,2013,361,16,0,1,0,0
Licenciatura,Divorciado,70647.0,0,1,2012-09-21,65,561,85,171,25,123,114,2,4,7,13,2,0,0,0,0,0,0,0,59,1,2012,1079,26,0,0,0,0
Doctorado,Soltero,52597.0,0,1,2014-05-07,69,492,0,37,7,0,42,3,6,3,8,5,0,0,0,0,0,0,0,64,1,2014,578,20,0,0,0,0
Maestría,Unión Libre,41021.0,1,0,2012-12-30,12,14,7,9,6,16,12,2,2,0,3,6,0,0,0,0,0,0,1,57,1,2012,64,7,1,1,1,0
Doctorado,Casado,40233.0,0,1,2013-10-14,84,80,4,46,0,17,2,5,2,1,5,6,0,0,0,0,0,0,0,51,1,2013,149,13,0,1,0,0
Licenciatura,Casado,50183.0,1,1,2014-06-25,47,97,12,84,13,10,15,7,3,1,6,5,0,0,0,0,0,0,0,46,2,2014,231,17,0,1,0,0
Licenciatura,Unión Libre,54753.0,0,1,2013-09-12,87,197,107,227,7,59,131,3,5,2,11,4,0,0,0,0,0,0,0,67,1,2013,728,21,0,0,0,0
Licenciatura,Casado,92955.0,0,0,2013-08-19,35,693,21,925,31,24,84,1,6,7,9,2,0,0,1,1,0,0,1,53,0,2013,1778,23,3,0,0,-1
Licenciatura,Casado,33471.0,1,0,2012-10-12,47,43,2,27,0,9,12,3,3,0,4,7,0,0,0,0,0,0,0,53,1,2012,93,10,0,1,1,0
Doctorado,Casado,34596.0,1,0,2013-04-13,48,14,0,2,0,0,7,1,1,0,2,8,0,0,0,0,0,0,1,52,1,2013,23,4,1,1,1,0
Licenciatura,Unión Libre,44010.0,1,0,2012-10-13,46,186,36,234,86,72,48,6,10,2,6,9,0,0,0,0,0,0,0,46,1,2012,662,24,0,0,0,0
Licenciatura,Casado,84219.0,0,0,2014-02-02,27,434,137,400,45,137,45,1,3,4,10,1,0,0,0,0,0,0,0,38,0,2014,1198,18,0,0,0,0
Doctorado,Unión Libre,40706.0,2,1,2013-01-17,37,59,0,11,4,2,5,4,3,0,4,7,0,0,0,0,0,0,0,58,3,2013,81,11,0,1,1,0
Posgrado,Casado,15716.0,1,0,2012-11-12,8,16,5,30,8,7,26,3,3,0,4,8,0,0,0,0,0,1,0,38,1,2012,92,10,0,1,1,0
Posgrado,Divorciado,59052.0,0,1,2013-11-17,29,230,35,75,63,57,31,3,7,1,7,5,0,0,0,0,0,0,0,67,1,2013,491,18,0,0,0,0
Maestría,Unión Libre,80573.0,0,0,2012-10-14,85,829,138,430,60,92,15,1,4,6,13,2,0,0,0,0,0,0,0,55,0,2012,1564,24,0,0,0,0
Licenciatura,Casado,83715.0,0,0,2014-02-03,2,318,8,407,150,35,8,1,2,8,13,0,0,0,0,0,0,0,0,64,0,2014,926,24,0,0,0,0
Maestría,Unión Libre,82576.0,0,0,2012-08-01,66,1206,55,445,168,18,18,1,2,4,12,1,0,0,1,0,0,0,0,67,0,2012,1910,19,1,0,0,-1
Maestría,Casado,56962.0,2,1,2013-10-11,60,292,3,77,10,3,26,7,6,3,5,7,0,0,0,0,0,0,0,61,3,2013,411,21,0,1,0,0
Licenciatura,Casado,35704.0,1,1,2014-01-03,54,30,9,12,2,11,30,3,2,0,4,4,0,0,0,0,0,0,0,74,2,2014,94,9,0,1,1,0
Licenciatura,Unión Libre,53103.0,0,1,2013-09-12,70,729,17,133,11,0,195,5,10,6,7,7,1,0,0,0,0,0,0,72,1,2013,1085,28,1,0,0,0
Posgrado,Viudo,46779.0,1,1,2013-07-12,55,12,1,3,0,0,7,1,0,1,2,4,0,0,0,0,0,0,0,66,2,2013,23,4,0,1,1,0
Licenciatura,Divorciado,4861.0,0,0,2014-06-22,20,2,1,1,1,0,1,0,0,0,0,14,0,0,0,0,0,0,0,61,0,2014,6,0,0,1,0,0
Maestría,Divorciado,33462.0,1,0,2013-08-07,78,22,3,18,0,0,11,1,2,0,3,7,0,0,0,0,0,0,0,47,1,2013,54,6,0,1,1,0
Licenciatura,Divorciado,63693.0,0,1,2013-10-14,63,587,43,337,42,87,54,3,11,6,9,6,0,0,0,0,0,0,0,48,1,2013,1150,29,0,0,0,0
Licenciatura,Casado,80763.0,0,0,2013-08-15,17,674,168,108,192,42,231,1,5,11,6,3,0,0,1,1,0,0,1,76,0,2013,1415,23,3,0,0,-1
Doctorado,Casado,65352.0,0,1,2013-08-21,43,284,3,84,4,7,23,2,4,2,8,4,0,0,0,0,0,0,0,52,1,2013,405,16,0,1,0,0
Doctorado,Casado,82170.0,0,0,2013-11-25,13,1023,93,651,49,55,37,1,5,6,7,2,0,0,0,0,0,0,0,48,0,2013,1908,19,0,0,0,0
Licenciatura,Casado,75759.0,0,0,2013-10-25,46,1394,22,708,89,91,182,1,9,7,9,5,1,0,1,1,0,0,1,57,0,2013,2486,26,4,0,0,-1
Posgrado,Soltero,79689.0,0,0,2013-05-12,65,311,26,640,180,37,121,1,4,9,13,2,0,0,0,0,0,0,0,50,0,2013,1315,27,0,0,0,-1
Doctorado,Viudo,35340.0,1,1,2014-06-29,1,27,0,12,0,1,5,2,2,0,3,5,0,0,0,0,0,0,0,70,2,2014,45,7,0,1,1,0
Licenciatura,Divorciado,85683.0,0,0,2014-03-21,6,1296,17,311,45,69,51,1,2,4,10,1,0,1,1,1,1,0,1,72,0,2014,1789,17,5,0,0,-1
Posgrado,Casado,24884.0,1,0,2012-11-29,32,3,6,7,0,0,3,1,0,0,3,7,0,0,0,0,0,0,0,54,1,2012,19,4,0,1,1,0
Maestría,Unión Libre,42021.0,1,0,2012-08-31,34,393,5,136,7,5,27,5,10,1,6,9,1,0,0,0,0,0,0,45,1,2012,573,22,1,0,0,0
Licenciatura,Soltero,64449.0,1,0,2014-02-18,70,218,63,282,137,35,70,4,5,3,12,4,0,0,0,0,0,0,0,37,1,2014,805,24,0,0,0,0
Licenciatura,Divorciado,64587.0,1,1,2014-06-22,49,66,0,16,0,6,20,2,1,1,4,3,0,0,0,0,0,0,0,72,2,2014,108,8,0,1,1,0
Licenciatura,Soltero,34824.0,0,0,2014-03-26,65,4,2,11,2,0,4,1,1,0,2,6,0,0,0,0,0,0,0,31,0,2014,23,4,0,1,1,0
Licenciatura,Unión Libre,75437.0,0,0,2013-11-09,25,795,0,545,95,58,0,1,8,4,10,6,0,0,0,1,0,0,0,48,0,2013,1493,23,1,0,0,0
Licenciatura,Unión Libre,26091.0,1,1,2014-02-25,84,15,10,19,8,17,20,3,2,1,3,5,0,0,0,0,0,0,0,69,2,2014,89,9,0,1,1,0
Licenciatura,Casado,52845.0,1,0,2013-08-13,7,384,25,292,130,41,64,3,8,8,6,6,1,0,0,0,0,0,0,53,1,2013,936,25,1,0,0,0
Licenciatura,Divorciado,46086.0,0,1,2013-11-03,34,244,8,32,7,2,50,4,3,1,8,4,0,0,0,0,0,0,0,70,1,2013,343,16,0,1,0,0
Doctorado,Viudo,78028.0,0,1,2012-09-10,38,158,19,288,25,0,38,1,6,4,9,7,0,1,1,0,0,0,1,70,1,2012,528,20,3,0,0,-1
Doctorado,Soltero,95169.0,0,0,2013-10-09,1,1285,21,449,106,20,20,1,4,3,4,1,0,0,1,1,0,0,1,39,0,2013,1901,12,3,0,0,-1
Posgrado,Casado,56337.0,1,1,2013-03-27,25,349,16,144,28,5,182,5,8,5,4,8,1,0,0,1,0,0,1,45,2,2013,724,22,3,0,0,-1
Licenciatura,Unión Libre,22434.0,1,0,2013-02-13,25,4,12,11,3,13,15,2,2,0,3,8,0,0,0,0,0,0,0,39,1,2013,58,7,0,1,1,0
Doctorado,Casado,36930.0,0,1,2013-05-17,50,223,2,31,0,2,39,5,5,2,4,8,0,0,0,0,0,0,0,72,1,2013,297,16,0,1,0,0
Licenciatura,Soltero,36130.0,0,1,2013-02-02,46,157,43,127,68,56,37,6,3,8,4,4,1,0,0,0,0,0,1,72,1,2013,488,21,2,0,0,0
Maestría,Casado,65569.0,0,1,2012-11-05,96,397,46,288,20,38,70,2,6,5,10,3,0,0,0,0,0,0,0,73,1,2012,859,23,0,0,0,0
Licenciatura,Unión Libre,83844.0,0,0,2013-05-12,57,901,31,345,75,31,191,1,4,4,11,1,0,0,1,0,0,0,0,74,0,2013,1574,20,1,0,0,0
Licenciatura,Casado,19514.0,1,1,2014-01-26,47,14,3,21,2,1,28,4,3,1,2,8,1,0,0,0,0,0,0,58,2,2014,69,10,1,1,1,0
Doctorado,Soltero,36736.0,1,1,2013-05-10,52,10,0,3,0,0,4,1,1,0,2,6,0,0,0,0,0,0,0,63,2,2013,17,4,0,1,1,0
Licenciatura,Unión Libre,77568.0,0,1,2012-08-25,30,1230,0,396,232,178,158,1,10,2,8,5,0,1,1,1,0,0,0,47,1,2012,2194,21,3,0,0,-1
Doctorado,Unión Libre,49187.0,0,1,2014-01-11,63,81,1,31,2,1,0,1,1,1,5,2,0,0,0,0,0,0,0,50,1,2014,116,8,0,1,1,0
Licenciatura,Soltero,30168.0,1,0,2013-03-07,51,154,20,66,0,12,27,7,6,1,4,9,0,0,0,0,0,0,0,48,1,2013,279,18,0,1,0,0
Maestría,Unión Libre,34053.0,0,1,2012-09-10,14,63,0,21,7,0,12,1,3,0,3,8,0,0,0,0,0,0,0,58,1,2012,103,7,0,1,1,0
Maestría,Casado,38196.0,1,1,2014-04-18,20,30,0,11,0,0,3,3,2,0,4,5,0,0,0,0,0,0,0,55,2,2014,44,9,0,1,1,0
Maestría,Casado,59412.0,0,0,2014-04-19,56,90,67,165,30,43,11,1,4,2,8,3,0,0,0,0,0,0,0,75,0,2014,406,15,0,0,0,0
Posgrado,Casado,70924.0,0,0,2014-04-07,41,635,114,254,132,152,76,1,6,6,7,3,0,0,1,0,0,0,0,61,0,2014,1363,20,1,0,0,0
Licenciatura,Unión Libre,54165.0,0,0,2013-05-28,72,127,4,73,15,6,11,1,2,1,7,2,0,0,0,0,0,0,0,57,0,2013,236,11,0,1,0,0
Licenciatura,Casado,32300.0,1,0,2013-01-03,1,13,3,6,6,5,6,1,1,0,3,8,0,0,0,0,0,0,0,53,1,2013,39,5,0,1,1,0
Licenciatura,Soltero,20180.0,0,0,2013-02-20,27,18,42,24,15,20,18,1,2,1,4,7,0,0,0,0,0,0,0,50,0,2013,137,8,0,1,1,0
Licenciatura,Casado,34961.0,1,0,2014-06-19,77,45,2,26,4,1,1,3,3,1,3,7,0,0,0,0,0,0,0,53,1,2014,79,10,0,1,1,0
Doctorado,Unión Libre,28440.0,1,0,2013-07-07,87,38,1,24,0,0,0,1,2,0,3,8,0,0,0,0,0,0,0,52,1,2013,63,6,0,1,1,0
Doctorado,Unión Libre,64504.0,1,2,2013-03-04,81,986,36,168,16,0,108,7,11,3,4,7,0,0,0,0,0,0,1,73,3,2013,1314,25,1,0,0,-1
Maestría,Unión Libre,33564.0,0,1,2014-06-24,51,61,0,3,0,0,7,1,1,1,3,5,0,0,0,0,0,0,0,60,1,2014,71,6,0,1,1,0
Licenciatura,Casado,17345.0,1,0,2012-11-03,79,4,9,16,17,0,12,2,2,1,2,8,0,0,0,0,0,0,0,48,1,2012,58,7,0,1,1,0
Doctorado,Casado,56320.0,0,1,2013-04-08,11,201,53,172,116,77,83,3,5,4,9,4,0,0,0,0,0,0,0,59,1,2013,702,21,0,0,0,0
Licenciatura,Soltero,28647.0,1,0,2013-08-21,54,19,8,29,0,12,26,1,2,2,2,7,1,0,0,0,0,0,1,48,1,2013,94,7,2,1,1,0
Básica,Soltero,15038.0,1,0,2013-01-29,93,4,8,11,19,12,26,2,2,1,2,9,0,0,0,0,0,0,0,39,1,2013,80,7,0,1,1,0
Doctorado,Divorciado,32173.0,0,1,2013-08-01,0,18,0,2,0,0,2,1,1,0,3,4,0,0,0,0,0,0,0,68,1,2013,22,5,0,1,1,0
Posgrado,Unión Libre,68316.0,0,1,2012-11-04,54,806,80,161,120,11,33,5,10,7,10,6,0,0,0,0,0,0,0,62,1,2012,1211,32,0,0,0,-1
Licenciatura,Unión Libre,74538.0,0,0,2013-06-29,21,380,98,733,110,112,28,1,8,8,5,3,0,0,1,0,0,0,1,55,0,2013,1461,22,2,0,0,0
Licenciatura,Soltero,91700.0,0,0,2013-01-17,58,576,172,961,125,115,19,1,8,6,5,3,0,0,0,0,0,0,1,55,0,2013,1968,20,1,0,0,0
Licenciatura,Unión Libre,68695.0,0,0,2014-06-25,3,458,81,356,106,50,40,1,4,4,7,2,0,0,0,0,0,0,0,57,0,2014,1091,16,0,0,0,0
Posgrado,Casado,31056.0,1,0,2013-01-22,99,5,10,13,3,8,16,1,1,0,3,8,0,0,0,0,0,0,0,49,1,2013,55,5,0,1,1,0
Licenciatura,Casado,79593.0,0,0,2014-05-12,70,350,60,568,110,133,145,1,5,6,7,2,0,0,1,0,0,0,0,53,0,2014,1366,19,1,0,0,0
Licenciatura,Soltero,28071.0,0,0,2012-08-29,65,39,33,130,41,26,44,2,5,1,5,8,0,0,0,0,0,0,0,46,0,2012,313,13,0,1,1,0
Doctorado,Unión Libre,37334.0,1,1,2014-02-26,44,26,1,16,2,2,15,4,3,0,4,4,0,0,0,0,0,0,0,68,2,2014,62,11,0,1,1,0
Maestría,Soltero,46423.0,1,1,2013-09-18,6,68,0,16,0,0,8,3,2,0,4,7,0,0,0,0,0,0,0,54,2,2013,92,9,0,1,1,0
Doctorado,Casado,37126.0,1,0,2014-03-30,9,45,3,9,4,4,7,1,1,2,2,6,1,0,0,0,0,0,1,55,1,2014,72,6,2,1,1,0
Licenciatura,Casado,47703.0,0,1,2013-05-29,95,359,0,134,13,26,123,4,6,3,8,5,0,0,0,0,0,0,0,73,1,2013,655,21,0,0,0,0
Licenciatura,Casado,61180.0,0,1,2014-04-23,70,403,24,29,6,24,218,2,5,5,6,3,1,0,0,0,0,0,0,67,1,2014,704,18,1,0,0,0
Licenciatura,Casado,38998.0,1,1,2012-11-03,92,34,1,14,0,0,5,3,2,0,3,8,0,0,0,0,0,1,0,72,2,2012,54,8,0,1,1,0
Licenciatura,Soltero,8028.0,0,0,2012-09-18,62,73,18,66,7,12,2,15,0,1,0,19,0,0,0,0,0,0,0,35,0,2012,178,16,0,1,0,0
Licenciatura,Unión Libre,76081.0,0,0,2014-05-23,85,292,30,415,63,33,200,1,4,5,4,2,0,0,0,1,0,0,0,64,0,2014,1033,14,1,0,0,0
Licenciatura,Unión Libre,34728.0,1,0,2013-07-30,2,14,0,16,0,0,6,1,1,1,2,6,0,0,0,0,0,0,1,40,1,2013,36,5,1,1,1,0
Maestría,Soltero,33168.0,0,1,2012-10-13,0,80,1,37,0,1,3,3,2,1,4,7,0,0,0,0,0,0,0,61,1,2012,122,10,0,1,0,0
Maestría,Casado,33585.0,0,1,2013-09-25,91,30,11,33,13,6,29,1,2,0,4,4,0,0,0,0,0,0,0,60,1,2013,122,7,0,1,1,0
Doctorado,Casado,77037.0,0,1,2013-10-13,3,463,96,333,168,53,10,1,7,7,12,3,0,0,0,0,0,0,0,66,1,2013,1123,27,0,0,0,0
Licenciatura,Unión Libre,35196.0,1,0,2012-11-13,68,75,12,141,43,39,187,6,6,1,5,8,0,0,0,0,0,0,1,42,1,2012,497,18,1,1,0,0
Licenciatura,Casado,44529.0,0,1,2013-07-05,98,538,13,91,17,6,26,6,6,2,11,5,0,1,0,0,0,0,0,60,1,2013,691,25,1,0,0,0
Posgrado,Casado,70924.0,0,0,2014-04-07,41,635,114,254,132,152,76,1,6,6,7,3,0,0,1,0,0,0,0,61,0,2014,1363,20,1,0,0,0
Doctorado,Unión Libre,28764.0,1,1,2014-06-05,16,8,0,3,0,0,1,1,1,0,2,8,1,0,0,0,0,0,0,60,2,2014,12,4,1,1,1,0
Doctorado,Casado,69098.0,0,0,2013-02-16,82,1315,22,780,145,0,178,1,7,8,9,5,0,0,0,0,0,0,0,77,0,2013,2440,25,0,0,0,-1
Posgrado,Divorciado,25959.0,1,1,2013-02-14,1,4,2,12,7,5,26,2,1,2,2,6,0,0,0,0,0,0,1,56,2,2013,56,7,1,1,1,0
Maestría,Casado,27100.0,1,0,2013-04-05,64,12,0,13,2,0,10,1,1,0,3,7,0,0,0,0,0,0,0,43,1,2013,37,5,0,1,1,0
Licenciatura,Soltero,70596.0,0,0,2012-10-05,68,347,44,534,17,0,26,1,3,5,12,2,0,0,0,0,0,0,0,41,0,2012,968,21,0,0,0,0
Licenciatura,Casado,42557.0,0,1,2012-08-29,98,192,5,53,0,5,15,4,6,1,4,8,0,0,0,0,0,0,0,52,1,2012,270,15,0,1,0,0
Doctorado,Casado,53312.0,0,0,2013-08-09,32,241,0,12,0,0,25,1,5,1,5,7,0,0,0,0,0,0,0,75,0,2013,278,12,0,1,0,0
Licenciatura,Soltero,72228.0,0,0,2012-11-27,87,631,28,491,30,14,56,1,6,7,8,3,0,0,0,0,0,0,0,74,0,2012,1250,22,0,0,0,0
Licenciatura,Unión Libre,67605.0,0,0,2013-03-31,84,336,28,282,184,54,54,1,2,8,6,1,0,0,0,0,0,0,0,39,0,2013,938,17,0,0,0,0
Maestría,Casado,62845.0,1,1,2012-10-01,3,1099,0,45,0,0,34,11,3,4,10,8,0,1,0,0,0,0,0,77,2,2012,1178,28,1,0,0,-1
Licenciatura,Unión Libre,65196.0,0,2,2013-07-25,34,743,19,181,12,0,200,2,7,6,11,5,1,0,0,0,0,0,0,68,2,2013,1155,26,1,0,0,0
Doctorado,Soltero,42000.0,0,0,2013-01-10,23,124,83,267,85,59,35,2,5,2,11,5,0,0,0,0,0,0,1,39,0,2013,653,20,1,0,0,-1
Doctorado,Divorciado,35860.0,1,1,2014-05-19,37,15,0,8,4,2,20,2,1,1,2,5,1,0,0,0,0,0,0,53,2,2014,49,6,1,1,1,0
Doctorado,Casado,65526.0,0,1,2014-04-11,22,397,19,69,12,0,9,1,4,4,8,2,0,0,0,0,0,0,0,62,1,2014,506,17,0,0,0,0
Licenciatura,Casado,16860.0,1,1,2012-09-12,19,10,4,4,3,3,14,3,1,1,3,7,0,0,0,0,0,0,0,65,2,2012,38,8,0,1,1,0
Licenciatura,Soltero,83528.0,0,0,2014-05-01,7,530,117,678,134,44,147,1,4,10,8,1,1,0,0,1,0,0,1,34,0,2014,1650,23,3,0,0,-1
Posgrado,Divorciado,64176.0,0,1,2012-08-03,52,1215,33,249,64,116,149,8,8,9,8,6,0,0,0,0,0,0,0,61,1,2012,1826,33,0,0,0,-1
Licenciatura,Divorciado,22304.0,0,0,2012-08-04,91,3,2,7,0,4,2,1,1,0,2,8,0,0,0,0,0,0,0,70,0,2012,18,4,0,1,0,0
Licenciatura,Casado,67023.0,0,0,2014-03-04,93,444,44,382,11,8,17,1,3,7,13,2,0,0,0,0,0,1,0,48,0,2014,906,24,0,0,0,0
Doctorado,Unión Libre,32892.0,1,0,2014-05-25,78,26,0,15,2,1,2,2,3,0,3,8,0,0,0,0,0,0,0,55,1,2014,46,8,0,1,1,0
Licenciatura,Unión Libre,70713.0,0,1,2012-12-03,23,736,114,279,82,76,190,6,5,6,8,3,0,0,0,0,0,0,0,60,1,2012,1477,25,0,0,0,0
Licenciatura,Unión Libre,59925.0,0,1,2012-11-30,83,473,21,176,19,21,56,3,9,2,9,6,0,0,0,0,0,0,0,71,1,2012,766,23,0,0,0,0
Licenciatura,Casado,39722.0,0,1,2014-02-24,92,32,0,5,2,0,8,2,2,0,3,5,0,0,0,0,0,0,0,73,1,2014,47,7,0,1,0,0
Licenciatura,Unión Libre,46610.0,0,0,2013-07-18,4,288,10,30,4,10,125,1,6,1,6,6,0,0,0,0,0,0,0,68,0,2013,467,14,0,1,0,0
Licenciatura,Unión Libre,88347.0,0,0,2013-07-03,32,1050,178,555,77,138,118,1,4,7,9,1,0,0,0,1,0,0,0,65,0,2013,2116,21,1,0,0,0
Doctorado,Casado,87171.0,0,0,2013-05-01,27,1001,44,107,58,44,44,1,6,7,11,2,1,0,1,0,0,0,0,45,0,2013,1298,25,2,0,0,-1
Posgrado,Unión Libre,26907.0,1,1,2013-08-20,10,9,1,7,0,3,2,2,1,0,3,7,0,0,0,0,0,0,0,50,2,2013,22,6,0,1,1,0
Maestría,Soltero,50014.0,1,0,2014-01-22,9,234,14,77,19,10,42,2,4,1,8,5,0,0,0,0,0,0,0,58,1,2014,396,15,0,1,0,0
Doctorado,Casado,41014.0,1,0,2013-04-22,65,7,2,6,2,0,3,1,1,0,2,7,0,0,0,0,0,0,0,48,1,2013,20,4,0,1,1,0
Licenciatura,Soltero,66294.0,0,0,2014-03-17,68,251,108,334,65,92,117,1,4,3,5,2,0,0,0,0,0,0,0,61,0,2014,967,13,0,0,0,0
Licenciatura,Casado,36715.0,1,0,2012-11-17,16,172,10,125,21,13,16,6,7,2,4,9,0,0,0,0,0,0,1,55,1,2012,357,19,1,1,0,0
Licenciatura,Casado,79456.0,0,0,2012-08-22,12,565,42,548,64,83,99,1,5,6,4,3,0,0,0,0,0,0,1,70,0,2012,1401,16,1,0,0,0
Licenciatura,Unión Libre,40479.0,1,0,2013-08-17,95,5,0,8,2,0,0,1,0,0,3,4,0,0,0,0,0,0,0,44,1,2013,15,4,0,1,1,0
Maestría,Soltero,75345.0,0,0,2013-02-02,16,918,57,842,99,38,133,1,5,8,6,3,0,0,0,1,0,0,1,56,0,2013,2087,20,2,0,0,-1
Licenciatura,Casado,54233.0,0,1,2013-02-04,46,652,8,158,21,0,142,4,11,6,5,8,0,0,0,0,0,0,0,49,1,2013,981,26,0,0,0,0
Licenciatura,Soltero,24163.0,1,1,2013-10-12,3,4,1,7,2,1,2,2,1,0,3,4,0,0,0,0,0,0,0,56,2,2013,17,6,0,1,1,0
Doctorado,Unión Libre,84460.0,0,0,2013-01-04,80,152,27,103,106,54,81,0,9,9,4,5,0,1,1,1,1,0,1,68,0,2013,523,22,5,0,0,-1
Licenciatura,Unión Libre,43776.0,1,0,2014-05-03,77,8,0,9,2,1,3,1,1,0,2,6,0,0,0,0,0,0,0,43,1,2014,23,4,0,1,1,0
Doctorado,Soltero,71691.0,0,0,2014-03-17,0,336,130,411,240,32,43,1,4,7,5,2,0,0,0,0,0,0,1,68,0,2014,1192,17,1,0,0,0
Doctorado,Casado,85844.0,0,0,2014-05-29,62,938,19,843,25,95,38,1,6,6,7,2,0,0,1,0,0,0,0,53,0,2014,1958,20,1,0,0,0
Doctorado,Soltero,39190.0,1,0,2014-04-26,91,68,8,18,19,8,12,2,2,1,4,5,0,0,0,0,0,0,0,52,1,2014,133,9,0,1,1,0
Licenciatura,Unión Libre,71367.0,0,0,2013-08-23,24,227,23,389,42,21,75,1,4,5,7,2,0,0,0,0,0,0,0,67,0,2013,777,17,0,0,0,0
Doctorado,Soltero,38578.0,1,1,2013-06-22,2,38,4,22,3,3,3,3,3,0,3,8,0,0,0,0,0,0,0,54,2,2013,73,9,0,1,1,0
Doctorado,Casado,57236.0,1,1,2014-03-12,22,105,0,9,2,1,4,3,2,1,4,3,0,0,0,0,0,0,0,61,2,2014,121,10,0,1,1,0
Licenciatura,Soltero,61825.0,0,1,2013-08-07,56,162,50,100,55,30,27,1,4,2,8,4,0,0,0,0,0,0,0,47,1,2013,424,15,0,1,0,0
Licenciatura,Divorciado,79803.0,0,1,2014-06-02,54,574,8,216,21,16,33,1,4,3,5,1,0,0,0,0,0,0,0,68,1,2014,868,13,0,0,0,0
Posgrado,Soltero,80910.0,0,0,2012-10-31,71,160,80,369,67,39,41,1,3,3,8,1,0,0,0,0,0,0,0,40,0,2012,756,15,0,0,0,-1
Maestría,Unión Libre,27590.0,1,0,2013-04-23,38,6,0,5,0,0,1,1,1,0,2,7,0,0,0,0,0,0,0,44,1,2013,12,4,0,1,1,0
Licenciatura,Casado,56775.0,0,1,2013-01-02,62,614,35,160,58,35,35,2,5,8,10,5,0,0,0,0,0,0,0,47,1,2013,937,25,0,0,0,0
Licenciatura,Divorciado,83829.0,0,0,2013-10-08,78,897,161,430,186,161,27,0,4,7,6,1,1,0,1,1,0,0,1,51,0,2013,1862,17,4,0,0,-1
Posgrado,Casado,54210.0,0,1,2013-05-20,18,70,54,109,80,9,45,2,4,1,7,5,0,0,0,0,0,0,0,47,1,2013,367,14,0,1,0,0
Licenciatura,Casado,38508.0,1,0,2013-08-02,95,120,19,206,25,19,54,6,7,2,5,8,0,0,0,0,0,0,0,40,1,2013,443,20,0,1,0,0
Licenciatura,Unión Libre,53187.0,1,0,2013-10-26,66,211,2,30,7,7,10,2,4,1,6,5,0,0,0,0,0,0,0,56,1,2013,267,13,0,1,0,0
Licenciatura,Casado,30023.0,1,0,2014-03-24,28,11,0,16,7,6,21,1,2,0,3,8,0,0,0,0,0,0,0,54,1,2014,61,6,0,1,1,0
Doctorado,Soltero,76045.0,0,0,2013-11-15,78,760,53,400,17,93,0,1,4,5,11,2,0,0,0,1,0,0,0,66,0,2013,1323,21,1,0,0,0
Doctorado,Casado,50870.0,0,1,2014-06-19,13,53,0,8,0,0,2,1,2,0,3,5,0,0,0,0,0,0,0,74,1,2014,63,6,0,1,0,0
Posgrado,Casado,15315.0,0,0,2013-08-03,27,7,4,13,15,8,17,2,2,0,4,5,0,0,0,0,0,0,0,56,0,2013,64,8,0,1,1,0
Posgrado,Casado,65463.0,1,0,2014-01-30,17,391,32,70,21,32,16,2,6,2,9,5,0,1,0,0,0,0,0,52,1,2014,562,19,1,0,0,0
Licenciatura,Casado,66480.0,1,1,2014-05-31,71,199,9,57,20,21,6,7,4,1,7,4,0,0,0,0,0,0,0,61,2,2014,312,19,0,1,0,0
Licenciatura,Divorciado,76773.0,0,0,2013-02-25,79,516,56,449,86,33,16,1,2,2,11,1,0,0,0,0,0,0,0,72,0,2013,1156,16,0,0,0,0
Posgrado,Soltero,81698.0,0,0,2013-03-01,1,709,45,115,30,160,45,1,8,2,5,5,0,0,0,1,0,0,1,43,0,2013,1104,16,2,0,0,-1
Doctorado,Soltero,54466.0,1,1,2014-02-09,78,12,0,4,0,0,0,1,1,0,2,5,0,0,0,0,0,0,0,53,2,2014,16,4,0,1,1,0
Maestría,Soltero,98777.0,0,0,2014-02-17,23,1000,19,711,125,115,38,0,4,6,9,1,0,1,0,0,0,0,0,66,0,2014,2008,19,1,0,0,-1
Doctorado,Soltero,16269.0,1,0,2013-08-30,75,19,3,18,3,1,0,3,3,0,3,8,0,0,0,0,0,0,0,42,1,2013,44,9,0,1,1,0
Licenciatura,Unión Libre,71819.0,0,1,2013-08-28,70,1224,28,140,0,14,168,3,3,3,5,6,0,1,1,0,0,0,0,55,1,2013,1574,14,2,0,0,-1
Doctorado,Casado,33569.0,1,0,2013-10-16,10,16,2,18,3,0,24,1,1,1,2,8,1,0,0,0,0,0,1,43,1,2013,63,5,2,1,1,0
Maestría,Casado,36262.0,0,0,2013-09-20,24,88,39,54,64,28,153,1,3,5,3,6,1,0,0,0,0,0,1,43,0,2013,426,12,2,1,1,-1
Básica,Unión Libre,22634.0,0,0,2013-01-16,47,2,23,11,8,6,46,1,2,1,2,8,0,0,0,0,0,0,0,60,0,2013,96,6,0,1,0,0
Posgrado,Casado,47025.0,0,1,2013-09-12,98,508,11,59,23,5,29,5,11,1,6,9,0,0,0,0,0,0,0,48,1,2013,635,23,0,0,0,0
Licenciatura,Soltero,70566.0,0,1,2013-10-06,4,381,28,215,84,28,21,2,6,5,9,3,0,0,0,0,0,0,0,58,1,2013,757,22,0,0,0,0
Doctorado,Casado,31605.0,1,0,2012-11-22,15,74,0,42,2,1,6,2,2,1,4,7,0,0,0,0,0,0,0,47,1,2012,125,9,0,1,1,0
Maestría,Divorciado,52034.0,1,1,2013-05-17,67,146,0,93,7,13,73,5,4,2,5,7,0,0,0,0,0,0,0,53,2,2013,332,16,0,1,0,0
Licenciatura,Soltero,48526.0,1,0,2013-12-24,32,23,17,23,43,20,9,1,2,1,4,3,0,0,0,0,0,0,0,47,1,2013,135,8,0,1,1,0
Licenciatura,Casado,46734.0,0,1,2012-11-18,40,110,5,137,26,23,29,2,6,1,5,7,0,0,0,0,0,0,0,72,1,2012,330,14,0,1,0,0
Licenciatura,Divorciado,39552.0,1,1,2012-12-18,54,165,3,147,4,24,41,7,6,2,5,8,0,0,0,0,0,0,1,64,2,2012,384,20,1,1,0,0
Licenciatura,Soltero,86358.0,1,1,2012-08-08,78,957,47,494,82,47,95,4,5,3,6,8,0,0,0,0,0,0,0,60,2,2012,1722,18,0,0,0,-1
Licenciatura,Unión Libre,46931.0,2,1,2014-04-24,94,41,0,17,3,1,16,2,1,1,3,3,0,0,0,0,0,0,0,49,3,2014,78,7,0,1,1,0
Básica,Soltero,16581.0,0,0,2013-01-12,51,1,3,4,2,3,11,1,0,0,3,4,0,0,0,0,0,0,0,41,0,2013,24,4,0,1,1,0
Posgrado,Divorciado,63998.0,0,0,2013-12-20,42,176,29,818,0,33,112,1,7,6,11,4,0,0,0,0,0,0,1,74,0,2013,1168,25,1,0,0,-1
Maestría,Casado,67381.0,0,1,2013-01-15,67,815,8,53,11,0,70,4,2,2,9,7,0,1,0,0,0,0,0,75,1,2013,957,17,1,0,0,0
Licenciatura,Soltero,25930.0,1,1,2013-10-10,87,6,1,2,2,0,4,1,1,0,2,7,0,0,0,0,0,0,0,59,2,2013,15,4,0,1,1,0
Licenciatura,Casado,42693.0,1,0,2014-06-07,29,8,4,20,6,3,16,1,1,0,3,5,0,0,0,0,0,0,0,48,1,2014,57,5,0,1,1,0
Licenciatura,Unión Libre,85606.0,0,1,2012-11-12,89,717,42,864,219,30,84,2,6,7,9,3,0,0,0,1,0,0,0,50,1,2012,1956,24,1,0,0,-1
Licenciatura,Soltero,72903.0,0,0,2013-10-29,74,1067,138,750,0,19,39,1,7,5,8,4,0,1,1,1,0,0,1,41,0,2013,2013,21,4,0,0,-1
Posgrado,Unión Libre,49669.0,1,0,2014-05-24,97,166,5,107,11,8,29,2,5,1,6,6,0,0,0,0,0,0,0,52,1,2014,326,14,0,1,0,0
Doctorado,Casado,36778.0,1,1,2012-08-05,63,29,4,34,2,4,4,3,3,0,3,9,0,0,0,0,0,0,0,58,2,2012,77,9,0,1,1,0
Doctorado,Divorciado,85696.0,0,0,2013-05-03,88,714,76,395,116,0,12,1,4,6,9,1,0,0,0,0,0,0,1,64,0,2013,1313,20,1,0,0,0
Maestría,Divorciado,10979.0,0,0,2014-05-22,34,8,4,10,2,2,4,2,3,0,3,5,0,0,0,0,0,0,0,37,0,2014,30,8,0,1,1,-1
Licenciatura,Casado,49678.0,0,1,2013-02-02,81,229,5,56,3,2,20,2,6,2,4,7,0,0,0,0,0,0,0,65,1,2013,315,14,0,1,0,0
Maestría,Unión Libre,56129.0,0,1,2013-06-20,65,320,48,133,39,72,48,4,6,2,10,4,0,0,0,0,0,0,0,73,1,2013,660,22,0,0,0,0
Licenciatura,Casado,37155.0,1,0,2013-01-31,51,23,0,26,7,15,3,1,2,0,4,5,0,0,0,0,0,0,0,37,1,2013,74,7,0,1,1,0
Posgrado,Divorciado,21282.0,1,0,2014-05-11,76,1,5,8,4,8,20,2,2,1,2,6,0,0,0,0,0,0,0,48,1,2014,46,7,0,1,1,0
Doctorado,Soltero,33419.0,0,1,2013-08-17,76,56,0,12,0,0,18,2,2,0,4,7,0,0,0,0,0,0,0,64,1,2013,86,8,0,1,1,0
Licenciatura,Viudo,63285.0,0,0,2013-11-05,84,508,124,249,50,38,134,1,6,5,13,3,0,0,0,0,0,0,0,81,0,2013,1103,25,0,0,0,0
Maestría,Unión Libre,21255.0,1,0,2014-01-21,56,29,0,25,2,2,3,4,2,1,4,4,0,0,0,0,0,0,0,52,1,2014,61,11,0,1,1,0
Licenciatura,Unión Libre,42162.0,1,0,2013-11-19,31,46,7,59,2,4,27,2,3,1,3,6,1,0,0,0,0,0,1,45,1,2013,145,9,2,1,1,0
Licenciatura,Unión Libre,54450.0,1,1,2012-09-14,0,454,0,171,8,19,32,12,9,2,8,8,0,0,0,0,0,0,0,70,2,2012,684,31,0,0,0,0
Doctorado,Casado,57744.0,0,1,2013-11-12,91,350,3,39,0,0,19,2,9,1,4,8,0,0,0,0,0,0,0,72,1,2013,411,16,0,1,0,0
Licenciatura,Soltero,26576.0,1,0,2012-10-13,40,10,0,8,0,0,9,1,1,0,2,9,1,0,0,0,0,0,1,40,1,2012,27,4,2,1,1,0
Doctorado,Viudo,57513.0,0,0,2013-07-06,59,735,40,183,52,20,30,2,9,3,13,6,0,0,0,0,0,0,0,83,0,2013,1060,27,0,0,0,-1
Licenciatura,Unión Libre,68142.0,0,1,2012-08-29,96,897,126,196,91,112,37,3,10,4,7,6,0,0,0,0,0,0,0,62,1,2012,1459,24,0,0,0,0
Licenciatura,Casado,7500.0,0,1,2012-08-29,61,5,2,3,3,0,5,1,1,0,2,8,0,0,0,0,0,0,0,47,1,2012,18,4,0,1,1,0
Licenciatura,Unión Libre,83145.0,0,0,2012-09-22,14,777,35,731,39,137,114,1,5,9,11,2,0,0,1,0,0,0,1,52,0,2012,1833,26,2,0,0,0
Maestría,Casado,54197.0,0,1,2014-04-03,16,162,6,37,6,13,13,2,1,3,6,1,0,0,0,0,0,0,0,66,1,2014,237,12,0,1,1,0
Doctorado,Soltero,23091.0,1,1,2014-05-28,98,35,0,11,0,0,2,4,2,1,3,7,0,0,0,0,0,0,0,63,2,2014,48,10,0,1,1,0
Licenciatura,Casado,46049.0,1,1,2013-07-21,11,342,9,112,19,14,19,10,5,2,9,7,0,0,0,0,0,0,1,50,2,2013,515,26,1,0,0,0
Licenciatura,Unión Libre,56715.0,0,0,2012-12-05,52,258,105,239,237,172,9,1,7,3,4,4,0,0,0,0,0,0,0,52,0,2012,1020,15,0,0,0,0
Licenciatura,Casado,79410.0,0,0,2014-05-29,19,658,80,483,123,13,13,1,3,2,5,1,0,0,0,0,0,0,0,65,0,2014,1370,11,0,0,0,0
Licenciatura,Casado,57304.0,0,1,2013-03-11,61,356,80,329,138,17,106,2,7,6,10,5,0,0,0,0,0,0,0,75,1,2013,1026,25,0,0,0,0
Licenciatura,Casado,44375.0,0,1,2014-03-23,73,213,5,28,7,7,41,1,4,1,6,5,0,0,0,0,0,0,0,61,1,2014,301,12,0,1,0,0
Licenciatura,Unión Libre,54450.0,1,1,2012-09-14,0,454,0,171,8,19,32,12,9,2,8,8,0,0,0,0,0,0,0,70,2,2012,684,31,0,0,0,0
Licenciatura,Casado,59594.0,0,1,2012-10-20,74,457,4,29,0,0,9,1,8,1,7,7,0,1,0,0,0,0,0,61,1,2012,499,17,1,0,0,0
Licenciatura,Unión Libre,80685.0,0,0,2012-08-22,55,241,45,604,34,26,54,1,6,4,10,2,0,0,0,0,0,0,0,32,0,2012,1004,21,0,0,0,0
Doctorado,Casado,40344.0,0,1,2013-10-13,48,210,0,6,0,0,2,2,4,1,5,7,0,0,0,0,0,0,0,52,1,2013,218,12,0,1,0,0
Licenciatura,Casado,62710.0,0,1,2013-05-23,53,441,35,83,7,29,11,4,4,2,12,4,0,0,0,0,0,0,0,54,1,2013,606,22,0,0,0,0
Posgrado,Casado,48985.0,0,1,2013-07-05,13,19,13,18,10,7,8,1,1,1,3,3,0,0,0,0,0,0,0,58,1,2013,75,6,0,1,1,0
Licenciatura,Unión Libre,35322.0,1,2,2012-08-22,34,28,9,37,12,7,13,3,2,0,4,8,0,0,0,0,0,0,0,58,3,2012,106,9,0,1,1,0
Licenciatura,Casado,77142.0,0,0,2013-05-29,54,476,75,162,29,151,97,1,4,4,8,2,0,0,0,0,0,0,0,78,0,2013,990,17,0,0,0,0
Licenciatura,Soltero,81657.0,0,0,2014-01-22,69,364,40,425,158,60,50,1,3,4,8,1,0,0,0,0,0,0,0,57,0,2014,1097,16,0,0,0,0
Básica,Casado,14421.0,0,0,2014-02-17,81,0,0,2,3,3,8,1,1,0,2,5,1,0,0,0,0,0,0,30,0,2014,16,4,1,1,1,-1
Posgrado,Casado,20130.0,0,0,2014-03-17,99,0,6,3,7,6,12,1,1,0,3,8,0,0,0,0,0,0,0,52,0,2014,34,5,0,1,1,0
Doctorado,Casado,74214.0,0,0,2012-08-26,3,863,83,547,86,99,33,1,8,2,5,5,0,0,0,0,0,0,0,36,0,2012,1711,16,0,0,0,0
Maestría,Casado,66726.0,1,1,2014-01-12,61,349,7,35,0,0,47,3,8,2,4,7,0,1,0,0,0,0,0,69,2,2014,438,17,1,1,0,0
Básica,Unión Libre,23724.0,1,0,2013-01-08,65,5,23,15,0,18,14,2,2,0,3,8,0,0,0,0,0,0,0,47,1,2013,75,7,0,1,1,0
Maestría,Casado,47353.0,0,1,2013-11-13,93,184,2,19,8,8,4,3,2,2,6,5,0,0,0,0,0,0,0,66,1,2013,225,13,0,1,1,0
Maestría,Casado,33444.0,1,1,2012-11-03,24,8,0,8,0,0,2,1,1,0,2,8,0,0,0,0,0,0,0,74,2,2012,18,4,0,1,1,0
Licenciatura,Casado,54386.0,0,1,2013-05-17,8,277,21,64,62,21,25,2,3,2,10,3,0,0,0,0,0,0,0,45,1,2013,470,17,0,1,0,0
Licenciatura,Divorciado,28510.0,1,1,2013-04-13,72,44,5,19,0,4,19,3,2,0,4,5,0,0,0,0,0,0,0,45,2,2013,91,9,0,1,1,0
Maestría,Soltero,90638.0,0,0,2014-02-13,29,1156,120,915,94,144,96,1,3,4,10,1,0,0,1,0,0,0,0,35,0,2014,2525,18,1,0,0,-1
Licenciatura,Unión Libre,48070.0,0,1,2013-01-13,33,373,14,83,6,9,19,3,8,2,6,7,0,0,0,0,0,1,0,76,1,2013,504,19,0,1,0,0
Licenciatura,Casado,43140.0,0,1,2013-01-05,68,134,8,76,6,0,11,1,4,1,5,6,0,0,0,0,0,0,0,69,1,2013,235,11,0,1,0,0
Doctorado,Divorciado,54959.0,0,1,2013-01-19,55,1148,0,60,0,0,24,3,9,5,4,7,0,1,0,0,0,0,1,65,1,2013,1232,21,2,0,0,-1
Básica,Soltero,15056.0,1,1,2013-05-03,76,6,12,3,21,6,40,5,2,2,3,5,0,0,0,0,0,0,0,68,2,2013,88,12,0,1,1,-1
Licenciatura,Soltero,26954.0,1,0,2014-05-08,17,4,1,11,0,0,1,1,1,0,2,7,0,0,0,0,0,0,0,55,1,2014,17,4,0,1,1,0
Licenciatura,Soltero,22327.0,1,0,2013-08-02,94,5,4,8,2,0,5,1,1,0,3,5,0,0,0,0,0,0,0,41,1,2013,24,5,0,1,1,0
Licenciatura,Casado,44393.0,1,1,2013-08-22,86,24,2,20,2,2,10,2,1,0,4,4,0,0,0,0,0,0,0,61,2,2013,60,7,0,1,1,0
Doctorado,Soltero,62000.0,0,1,2013-08-25,25,899,0,101,0,0,20,1,6,6,13,4,0,0,0,1,0,0,0,74,1,2013,1020,26,1,0,0,-1
Doctorado,Unión Libre,31497.0,0,1,2012-12-06,22,108,1,28,13,1,4,2,3,1,4,8,0,0,0,0,0,0,0,64,1,2012,155,10,0,1,0,0
Posgrado,Casado,45894.0,0,2,2014-02-27,15,27,2,7,0,2,13,1,1,0,3,5,0,0,0,0,0,0,0,52,2,2014,51,5,0,1,1,0
Maestría,Divorciado,78579.0,0,0,2012-12-22,35,816,66,549,216,66,99,1,5,6,4,3,0,0,0,0,0,0,1,56,0,2012,1812,16,1,0,0,-1
Maestría,Viudo,67369.0,0,1,2012-11-17,81,1298,0,70,37,14,42,4,7,4,10,4,0,1,1,0,0,0,1,57,1,2012,1461,25,3,0,0,-1
Licenciatura,Divorciado,58401.0,0,1,2014-04-20,55,10,0,11,17,29,29,1,1,2,2,4,0,0,0,0,0,0,0,66,1,2014,96,6,0,1,1,0
Licenciatura,Soltero,62307.0,0,1,2014-02-17,94,87,13,34,10,6,10,1,4,0,4,5,0,0,0,0,0,0,0,74,1,2014,160,9,0,1,0,0
Maestría,Casado,43641.0,1,1,2013-04-22,50,57,2,51,4,2,23,3,2,1,4,6,0,0,0,0,0,0,0,57,2,2013,139,10,0,1,1,0
Maestría,Divorciado,63841.0,0,1,2013-04-21,64,635,15,100,20,7,131,1,9,3,9,6,0,0,0,0,0,0,0,58,1,2013,908,22,0,0,0,0
Posgrado,Casado,46891.0,0,1,2013-09-01,91,43,12,23,29,15,61,1,2,1,4,4,0,0,0,0,0,0,0,61,1,2013,183,8,0,1,1,0
Maestría,Casado,70091.0,1,0,2013-03-31,11,964,34,137,15,0,11,2,5,2,10,8,0,1,0,0,0,0,0,57,1,2013,1161,19,1,0,0,0
Doctorado,Casado,78075.0,0,0,2014-04-05,72,572,8,259,34,35,80,1,3,5,5,1,0,0,0,0,0,0,0,54,0,2014,988,14,0,0,0,0
Posgrado,Viudo,59184.0,0,1,2012-09-09,6,341,142,113,259,151,66,3,6,6,12,5,0,0,0,0,0,0,0,65,1,2012,1072,27,0,0,0,-1
Licenciatura,Casado,54809.0,1,1,2013-09-11,0,63,6,57,13,13,22,4,2,1,5,4,0,0,0,0,0,0,0,49,2,2013,174,12,0,1,0,0
Licenciatura,Casado,58113.0,0,1,2013-01-25,66,221,104,169,102,78,84,3,9,2,8,7,0,0,0,0,0,1,0,67,1,2013,758,22,0,0,0,0
Maestría,Casado,51412.0,0,1,2013-12-31,42,140,3,29,4,5,14,2,3,2,4,4,0,0,0,0,0,0,0,68,1,2013,195,11,0,1,1,0
Licenciatura,Divorciado,15287.0,1,0,2012-10-10,60,1,2,8,4,3,13,2,1,1,2,7,1,0,0,0,0,0,1,47,1,2012,31,6,2,1,1,-1
Maestría,Unión Libre,66636.0,0,0,2013-08-17,64,291,10,689,84,10,0,1,3,4,9,1,0,0,0,0,0,0,0,69,0,2013,1084,17,0,0,0,0
Maestría,Casado,50965.0,0,1,2013-02-20,87,544,13,85,8,6,29,3,10,4,5,8,1,0,0,0,0,0,0,70,1,2013,685,22,1,0,0,0
Doctorado,Casado,84618.0,0,0,2013-11-22,96,684,100,801,21,66,0,1,6,9,10,2,0,0,1,0,0,0,0,61,0,2013,1672,26,1,0,0,0
Licenciatura,Casado,18351.0,0,0,2013-10-29,1,1,12,9,0,14,7,1,2,0,3,7,0,0,0,0,0,0,0,36,0,2013,43,6,0,1,1,0
Doctorado,Unión Libre,40451.0,0,2,2014-02-16,54,35,0,4,0,0,10,1,1,1,2,5,1,0,0,0,0,0,0,69,2,2014,49,5,1,1,1,0
Licenciatura,Unión Libre,36317.0,0,1,2013-05-22,53,87,3,25,3,2,13,2,3,0,4,7,0,0,0,0,0,0,0,61,1,2013,133,9,0,1,1,0
Licenciatura,Unión Libre,42213.0,0,1,2013-10-12,96,309,3,24,4,3,20,2,5,1,7,7,0,1,0,0,0,0,0,69,1,2013,363,15,1,1,0,0
Licenciatura,Unión Libre,65748.0,0,1,2013-04-15,58,172,73,93,95,78,34,2,2,4,10,1,0,0,0,0,0,1,0,71,1,2013,545,18,0,0,0,0
Licenciatura,Unión Libre,77044.0,0,1,2013-10-27,12,625,38,242,50,34,76,2,7,11,11,4,1,0,0,0,0,0,0,54,1,2013,1065,31,1,0,0,0
Licenciatura,Unión Libre,74918.0,0,0,2013-03-12,78,972,59,913,25,19,59,1,5,9,6,3,0,0,1,0,0,0,0,57,0,2013,2047,21,1,0,0,0
Licenciatura,Casado,56721.0,1,1,2012-10-31,64,157,6,39,6,13,75,5,4,1,5,6,0,0,0,0,0,0,0,54,2,2012,296,15,0,1,0,0
Licenciatura,Soltero,42160.0,1,1,2013-06-28,26,48,9,45,3,15,20,4,2,1,4,6,0,0,0,0,0,0,1,51,2,2013,140,11,1,1,0,0
Licenciatura,Soltero,61559.0,0,1,2013-07-17,8,279,83,88,32,14,34,1,4,2,10,3,0,0,0,0,0,0,0,61,1,2013,530,17,0,1,0,0
Doctorado,Unión Libre,33629.0,1,1,2012-08-08,49,132,0,16,0,0,4,5,3,1,4,9,0,0,0,0,0,0,0,63,2,2012,152,13,0,1,1,0
Doctorado,Unión Libre,68682.0,0,0,2013-10-06,56,919,0,505,99,30,45,1,4,9,10,2,0,0,0,0,0,0,0,35,0,2013,1598,24,0,0,0,0
Licenciatura,Soltero,34377.0,0,1,2013-01-19,55,62,0,22,3,1,26,2,2,2,2,7,0,0,0,0,0,0,0,63,1,2013,114,8,0,1,1,0
Básica,Soltero,8940.0,1,0,2012-08-22,25,1,45,3,4,6,42,3,3,1,3,8,0,0,0,0,0,0,0,40,1,2012,101,10,0,1,1,0
Licenciatura,Casado,26228.0,1,0,2013-09-22,50,2,6,4,3,1,9,1,1,0,2,8,0,0,0,0,0,0,0,53,1,2013,25,4,0,1,1,0
Posgrado,Divorciado,77297.0,0,0,2013-01-26,84,408,61,109,48,122,41,1,5,7,9,4,0,0,0,1,0,0,0,69,0,2013,789,22,1,0,0,-1
Licenciatura,Casado,40211.0,1,1,2013-07-30,30,51,1,7,2,1,25,2,2,1,2,8,1,0,0,0,0,0,0,45,2,2013,87,7,1,1,1,0
Doctorado,Viudo,33438.0,1,1,2013-09-22,81,62,1,16,3,2,6,4,2,1,4,5,0,0,0,0,0,0,0,68,2,2013,90,11,0,1,1,0
Doctorado,Casado,75032.0,0,1,2013-04-28,74,952,12,180,47,12,12,2,5,4,9,3,0,0,0,0,0,0,0,67,1,2013,1215,20,0,0,0,0
Doctorado,Soltero,61284.0,0,0,2013-10-12,76,618,15,106,20,7,45,1,11,2,8,6,0,1,0,0,0,0,0,71,0,2013,811,22,1,0,0,0
Licenciatura,Casado,22518.0,1,0,2012-10-22,36,11,7,12,2,2,27,2,2,1,2,5,1,0,0,0,0,0,1,40,1,2012,61,7,2,1,1,0
Maestría,Casado,54730.0,0,1,2013-08-15,64,318,3,17,4,7,56,5,4,1,8,4,0,0,0,0,0,0,0,51,1,2013,405,18,0,1,0,0
Maestría,Casado,38452.0,1,1,2014-03-30,62,56,0,14,0,0,2,3,3,0,3,7,0,0,0,0,0,0,0,71,2,2014,72,9,0,1,1,0
Licenciatura,Divorciado,44421.0,1,1,2013-02-15,53,110,5,59,7,1,7,5,5,0,4,8,0,0,0,0,0,0,0,55,2,2013,189,14,0,1,1,0
Doctorado,Unión Libre,38197.0,1,0,2013-06-29,86,23,0,11,2,1,3,1,1,0,3,5,0,0,0,0,0,0,0,40,1,2013,40,5,0,1,1,0
Licenciatura,Divorciado,41986.0,0,1,2014-02-09,15,27,5,8,8,3,12,3,3,0,4,4,0,0,0,0,0,0,0,48,1,2014,63,10,0,1,1,0
Licenciatura,Unión Libre,28427.0,1,0,2013-03-21,67,18,3,19,3,3,6,2,2,0,3,8,0,0,0,0,0,0,0,43,1,2013,52,7,0,1,1,0
Doctorado,Unión Libre,37395.0,1,0,2014-05-02,47,18,0,9,0,1,11,1,1,0,3,6,0,0,0,0,0,0,0,50,1,2014,39,5,0,1,1,0
Licenciatura,Casado,64722.0,1,0,2014-05-26,47,303,0,280,60,147,15,4,8,2,11,6,0,0,0,0,0,0,0,55,1,2014,805,25,0,0,0,0
Maestría,Unión Libre,55249.0,0,1,2014-04-17,81,97,1,19,2,0,11,1,2,1,4,3,0,0,0,0,0,0,0,70,1,2014,130,8,0,1,1,0
Licenciatura,Unión Libre,84906.0,0,0,2013-10-04,98,997,15,414,99,30,76,1,5,6,12,2,0,1,1,0,1,0,0,54,0,2013,1631,24,3,0,0,0
Licenciatura,Casado,28691.0,1,0,2013-07-04,56,5,4,13,8,0,4,1,1,0,3,8,0,0,0,0,0,0,0,37,1,2013,34,5,0,1,1,0
Licenciatura,Soltero,44213.0,1,1,2013-11-29,48,95,11,35,0,4,7,4,2,1,5,6,0,0,0,0,0,0,0,74,2,2013,152,12,0,1,1,0
Básica,Soltero,25707.0,1,0,2014-01-18,18,1,6,2,3,6,3,1,1,0,3,7,0,0,0,0,0,0,0,42,1,2014,21,5,0,1,1,0
Doctorado,Casado,59062.0,2,1,2013-10-03,74,46,1,12,3,0,9,2,2,0,3,4,0,0,0,0,0,0,0,59,3,2013,71,7,0,1,1,0
Licenciatura,Soltero,76624.0,0,1,2014-05-24,68,411,106,147,54,115,66,1,5,10,7,1,1,0,0,0,0,0,0,64,1,2014,899,23,1,0,0,0
Maestría,Unión Libre,66000.0,0,0,2014-04-20,36,244,51,270,101,0,45,1,1,3,5,1,0,0,0,0,0,0,0,79,0,2014,711,10,0,0,0,0
Doctorado,Unión Libre,27683.0,1,0,2012-08-04,90,152,9,121,12,12,45,4,6,2,4,8,0,0,0,0,0,0,0,48,1,2012,351,16,0,1,1,0
Licenciatura,Divorciado,1730.0,0,0,2014-05-18,65,1,1,3,1,1,1,15,0,0,0,20,0,0,0,0,0,0,0,55,0,2014,8,15,0,1,1,-1
Básica,Soltero,7500.0,1,0,2012-12-03,63,10,17,18,8,26,40,4,3,2,2,9,0,0,0,0,0,0,0,34,1,2012,119,11,0,1,1,0
Licenciatura,Unión Libre,40521.0,1,1,2013-04-05,82,12,0,5,0,0,4,1,0,1,2,5,0,0,0,0,0,0,0,58,2,2013,21,4,0,1,1,0
Doctorado,Unión Libre,20427.0,1,0,2014-03-24,63,5,0,4,0,0,1,1,1,0,2,8,0,0,0,0,0,0,0,53,1,2014,10,4,0,1,1,0
Licenciatura,Casado,65106.0,0,1,2014-05-24,55,790,19,133,12,0,19,3,8,3,13,6,0,1,0,0,0,0,0,51,1,2014,973,27,1,0,0,0
Doctorado,Casado,69969.0,0,0,2013-08-27,64,882,29,514,38,29,44,1,4,2,6,3,0,0,1,1,0,0,1,61,0,2013,1536,13,3,0,0,-1
Licenciatura,Casado,67433.0,0,2,2013-07-16,51,615,28,259,12,48,30,4,6,5,13,4,0,1,0,0,0,0,0,74,2,2013,992,28,1,0,0,0
Doctorado,Casado,77766.0,0,1,2013-02-22,97,1004,59,265,115,59,27,2,11,10,11,6,1,0,0,0,0,0,1,59,1,2013,1529,34,2,0,0,-1
Licenciatura,Casado,74716.0,0,1,2013-09-12,92,133,27,421,13,195,71,2,7,3,5,4,0,0,0,0,0,0,0,54,1,2013,860,17,0,0,0,0
Licenciatura,Divorciado,68118.0,0,1,2013-10-18,51,595,23,123,10,23,154,2,8,9,4,6,0,0,0,0,0,0,0,63,1,2013,928,23,0,0,0,0
Doctorado,Casado,55158.0,1,1,2012-07-30,72,293,0,87,4,11,23,4,7,2,5,7,0,0,0,0,0,0,1,56,2,2012,418,18,1,1,0,0
Posgrado,Casado,62972.0,0,1,2012-08-03,39,313,15,47,20,0,192,2,7,4,3,6,0,0,0,0,0,0,1,71,1,2012,587,16,1,0,0,0
Licenciatura,Casado,74190.0,0,1,2014-05-12,49,151,81,86,168,91,64,2,4,2,11,2,0,0,0,0,0,0,0,51,1,2014,641,19,0,0,0,0
Licenciatura,Casado,39356.0,1,1,2014-03-19,21,15,0,2,0,0,6,1,1,0,2,6,1,0,0,0,0,0,0,50,2,2014,23,4,1,1,1,0
Licenciatura,Unión Libre,76653.0,0,0,2013-08-16,91,736,63,946,219,189,126,1,4,7,11,2,0,0,1,1,0,0,0,57,0,2013,2279,23,2,0,0,0
Doctorado,Divorciado,35860.0,1,1,2014-05-19,37,15,0,8,4,2,20,2,1,1,2,5,1,0,0,0,0,0,0,53,2,2014,49,6,1,1,1,0
Doctorado,Divorciado,90687.0,0,0,2013-05-22,98,982,17,672,23,34,51,1,6,2,8,2,0,0,1,0,0,0,1,43,0,2013,1779,17,2,0,0,-1
Maestría,Unión Libre,73450.0,0,0,2013-12-05,85,1142,51,415,90,69,37,1,7,8,11,3,1,0,0,1,0,0,0,44,0,2013,1804,27,2,0,0,-1
Licenciatura,Casado,31454.0,1,1,2013-07-06,40,28,0,11,0,0,9,3,2,0,3,8,0,0,0,0,0,0,0,66,2,2013,48,8,0,1,1,0
Licenciatura,Soltero,47139.0,1,1,2014-03-06,2,46,0,12,0,2,23,2,2,1,2,7,0,0,0,0,0,0,1,74,2,2014,83,7,1,1,1,0
Licenciatura,Divorciado,83829.0,0,0,2013-10-08,78,897,161,430,186,161,27,0,4,7,6,1,1,0,1,1,0,0,1,51,0,2013,1862,17,4,0,0,-1
Doctorado,Casado,53378.0,1,1,2012-09-24,41,489,6,152,8,6,132,10,9,4,6,8,0,0,0,0,0,0,1,63,2,2012,793,29,1,0,0,0
Licenciatura,Unión Libre,19656.0,1,0,2013-02-08,94,25,4,9,6,8,32,3,2,1,3,7,0,0,0,0,0,0,0,56,1,2013,84,9,0,1,1,0
Doctorado,Casado,45579.0,0,1,2013-08-20,10,145,1,33,2,1,1,1,4,1,4,6,0,0,0,0,0,0,0,78,1,2013,183,10,0,1,0,0
Posgrado,Soltero,85485.0,0,0,2014-06-21,73,630,26,611,44,18,54,1,6,6,6,2,0,0,0,0,0,0,0,68,0,2014,1383,19,0,0,0,0
Licenciatura,Casado,55956.0,0,0,2014-04-07,22,760,38,104,50,9,38,2,7,3,4,4,0,1,0,0,0,0,0,82,0,2014,999,16,1,0,0,0
Maestría,Soltero,64191.0,0,1,2013-01-22,30,420,15,186,151,38,15,3,5,3,13,3,0,0,0,0,0,0,0,63,1,2013,825,24,0,0,0,0
Licenciatura,Soltero,38808.0,1,0,2012-08-26,21,125,17,52,3,19,30,4,5,1,4,8,1,0,0,0,0,0,1,54,1,2012,246,14,2,1,1,0
Maestría,Casado,57183.0,1,1,2013-03-19,51,464,5,64,7,0,70,8,9,1,7,8,0,0,0,0,0,0,0,60,2,2013,610,25,0,0,0,0
Maestría,Divorciado,23748.0,1,0,2012-11-21,97,6,6,29,12,15,8,3,2,1,3,8,0,0,0,0,0,0,0,58,1,2012,76,9,0,1,1,0
Licenciatura,Casado,66303.0,0,1,2013-02-26,56,1090,12,96,16,12,60,4,3,4,11,8,0,1,0,0,0,0,0,55,1,2013,1286,22,1,0,0,0
Maestría,Casado,37368.0,1,0,2013-12-16,4,3,2,11,2,2,10,1,1,0,2,6,1,0,0,0,0,0,0,51,1,2013,30,4,1,1,1,0
Licenciatura,Casado,40800.0,1,2,2013-01-01,77,24,0,27,8,30,10,2,3,0,3,7,0,0,0,0,0,1,0,62,3,2013,99,8,0,1,1,0
Licenciatura,Divorciado,71847.0,0,0,2012-09-21,95,737,21,106,55,63,210,0,6,7,9,3,0,0,0,1,0,0,0,48,0,2012,1192,22,1,0,0,0
Licenciatura,Casado,46149.0,0,1,2013-11-29,36,254,6,71,4,0,27,5,5,1,7,5,0,0,0,0,0,0,0,51,1,2013,362,18,0,1,0,0
Licenciatura,Unión Libre,78687.0,0,0,2012-08-09,13,817,185,687,145,55,241,1,4,6,8,2,0,0,1,0,0,0,1,43,0,2012,2130,19,2,0,0,0
Posgrado,Divorciado,49118.0,0,0,2012-08-18,90,620,54,239,99,98,119,2,9,7,10,7,0,1,0,0,1,0,1,55,0,2012,1229,28,3,0,0,-1
Doctorado,Casado,37633.0,1,1,2012-09-20,49,13,4,20,0,0,1,2,1,0,3,9,0,0,0,0,0,0,0,69,2,2012,38,6,0,1,1,0
Maestría,Unión Libre,39767.0,0,0,2013-07-21,18,113,61,204,34,26,47,2,7,1,7,8,0,0,0,0,0,0,0,75,0,2013,485,17,0,0,0,0
Básica,Casado,26997.0,0,0,2012-11-05,89,7,23,78,133,49,144,2,4,2,5,7,0,0,0,0,0,0,0,75,0,2012,434,13,0,1,0,0
Licenciatura,Divorciado,33986.0,1,0,2013-03-14,43,16,2,18,2,1,5,1,1,0,3,7,0,0,0,0,0,0,0,56,1,2013,44,5,0,1,1,0
Doctorado,Casado,57091.0,0,1,2012-11-23,82,462,0,24,6,0,4,2,9,2,5,7,0,1,0,0,0,0,1,54,1,2012,496,18,2,0,0,0
Posgrado,Casado,46831.0,1,1,2013-06-08,84,22,2,10,6,4,34,2,1,2,2,4,0,0,0,0,0,0,0,57,2,2013,78,7,0,1,1,0
Maestría,Casado,83151.0,0,0,2013-02-10,80,968,147,842,137,42,210,1,5,7,10,2,1,0,1,1,0,0,1,54,0,2013,2346,23,4,0,0,-1
Licenciatura,Casado,52531.0,0,0,2012-12-30,68,283,112,151,51,72,125,2,7,2,10,6,0,0,0,0,0,0,0,55,0,2012,794,21,0,0,0,0
Licenciatura,Casado,15759.0,0,0,2013-09-05,12,1,2,5,6,0,3,1,1,0,2,7,0,0,0,0,0,0,0,70,0,2013,17,4,0,1,0,0
Licenciatura,Soltero,22804.0,1,0,2013-07-31,75,14,1,7,2,1,1,1,2,0,2,9,0,0,0,0,0,0,0,55,1,2013,26,5,0,1,1,0
Posgrado,Casado,43050.0,1,0,2014-03-18,10,30,5,24,6,3,8,2,2,0,4,5,0,0,0,0,0,0,0,53,1,2014,76,8,0,1,1,0
Doctorado,Soltero,42997.0,1,1,2013-12-07,91,4,0,5,0,1,5,1,1,0,2,7,0,0,0,0,0,0,0,49,2,2013,15,4,0,1,1,0
Doctorado,Soltero,48918.0,1,1,2014-04-12,21,52,0,9,0,0,1,2,1,0,4,4,0,0,0,0,0,0,0,63,2,2014,62,7,0,1,1,0
Maestría,Unión Libre,60033.0,0,1,2014-03-29,28,62,1,57,19,11,48,2,2,1,5,2,0,0,0,0,0,0,0,72,1,2014,198,10,0,1,1,0
Doctorado,Unión Libre,34043.0,1,0,2013-10-25,97,20,2,14,3,0,10,1,2,0,2,9,0,0,0,0,0,0,0,48,1,2013,49,5,0,1,1,0
Licenciatura,Unión Libre,57811.0,0,1,2013-06-24,49,545,7,114,37,21,78,5,7,2,11,5,0,1,0,0,0,0,0,60,1,2013,802,25,1,0,0,0
Licenciatura,Casado,78569.0,0,0,2014-02-19,14,558,79,622,207,175,95,1,4,6,4,1,0,0,1,0,0,0,1,80,0,2014,1736,15,2,0,0,0
Licenciatura,Soltero,7500.0,1,1,2012-12-27,5,6,5,4,13,4,25,4,2,1,3,6,0,0,0,0,0,0,0,48,2,2012,57,10,0,1,1,0
Maestría,Unión Libre,157733.0,1,0,2013-06-04,37,39,1,9,2,0,8,0,1,0,1,1,0,0,0,0,0,0,0,55,1,2013,59,2,0,0,0,-1
Licenciatura,Unión Libre,94384.0,0,0,2013-03-04,62,1111,24,790,160,45,172,0,5,8,5,2,0,1,1,1,0,0,1,73,0,2013,2302,18,4,0,0,-1
Posgrado,Casado,23148.0,0,0,2014-02-18,83,4,6,8,6,3,10,1,2,0,3,7,0,0,0,0,0,0,0,41,0,2014,37,6,0,1,1,0
Licenciatura,Divorciado,44267.0,1,1,2013-02-25,48,183,5,65,3,5,49,5,5,2,4,9,0,0,0,0,0,0,0,56,2,2013,310,16,0,1,1,0
Licenciatura,Casado,71626.0,0,0,2012-11-01,94,546,72,376,94,145,72,1,5,5,8,3,0,1,0,0,0,0,0,47,0,2012,1305,19,1,0,0,0
Licenciatura,Unión Libre,60894.0,0,1,2013-06-28,61,606,7,155,10,0,54,5,10,3,8,7,0,0,0,0,0,0,0,60,1,2013,832,26,0,0,0,0
Licenciatura,Unión Libre,50200.0,1,1,2013-04-03,70,266,6,51,8,6,64,6,7,1,5,8,0,0,0,0,0,0,0,50,2,2013,401,19,0,1,0,0
Doctorado,Casado,81051.0,0,0,2014-05-23,43,1142,29,249,38,29,14,1,5,5,12,2,0,1,1,0,0,0,0,61,0,2014,1501,23,2,0,0,-1
Licenciatura,Casado,65169.0,0,0,2014-01-14,23,1074,0,69,0,0,46,1,10,4,13,6,1,0,1,1,1,0,1,44,0,2014,1189,28,5,0,0,-1
Licenciatura,Unión Libre,59868.0,0,1,2013-07-22,37,771,51,154,54,10,154,7,11,2,12,6,0,0,0,0,0,0,0,54,1,2013,1194,32,0,0,0,0
Doctorado,Casado,65695.0,0,1,2014-01-31,50,371,32,189,0,58,6,2,5,4,10,4,0,0,0,0,0,0,0,66,1,2014,656,21,0,0,0,0
Maestría,Soltero,64857.0,0,0,2012-11-23,78,556,14,717,210,0,43,1,7,5,10,4,0,0,0,0,0,0,0,70,0,2012,1540,23,0,0,0,1
Maestría,Unión Libre,45143.0,0,1,2013-08-26,74,202,5,74,11,5,14,3,6,1,5,7,0,0,0,0,0,0,0,61,1,2013,311,15,0,1,0,0
Posgrado,Unión Libre,74805.0,0,1,2013-11-06,14,209,162,209,41,162,37,5,4,7,10,2,0,0,0,0,0,0,0,71,1,2013,820,26,0,0,0,0
Posgrado,Casado,59060.0,1,0,2014-01-11,77,35,40,111,36,40,12,3,3,1,7,4,0,0,0,0,0,0,0,37,1,2014,274,14,0,1,0,0
Doctorado,Soltero,27238.0,1,1,2013-04-20,39,37,0,17,0,0,3,3,3,0,3,9,0,0,0,0,0,0,0,64,2,2013,57,9,0,1,1,0
Licenciatura,Unión Libre,47009.0,0,1,2013-10-01,89,171,45,73,59,10,90,4,3,2,8,4,0,0,0,0,0,0,0,61,1,2013,448,17,0,1,0,0
Posgrado,Casado,46094.0,1,1,2014-06-10,62,12,2,20,3,2,5,1,1,0,3,7,0,0,0,0,0,0,0,53,2,2014,44,5,0,1,1,0
Licenciatura,Casado,40321.0,1,1,2013-07-29,59,44,4,21,6,0,27,2,3,0,3,7,0,0,0,0,0,0,0,54,2,2013,102,8,0,1,1,0
Licenciatura,Unión Libre,37235.0,1,0,2014-02-01,68,20,2,9,4,6,20,1,1,1,2,4,0,0,0,0,0,0,0,42,1,2014,61,5,0,1,1,0
Maestría,Casado,81843.0,0,0,2013-04-22,13,779,86,537,34,69,138,1,5,9,12,3,0,0,0,0,0,0,0,66,0,2013,1643,27,0,0,0,0
Maestría,Unión Libre,46692.0,0,1,2013-06-06,37,170,6,97,24,12,88,3,6,1,5,6,0,0,0,0,0,0,0,68,1,2013,397,15,0,1,1,0
Licenciatura,Unión Libre,77382.0,0,1,2014-01-07,36,491,48,231,112,105,134,2,5,7,12,1,0,0,1,0,0,0,0,58,1,2014,1121,26,1,0,0,0
Licenciatura,Soltero,37774.0,2,0,2012-09-03,28,173,8,107,7,2,176,4,7,2,3,9,1,0,0,0,0,1,1,49,2,2012,473,16,2,1,0,0
Básica,Casado,18393.0,1,0,2014-03-29,2,7,10,13,16,0,4,2,3,0,3,8,0,0,0,0,0,0,0,52,1,2014,50,8,0,1,1,0
Maestría,Casado,72828.0,0,1,2013-02-14,17,1205,0,235,19,14,205,6,6,3,13,7,0,0,0,0,0,0,0,64,1,2013,1678,28,0,0,0,0
Licenciatura,Casado,24711.0,0,0,2014-04-18,86,10,7,25,6,3,7,1,3,0,3,7,0,0,0,0,0,0,0,44,0,2014,58,7,0,1,1,0
Doctorado,Casado,45503.0,1,0,2013-09-25,54,97,4,44,6,1,18,1,3,1,4,5,0,0,0,0,0,0,0,51,1,2013,170,9,0,1,1,0
Maestría,Soltero,6560.0,0,0,2013-12-12,2,67,11,26,4,3,262,0,1,0,1,17,0,0,0,0,0,0,0,44,0,2013,373,2,0,1,1,-1
Doctorado,Unión Libre,71604.0,0,0,2013-11-17,3,345,53,528,98,75,97,1,8,3,5,4,1,0,0,0,0,0,1,81,0,2013,1196,17,2,0,0,-1
Licenciatura,Casado,27244.0,1,0,2014-03-07,84,6,5,17,3,24,46,2,2,2,2,7,0,0,0,0,0,0,0,47,1,2014,101,8,0,1,1,0
Licenciatura,Casado,48752.0,1,1,2012-12-12,8,73,57,100,71,15,0,5,6,1,5,9,0,0,0,0,0,0,1,57,2,2012,316,17,1,1,0,0
Licenciatura,Casado,71434.0,0,1,2013-09-18,4,711,36,217,172,96,168,3,7,4,7,4,0,1,0,1,0,0,0,64,1,2013,1400,21,2,0,0,0
Licenciatura,Soltero,90842.0,0,0,2013-07-29,57,774,70,118,182,187,93,1,4,9,13,1,0,0,0,0,0,0,0,78,0,2013,1424,27,0,0,0,0
Maestría,Casado,88097.0,1,0,2012-08-18,24,163,0,480,0,126,75,1,6,5,8,9,0,1,1,1,0,0,1,48,1,2012,844,20,4,0,0,-1
Licenciatura,Casado,51948.0,0,1,2013-09-17,51,82,33,54,71,30,41,2,5,2,4,5,0,0,0,0,0,0,0,51,1,2013,311,13,0,1,0,0
Licenciatura,Unión Libre,71853.0,0,0,2013-05-08,29,358,108,413,141,97,32,1,2,8,6,1,0,0,0,0,0,0,0,44,0,2013,1149,17,0,0,0,0
Maestría,Casado,35876.0,0,0,2014-04-20,13,66,2,40,4,3,14,1,3,1,3,6,0,0,0,0,0,0,0,43,0,2014,129,8,0,1,0,0
Licenciatura,Viudo,40049.0,0,1,2013-10-16,23,13,6,7,0,3,3,1,1,0,3,6,0,0,0,0,0,0,0,74,1,2013,32,5,0,1,1,0
Licenciatura,Soltero,39660.0,1,0,2012-08-08,36,139,13,78,20,13,36,3,7,1,3,9,0,0,0,0,0,0,1,44,1,2012,299,14,1,1,0,0
Licenciatura,Unión Libre,50127.0,0,1,2014-05-29,88,274,0,21,4,6,15,1,5,1,6,6,0,1,0,0,0,0,0,64,1,2014,320,13,1,1,0,0
Maestría,Casado,43263.0,0,1,2012-11-21,2,262,6,61,0,10,102,3,5,2,6,5,0,0,0,0,0,0,0,49,1,2012,441,16,0,1,0,0
Maestría,Casado,62845.0,1,1,2012-10-01,3,1099,0,45,0,0,34,11,3,4,10,8,0,1,0,0,0,0,1,77,2,2012,1178,28,2,0,0,-1
Licenciatura,Casado,18929.0,0,0,2013-02-16,15,32,0,8,23,4,18,1,1,0,4,6,0,0,0,0,0,0,0,36,0,2013,85,6,0,1,1,0
Básica,Soltero,24367.0,1,0,2013-03-20,58,2,4,2,0,11,5,1,1,0,2,9,0,0,0,0,0,0,0,44,1,2013,24,4,0,1,1,0
Licenciatura,Soltero,33249.0,1,0,2013-02-20,11,6,10,21,19,14,42,2,2,1,3,6,0,0,0,0,0,0,0,51,1,2013,112,8,0,1,1,0
Posgrado,Casado,26887.0,0,1,2013-02-10,27,6,7,4,3,4,6,1,1,0,3,6,0,0,0,0,0,0,0,67,1,2013,30,5,0,1,1,0
Doctorado,Casado,50150.0,0,0,2013-06-20,32,135,46,92,65,61,11,2,5,2,7,5,0,0,0,0,0,0,0,43,0,2013,410,16,0,1,0,0
Licenciatura,Unión Libre,62061.0,0,1,2013-08-31,12,641,7,84,0,30,38,3,10,4,7,6,0,1,0,0,0,0,0,50,1,2013,800,24,1,0,0,0
Doctorado,Divorciado,85696.0,0,0,2013-05-03,88,714,76,395,116,0,12,1,4,6,9,1,0,0,0,0,0,0,1,64,0,2013,1313,20,1,0,0,0
Doctorado,Unión Libre,76542.0,0,0,2013-03-30,91,794,73,573,0,29,14,1,4,8,10,2,0,0,0,0,0,0,0,70,0,2013,1483,23,0,0,0,0
Licenciatura,Soltero,70515.0,0,0,2013-10-21,12,420,0,452,182,64,140,1,6,6,4,2,0,0,0,0,0,0,1,33,0,2013,1258,17,1,0,0,0
Licenciatura,Unión Libre,18227.0,1,0,2012-11-08,21,1,2,7,4,3,11,1,0,1,2,8,0,0,0,0,0,0,0,39,1,2012,28,4,0,1,1,0
Licenciatura,Casado,69139.0,0,1,2014-01-27,23,86,12,75,33,15,6,1,4,1,5,4,0,0,0,0,0,0,0,61,1,2014,227,11,0,1,0,0
Licenciatura,Casado,69109.0,0,0,2012-11-09,10,823,25,459,124,29,95,1,6,6,7,4,0,0,1,0,0,0,1,44,0,2012,1555,20,2,0,0,0
Licenciatura,Soltero,69627.0,0,1,2013-03-17,35,231,161,215,171,30,53,2,8,2,11,5,0,0,0,0,0,0,0,64,1,2013,861,23,0,0,0,0
Licenciatura,Casado,38136.0,1,0,2013-04-22,69,8,15,27,0,20,33,2,3,1,2,8,1,0,0,0,0,0,0,48,1,2013,103,8,1,1,1,0
Doctorado,Soltero,62159.0,0,0,2014-04-28,68,182,17,259,77,70,29,1,6,2,10,4,0,0,0,0,0,0,0,80,0,2014,634,19,0,0,0,-1
Licenciatura,Soltero,80695.0,0,0,2013-12-29,85,557,129,984,193,37,18,1,5,8,5,2,0,0,0,0,0,0,0,63,0,2013,1918,19,0,0,0,0
Maestría,Soltero,33316.0,1,1,2013-10-04,34,79,1,31,4,4,12,3,2,1,4,6,0,0,0,0,0,0,0,55,2,2013,131,10,0,1,1,0
Licenciatura,Unión Libre,58554.0,1,1,2012-09-26,55,368,24,68,38,0,88,6,8,2,6,7,0,0,0,0,0,0,0,58,2,2012,586,22,0,1,0,0
Básica,Casado,17256.0,1,0,2013-11-23,10,6,4,14,8,8,22,2,2,1,2,8,1,0,0,0,0,0,0,34,1,2013,62,7,1,1,1,0
Licenciatura,Divorciado,53034.0,1,1,2013-05-30,30,160,15,196,15,11,50,8,6,1,7,8,0,0,0,0,0,0,0,52,2,2013,447,22,0,1,1,0
Posgrado,Unión Libre,52203.0,0,0,2012-07-31,36,488,21,238,56,108,28,1,8,7,11,6,0,0,0,0,0,0,0,76,0,2012,939,27,0,0,0,-1
Posgrado,Divorciado,59601.0,0,1,2013-07-25,14,691,7,69,0,7,23,4,2,2,7,8,0,1,0,0,0,0,0,49,1,2013,797,15,1,0,0,-1
Maestría,Soltero,75154.0,0,1,2012-09-04,79,543,10,205,160,143,82,1,6,3,6,3,0,0,0,0,0,0,1,68,1,2012,1143,16,1,0,0,-1
Licenciatura,Soltero,47025.0,0,1,2013-11-07,52,254,7,108,20,0,26,3,6,3,5,6,0,0,0,0,0,0,0,50,1,2013,415,17,0,1,0,0
Licenciatura,Casado,37971.0,1,0,2013-11-25,97,5,4,10,2,2,7,1,1,0,3,8,0,0,0,0,0,0,0,53,1,2013,30,5,0,1,1,0
Maestría,Divorciado,41335.0,1,0,2013-12-26,24,112,19,21,16,14,5,3,4,1,4,7,0,0,0,0,0,0,0,58,1,2013,187,12,0,1,1,0
Licenciatura,Casado,67267.0,0,1,2014-05-13,0,134,11,59,15,2,30,1,3,2,5,2,0,0,0,0,0,0,0,68,1,2014,251,11,0,1,0,0
Licenciatura,Soltero,57338.0,0,1,2014-04-29,96,143,6,52,11,8,17,2,4,1,5,5,0,0,0,0,0,0,0,51,1,2014,237,12,0,1,0,0
Posgrado,Unión Libre,50523.0,1,1,2013-12-25,89,51,4,24,4,7,1,2,2,0,4,6,0,0,0,0,0,0,0,66,2,2013,91,8,0,1,1,0
Maestría,Soltero,35791.0,2,1,2013-05-06,94,27,0,5,0,0,3,2,1,0,3,8,0,0,0,0,0,0,0,61,3,2013,35,6,0,1,1,0
Doctorado,Divorciado,50611.0,0,1,2012-10-04,98,459,0,24,6,0,4,6,4,5,7,6,0,1,0,0,0,0,0,66,1,2012,493,22,1,0,0,0
Doctorado,Casado,56242.0,0,1,2013-03-03,72,689,8,167,11,8,88,5,8,4,11,6,0,0,0,0,0,0,0,57,1,2013,971,28,0,0,0,0
Licenciatura,Soltero,48904.0,0,1,2012-12-02,1,283,10,38,0,13,27,4,7,2,4,8,0,0,0,0,0,0,0,66,1,2012,371,17,0,1,0,0
Licenciatura,Soltero,56243.0,1,2,2013-12-30,26,347,0,35,4,3,7,6,4,2,8,5,0,0,0,0,0,0,0,51,3,2013,396,20,0,1,0,0
Licenciatura,Casado,21355.0,1,0,2013-08-20,5,5,13,14,0,5,31,2,2,1,2,6,1,0,0,0,0,0,1,41,1,2013,68,7,2,1,1,0
Maestría,Unión Libre,57420.0,0,1,2013-06-25,22,280,0,18,0,0,24,3,5,1,6,7,0,1,0,0,0,0,0,55,1,2013,322,15,1,1,0,0
Maestría,Unión Libre,,0,1,2013-04-01,39,187,5,65,26,20,14,2,4,2,6,5,0,0,0,0,0,0,0,56,1,2013,317,14,0,1,0,0
Maestría,Divorciado,46390.0,0,1,2014-05-05,56,95,14,64,2,9,38,1,4,2,3,7,0,0,0,0,0,0,0,71,1,2014,222,10,0,1,1,0
Posgrado,Unión Libre,54342.0,1,1,2013-07-03,74,84,10,34,11,10,28,4,3,1,4,6,0,0,0,0,0,0,0,70,2,2013,177,12,0,1,1,0
Licenciatura,Unión Libre,,1,1,2012-09-03,87,19,4,12,2,2,6,1,1,0,3,5,0,0,0,0,0,0,0,68,2,2012,45,5,0,1,1,0
Posgrado,Soltero,,1,1,2014-01-12,49,5,1,9,2,0,4,1,1,0,2,7,0,0,0,0,0,0,0,62,2,2014,21,4,0,1,1,0
Licenciatura,Casado,20895.0,1,0,2012-10-06,24,18,3,17,3,0,4,1,2,0,3,9,0,0,0,0,0,0,0,53,1,2012,45,6,0,1,1,0
Licenciatura,Casado,92344.0,0,0,2014-01-15,9,992,24,694,51,19,119,0,5,10,5,1,1,0,1,0,0,0,0,78,0,2014,1899,20,2,0,0,0
Doctorado,Unión Libre,,1,0,2014-03-02,17,25,1,13,0,0,3,1,1,0,3,7,0,0,0,0,0,0,0,54,1,2014,42,5,0,1,1,0
Posgrado,Unión Libre,26907.0,1,1,2013-08-20,10,9,1,7,0,3,2,2,1,0,3,7,0,0,0,0,0,0,0,50,2,2013,22,6,0,1,1,0
Licenciatura,Unión Libre,44964.0,1,1,2012-12-16,35,19,1,17,2,0,2,1,1,0,3,8,0,0,0,0,0,0,0,46,2,2012,41,5,0,1,1,0
Licenciatura,Unión Libre,75507.0,0,0,2014-05-02,56,709,93,374,104,80,80,1,8,6,6,3,0,0,0,0,0,0,0,47,0,2014,1440,21,0,0,0,0
Maestría,Casado,53761.0,1,1,2013-10-11,7,158,0,76,13,7,71,6,4,4,3,5,0,0,0,0,0,0,0,54,2,2013,325,17,0,1,0,0
Licenciatura,Unión Libre,22682.0,1,0,2013-10-03,51,10,14,29,4,2,36,3,2,1,4,4,0,0,0,0,0,0,0,53,1,2013,95,10,0,1,1,0
Doctorado,Unión Libre,38887.0,1,0,2014-03-02,17,25,1,13,0,0,3,1,1,0,3,7,0,0,0,0,0,0,0,54,1,2014,42,5,0,1,1,0
Posgrado,Soltero,41658.0,1,1,2012-11-09,30,8,4,12,15,4,29,2,1,1,2,4,0,0,0,0,0,0,0,51,2,2012,72,6,0,1,1,0
Doctorado,Casado,29791.0,1,0,2014-05-15,21,14,0,6,0,0,0,2,2,0,3,5,0,0,0,0,0,0,0,54,1,2014,20,7,0,1,1,0
Maestría,Casado,63915.0,0,2,2013-07-30,2,622,7,115,30,0,15,2,6,3,12,5,0,0,0,0,0,0,0,70,2,2013,789,23,0,0,0,0
Licenciatura,Divorciado,39996.0,1,1,2014-05-22,85,11,0,3,0,0,1,1,1,0,2,6,0,0,0,0,0,0,0,52,2,2014,15,4,0,1,1,0
Licenciatura,Divorciado,26759.0,1,0,2014-02-07,65,25,3,16,8,5,2,2,2,1,3,6,0,0,0,0,0,0,0,54,1,2014,59,8,0,1,1,0
Maestría,Divorciado,63841.0,0,1,2013-04-21,64,635,15,100,20,7,131,1,9,3,9,6,0,0,0,0,0,0,0,58,1,2013,908,22,0,0,0,0
Doctorado,Casado,51039.0,1,1,2012-12-10,11,100,64,79,65,0,109,2,6,2,4,7,0,0,0,0,0,0,0,57,2,2012,417,14,0,1,0,0
Licenciatura,Casado,60544.0,1,1,2012-08-25,92,201,2,43,3,5,35,4,5,1,5,6,0,0,0,0,0,0,0,65,2,2012,289,15,0,1,0,0
Licenciatura,Casado,65685.0,0,1,2014-03-29,54,642,14,49,0,7,57,1,9,2,9,5,0,0,0,0,0,0,0,54,1,2014,769,21,0,0,0,0
Licenciatura,Casado,37716.0,0,1,2014-04-21,4,97,1,41,6,2,41,2,4,1,3,7,0,0,0,0,0,0,0,73,1,2014,188,10,0,1,0,0
Licenciatura,Soltero,36864.0,0,1,2012-08-13,53,204,5,39,17,0,89,3,5,2,4,8,0,0,0,0,0,0,1,69,1,2012,354,14,1,1,0,0
Maestría,Casado,44511.0,1,0,2012-10-12,39,513,7,133,46,14,14,6,8,4,8,8,0,0,0,0,0,0,0,56,1,2012,727,26,0,0,0,0
Doctorado,Casado,36947.0,1,1,2012-08-07,49,88,3,21,4,1,29,4,3,0,4,9,0,0,0,0,0,0,0,59,2,2012,146,11,0,1,1,0
Maestría,Unión Libre,47352.0,0,1,2013-04-11,70,172,12,112,8,0,15,4,6,1,5,7,0,0,0,0,0,0,0,75,1,2013,319,16,0,1,1,0
Maestría,Casado,67087.0,0,1,2013-12-17,40,329,35,222,130,35,43,2,7,5,8,4,0,0,0,0,0,0,0,73,1,2013,794,22,0,0,0,0
Licenciatura,Casado,57045.0,0,1,2012-09-08,40,296,13,104,11,13,17,3,4,2,9,3,0,0,0,0,0,0,0,76,1,2012,454,18,0,0,0,0
Doctorado,Divorciado,36957.0,1,1,2012-09-06,43,100,2,16,2,1,31,4,3,2,2,9,0,0,0,0,0,0,1,73,2,2012,152,11,1,1,1,0
Doctorado,Casado,69389.0,0,1,2012-09-28,17,422,7,238,69,46,15,1,7,2,12,4,0,0,0,0,0,0,0,49,1,2012,797,22,0,0,0,0
Licenciatura,Casado,80134.0,1,0,2013-05-20,40,1218,16,272,104,0,80,2,5,3,6,6,0,1,1,1,0,0,1,54,1,2013,1690,16,4,0,0,-1
Maestría,Casado,43142.0,1,1,2014-02-18,84,5,1,7,2,1,4,1,1,0,2,7,0,0,0,0,0,0,0,57,2,2014,20,4,0,1,1,0
Licenciatura,Casado,80589.0,0,0,2014-01-22,25,507,93,520,242,40,26,1,5,10,5,1,0,0,0,1,0,0,1,82,0,2014,1428,21,2,0,0,-1
Licenciatura,Soltero,34412.0,1,0,2013-02-13,62,52,12,50,4,36,55,3,5,0,3,9,0,0,0,0,0,0,0,36,1,2013,209,11,0,1,1,0
Licenciatura,Soltero,57537.0,1,0,2013-06-10,83,191,56,139,51,8,100,4,4,3,8,4,0,0,0,0,0,0,0,47,1,2013,545,19,0,1,0,0
Básica,Unión Libre,22634.0,0,0,2013-01-16,47,2,23,11,8,6,46,1,2,1,2,8,0,0,0,0,0,0,0,60,0,2013,96,6,0,1,0,0
Licenciatura,Unión Libre,51315.0,0,0,2014-02-23,45,68,28,39,16,30,41,1,2,2,5,2,0,0,0,0,0,0,0,78,0,2014,222,10,0,1,0,0
Licenciatura,Casado,36026.0,2,1,2014-03-16,34,20,4,10,6,4,17,2,2,0,3,6,0,0,0,0,0,0,0,54,3,2014,61,7,0,1,1,0
Licenciatura,Casado,24639.0,1,1,2014-01-28,3,20,3,16,0,4,1,3,2,0,4,6,0,0,0,0,0,0,0,53,2,2014,44,9,0,1,1,0
Doctorado,Unión Libre,34578.0,2,1,2014-04-11,1,7,0,1,0,0,0,1,1,0,2,6,0,0,0,0,0,0,0,54,3,2014,8,4,0,1,1,0
Posgrado,Soltero,65704.0,0,0,2013-10-13,18,279,172,74,38,8,246,1,2,10,10,1,0,0,0,0,0,0,0,54,0,2013,817,23,0,0,0,-1
Licenciatura,Soltero,63810.0,0,1,2012-11-11,45,977,12,253,16,12,101,4,4,3,12,8,0,1,0,0,0,0,0,60,1,2012,1371,23,1,0,0,0
Doctorado,Unión Libre,54132.0,0,1,2014-02-16,81,30,1,8,0,0,3,1,1,0,3,7,0,0,0,0,0,0,0,57,1,2014,42,5,0,1,1,0
Licenciatura,Casado,18690.0,0,0,2012-12-28,77,6,1,7,23,4,19,1,1,1,2,8,0,0,0,0,0,0,0,67,0,2012,60,5,0,1,0,0
Licenciatura,Casado,28164.0,1,0,2013-05-04,23,3,18,26,11,8,12,3,2,0,4,7,0,0,0,0,0,0,0,56,1,2013,78,9,0,1,1,0
Doctorado,Casado,34596.0,1,0,2013-04-13,48,14,0,2,0,0,7,1,1,0,2,8,0,0,0,0,0,0,0,52,1,2013,23,4,0,1,1,0
Doctorado,Casado,43269.0,1,0,2013-09-16,61,10,1,7,0,0,1,1,1,0,2,8,0,0,0,0,0,0,0,54,1,2013,19,4,0,1,1,0
Posgrado,Soltero,38741.0,1,1,2014-03-30,60,7,10,17,8,6,13,2,2,0,3,7,0,0,0,0,0,0,0,68,2,2014,61,7,0,1,1,0
Licenciatura,Soltero,31907.0,0,0,2013-03-04,75,33,87,64,175,16,74,1,6,1,6,7,0,0,0,0,0,0,0,54,0,2013,449,14,0,1,1,0
Maestría,Casado,27100.0,1,0,2013-04-05,64,12,0,13,2,0,10,1,1,0,3,7,0,0,0,0,0,0,0,43,1,2013,37,5,0,1,1,0
Posgrado,Divorciado,31163.0,1,0,2014-02-13,54,2,3,10,11,2,10,1,1,0,3,6,0,0,0,0,0,0,0,53,1,2014,38,5,0,1,1,0
Licenciatura,Casado,92533.0,0,0,2013-12-19,84,693,21,118,110,147,42,1,6,5,11,2,0,0,1,1,0,0,0,41,0,2013,1131,23,2,0,0,0
Licenciatura,Soltero,34853.0,1,1,2013-12-23,75,9,3,15,2,3,2,2,2,0,3,6,0,0,0,0,0,0,0,53,2,2013,34,7,0,1,1,0
Licenciatura,Divorciado,70844.0,1,1,2013-10-30,16,129,26,67,3,67,2,5,6,1,5,7,0,0,0,0,0,0,0,59,2,2013,294,17,0,1,1,0
Posgrado,Casado,31086.0,1,1,2013-05-04,79,16,2,11,3,0,16,2,1,1,2,8,1,0,0,0,0,0,0,47,2,2013,48,6,1,1,1,0
Licenciatura,Casado,60544.0,1,1,2012-08-25,92,201,2,43,3,5,35,4,5,1,5,6,0,0,0,0,0,0,0,65,2,2012,289,15,0,1,0,0
Posgrado,Unión Libre,20491.0,0,0,2013-01-25,16,5,4,5,4,2,10,1,0,1,2,7,0,0,0,0,0,0,0,40,0,2013,30,4,0,1,1,0
Licenciatura,Casado,42523.0,0,0,2014-04-23,96,14,36,11,3,26,35,1,1,1,4,2,0,0,0,0,0,0,0,62,0,2014,125,7,0,1,0,0
Licenciatura,Casado,39922.0,1,0,2013-02-14,30,29,12,59,19,1,36,2,3,0,4,8,0,0,0,0,0,0,0,43,1,2013,156,9,0,1,1,0
Licenciatura,Unión Libre,33402.0,1,1,2013-07-18,60,26,2,19,10,5,8,3,2,1,3,8,0,0,0,0,0,0,0,74,2,2013,70,9,0,1,1,0
Maestría,Casado,36408.0,1,1,2013-09-21,11,9,1,4,3,2,3,1,1,0,2,6,0,0,0,0,0,0,0,77,2,2013,22,4,0,1,1,0
Licenciatura,Unión Libre,21645.0,1,0,2012-09-03,75,14,0,23,4,5,19,3,3,0,3,9,0,0,0,0,0,0,1,47,1,2012,65,9,1,1,1,0
Maestría,Viudo,78427.0,0,0,2012-10-24,36,972,19,595,180,26,138,3,3,7,10,3,0,0,0,1,0,0,1,78,0,2012,1930,23,2,0,0,-1
Licenciatura,Unión Libre,82657.0,0,0,2013-09-27,71,966,168,672,246,105,126,1,7,5,10,4,0,1,0,1,0,0,0,80,0,2013,2283,23,2,0,0,-1
Licenciatura,Casado,51876.0,0,0,2013-10-15,88,99,27,102,28,48,6,1,2,2,8,1,0,0,0,0,0,0,0,68,0,2013,310,13,0,1,0,0
Posgrado,Casado,78041.0,0,0,2012-12-16,93,482,35,553,72,160,17,1,4,4,9,2,0,0,0,0,0,0,0,55,0,2012,1319,18,0,0,0,0
Licenciatura,Casado,52852.0,0,1,2012-12-01,93,714,8,99,11,0,47,4,10,7,5,8,1,0,0,0,0,0,0,69,1,2012,879,26,1,0,0,0
Doctorado,Unión Libre,70038.0,0,0,2013-10-25,54,587,54,348,71,54,130,1,4,4,8,2,0,0,0,0,0,0,0,44,0,2013,1244,17,0,0,0,0
Posgrado,Unión Libre,69401.0,0,1,2014-03-23,41,399,27,159,58,8,39,4,4,4,5,2,0,0,0,0,0,0,0,53,1,2014,690,17,0,0,0,0
Licenciatura,Unión Libre,46053.0,1,0,2013-02-17,46,56,10,92,19,7,25,3,3,2,4,5,0,0,0,0,0,0,0,54,1,2013,209,12,0,1,0,0
Licenciatura,Casado,77343.0,0,0,2014-06-09,28,227,151,573,98,54,31,1,3,4,9,1,0,0,0,0,0,0,0,61,0,2014,1134,17,0,0,0,0
Licenciatura,Soltero,73892.0,0,0,2013-11-13,40,703,102,601,0,58,43,1,3,11,8,1,0,0,0,0,0,0,1,73,0,2013,1507,23,1,0,0,0
Doctorado,Soltero,40304.0,1,0,2013-09-30,82,37,0,17,0,0,3,1,2,0,3,7,0,0,0,0,0,0,0,59,1,2013,57,6,0,1,1,0
Doctorado,Unión Libre,32727.0,0,0,2012-08-28,38,167,13,180,86,13,70,2,7,3,5,8,0,0,0,0,0,0,0,61,0,2012,529,17,0,1,0,-1
Licenciatura,Unión Libre,68695.0,0,0,2014-06-25,3,458,81,356,106,50,40,1,4,4,7,2,0,0,0,0,0,0,0,57,0,2014,1091,16,0,0,0,0
Licenciatura,Divorciado,43300.0,0,1,2012-10-13,87,91,3,52,2,1,31,3,4,0,4,8,0,0,0,0,0,0,1,55,1,2012,180,11,1,1,0,0
Licenciatura,Unión Libre,26290.0,1,1,2013-01-12,49,15,8,16,11,5,22,4,2,0,4,6,0,0,0,0,0,0,0,54,2,2013,77,10,0,1,1,0
Licenciatura,Soltero,93790.0,0,0,2014-02-12,16,1302,68,731,89,114,45,0,6,7,12,2,0,1,1,1,0,0,1,56,0,2014,2349,25,4,0,0,-1
Doctorado,Casado,38410.0,0,0,2012-09-14,65,153,64,123,116,64,14,2,5,2,9,6,0,0,0,0,0,0,1,52,0,2012,534,18,1,0,0,0
Maestría,Viudo,64866.0,0,1,2014-01-26,9,508,5,21,7,5,10,4,7,3,7,5,0,1,0,0,0,0,0,76,1,2014,556,21,1,0,0,-1
Licenciatura,Unión Libre,57957.0,0,1,2013-08-19,24,290,59,177,77,5,29,7,4,6,8,3,0,0,0,0,0,1,0,67,1,2013,637,25,0,0,0,0
Doctorado,Unión Libre,46015.0,1,1,2014-04-13,25,38,0,2,0,0,6,1,1,0,3,7,1,0,0,0,1,0,0,71,2,2014,46,5,2,1,1,0
Licenciatura,Unión Libre,16531.0,1,0,2014-06-18,43,2,13,6,7,5,11,3,3,0,3,7,0,0,0,0,0,0,0,48,1,2014,44,9,0,1,1,0
Maestría,Casado,28072.0,1,0,2013-07-08,10,30,0,10,2,0,5,1,1,0,3,7,0,0,0,0,0,0,0,40,1,2013,47,5,0,1,1,0
Maestría,Divorciado,49476.0,0,1,2013-06-20,29,386,23,95,54,41,196,4,2,11,5,2,0,0,0,0,0,0,0,63,1,2013,795,22,0,0,0,0
Licenciatura,Casado,50725.0,0,1,2013-02-13,45,443,10,75,0,10,48,4,8,1,8,8,0,0,0,0,0,0,0,73,1,2013,586,21,0,0,0,0
Licenciatura,Unión Libre,83844.0,0,0,2013-05-12,57,901,31,345,75,31,191,1,4,4,11,1,0,0,1,0,0,0,0,74,0,2013,1574,20,1,0,0,0
Doctorado,Casado,41145.0,1,1,2014-02-08,20,9,0,3,0,0,1,1,0,0,3,3,0,0,0,0,0,0,0,76,2,2014,13,4,0,1,1,0
Licenciatura,Unión Libre,67419.0,0,1,2013-01-16,29,846,84,352,91,56,42,4,9,4,8,5,0,0,0,0,0,0,0,56,1,2013,1471,25,0,0,0,0
Posgrado,Casado,23162.0,1,1,2013-12-21,82,8,3,9,19,4,22,3,1,1,3,6,0,0,0,0,0,0,0,56,2,2013,65,8,0,1,1,0
Licenciatura,Casado,34380.0,1,0,2013-05-02,68,72,7,58,13,1,24,4,4,1,3,8,0,0,0,0,0,0,0,49,1,2013,175,12,0,1,0,0
Licenciatura,Soltero,34704.0,0,1,2013-04-27,65,29,0,5,0,1,5,1,1,0,3,5,0,0,0,0,0,0,0,60,1,2013,40,5,0,1,1,0
Doctorado,Casado,94871.0,0,2,2012-09-01,99,169,24,553,188,0,144,1,8,5,4,7,0,1,1,0,0,0,1,57,2,2012,1078,18,3,0,0,-1
Licenciatura,Casado,65148.0,0,1,2012-11-16,9,460,35,422,33,12,153,2,6,6,7,4,0,0,0,0,0,0,0,68,1,2012,1115,21,0,0,0,0
Licenciatura,Unión Libre,39898.0,0,1,2013-02-12,20,69,8,26,12,7,12,2,3,0,4,7,0,0,0,0,0,0,0,72,1,2013,134,9,0,1,1,0
Maestría,Soltero,64857.0,0,0,2012-11-23,78,556,14,717,210,0,43,1,7,5,10,4,0,0,0,0,0,0,0,70,0,2012,1540,23,0,0,0,1
Doctorado,Casado,59892.0,0,1,2013-11-02,26,73,0,13,0,1,0,1,2,1,3,3,0,0,0,0,0,0,0,56,1,2013,87,7,0,1,1,0
Maestría,Soltero,41020.0,0,0,2013-10-28,68,112,1,54,7,7,36,1,3,2,4,3,0,0,0,0,0,0,0,39,0,2013,217,10,0,1,1,0
Doctorado,Casado,57072.0,0,1,2014-01-24,79,944,0,60,0,0,30,2,7,5,13,5,1,0,0,0,0,0,0,65,1,2014,1034,27,1,0,0,0
Licenciatura,Soltero,60474.0,0,1,2013-04-01,25,265,199,303,234,9,170,7,10,2,12,7,0,0,0,0,0,0,0,47,1,2013,1180,31,0,0,0,0
Licenciatura,Unión Libre,62807.0,0,1,2012-08-31,83,526,28,135,10,21,99,3,5,3,12,5,0,0,0,0,0,0,0,66,1,2012,819,23,0,0,0,0
Posgrado,Unión Libre,19414.0,1,0,2013-10-16,32,2,3,12,3,5,7,1,1,0,3,8,0,0,0,0,0,0,0,45,1,2013,32,5,0,1,1,0
Licenciatura,Casado,19107.0,1,0,2013-08-22,49,2,4,9,10,5,16,2,1,0,3,7,0,0,0,0,0,0,0,46,1,2013,46,6,0,1,1,0
Posgrado,Unión Libre,75484.0,0,1,2012-08-02,50,378,97,259,197,194,34,2,7,3,6,4,0,0,0,0,0,0,0,50,1,2012,1159,18,0,0,0,0
Maestría,Soltero,70379.0,0,1,2013-03-03,84,553,25,142,65,67,8,3,6,3,13,4,0,0,0,0,0,0,0,50,1,2013,860,25,0,0,0,0
Maestría,Unión Libre,79419.0,0,0,2014-06-22,96,751,127,687,20,15,31,1,4,6,4,2,0,0,0,0,0,0,0,56,0,2014,1631,15,0,0,0,0
Doctorado,Unión Libre,64014.0,2,1,2014-06-10,56,406,0,30,0,0,8,7,8,2,5,7,0,0,0,1,0,0,0,80,3,2014,444,22,1,1,0,-1
Licenciatura,Casado,76998.0,0,1,2013-01-11,85,1449,89,161,69,35,107,2,11,8,8,6,0,0,1,0,0,0,0,71,1,2013,1910,29,1,0,0,0
Maestría,Unión Libre,49854.0,1,0,2013-11-10,63,123,17,171,39,0,30,5,6,2,5,6,0,0,0,0,0,0,0,54,1,2013,380,18,0,1,0,0
Doctorado,Casado,60585.0,1,1,2013-06-24,17,267,42,309,55,42,21,10,7,4,9,5,0,0,0,0,0,0,1,55,2,2013,736,30,1,0,0,-1
Doctorado,Divorciado,42873.0,1,1,2013-01-21,11,209,0,40,3,2,15,4,6,1,4,8,0,0,0,0,0,0,0,76,2,2013,269,15,0,1,1,0
Licenciatura,Unión Libre,87679.0,0,0,2013-07-27,62,1259,172,815,97,148,33,1,7,11,10,4,1,0,1,1,0,0,1,38,0,2013,2524,29,4,0,0,-1
Licenciatura,Unión Libre,57867.0,1,0,2013-10-01,48,344,35,178,15,23,17,7,7,2,9,6,0,0,0,0,0,0,0,48,1,2013,612,25,0,0,0,0
Licenciatura,Casado,35765.0,1,0,2013-12-11,86,22,3,30,0,5,15,2,2,0,4,6,0,0,0,0,0,0,0,36,1,2013,75,8,0,1,1,0
Licenciatura,Casado,65492.0,0,0,2014-01-26,73,247,161,295,210,85,47,2,4,7,13,2,0,0,0,0,0,0,0,67,0,2014,1045,26,0,0,0,0
Licenciatura,Divorciado,32952.0,1,0,2013-12-01,36,38,0,12,3,1,1,1,2,0,3,7,0,0,0,0,0,0,0,49,1,2013,55,6,0,1,1,0
Doctorado,Unión Libre,53374.0,0,1,2012-08-16,34,896,10,101,13,10,34,6,4,2,9,9,1,0,0,0,0,0,1,57,1,2012,1064,21,2,0,0,0
Licenciatura,Unión Libre,71706.0,0,1,2012-11-13,16,931,56,253,91,98,14,4,9,5,7,5,0,0,0,0,0,0,0,67,1,2012,1443,25,0,0,0,0
Licenciatura,Casado,68487.0,0,0,2013-01-13,48,758,12,385,33,89,89,1,9,7,13,4,0,0,0,0,0,0,0,38,0,2013,1366,30,0,0,0,0
Maestría,Unión Libre,53253.0,1,1,2013-02-11,61,216,9,57,20,9,125,7,4,3,5,5,0,0,0,0,0,0,0,51,2,2013,436,19,0,1,0,0
Posgrado,Divorciado,31163.0,1,0,2014-02-13,54,2,3,10,11,2,10,1,1,0,3,6,0,0,0,0,0,0,0,53,1,2014,38,5,0,1,1,0
Licenciatura,Casado,42014.0,1,0,2012-08-17,56,244,15,108,4,15,50,6,7,1,6,8,0,0,0,0,0,0,1,49,1,2012,436,20,1,1,0,0
Maestría,Casado,54108.0,1,1,2012-11-05,74,539,6,91,8,6,97,13,8,2,9,8,0,0,0,0,0,0,0,53,2,2012,747,32,0,0,0,0
Doctorado,Soltero,49667.0,0,0,2012-08-20,35,1181,26,120,17,13,39,2,5,10,5,8,1,0,0,0,0,0,1,71,0,2012,1396,22,2,0,0,-1
Maestría,Casado,63206.0,0,0,2014-03-20,65,750,8,125,11,8,26,1,4,3,6,2,0,0,1,0,0,0,0,52,0,2014,928,14,1,0,0,-1
Maestría,Casado,57136.0,1,1,2013-07-09,48,306,5,109,21,109,92,9,5,2,10,6,0,0,0,0,0,0,0,54,2,2013,642,26,0,0,0,0
Posgrado,Unión Libre,46772.0,0,1,2012-11-07,88,350,104,189,197,151,57,6,11,8,5,8,1,0,0,0,0,0,0,51,1,2012,1048,30,1,0,0,-1
Doctorado,Casado,78931.0,0,0,2013-10-25,19,331,197,170,58,152,35,1,2,8,13,1,0,0,0,0,0,0,0,55,0,2013,943,24,0,0,0,0
Licenciatura,Unión Libre,53977.0,0,1,2013-06-08,21,620,16,165,0,24,82,5,5,5,12,5,0,0,0,0,0,0,0,68,1,2013,907,27,0,0,0,0
Licenciatura,Casado,84219.0,0,0,2014-02-02,27,434,137,400,45,137,45,1,3,4,10,1,0,0,0,0,0,0,0,38,0,2014,1198,18,0,0,0,0
Maestría,Soltero,46098.0,1,1,2012-08-18,86,57,0,27,0,0,36,4,3,2,2,8,0,0,0,0,0,0,0,51,2,2012,120,11,0,1,1,0
Licenciatura,Casado,73538.0,0,1,2012-11-25,92,811,76,428,99,137,107,3,10,4,9,7,0,0,0,0,0,0,0,61,1,2012,1658,26,0,0,0,0
Licenciatura,Casado,79529.0,0,0,2014-04-27,1,423,42,706,73,197,197,1,4,8,9,2,0,0,0,0,0,0,0,40,0,2014,1638,22,0,0,0,0
Posgrado,Unión Libre,20981.0,0,0,2013-04-30,14,2,12,10,6,13,30,1,3,1,2,8,0,0,0,0,0,0,1,49,0,2013,73,7,1,1,1,0
Licenciatura,Soltero,51766.0,1,0,2014-03-11,74,60,51,87,6,20,51,2,4,2,4,5,0,0,0,0,0,0,0,46,1,2014,275,12,0,1,0,0
Licenciatura,Casado,55759.0,0,1,2012-11-28,84,675,0,85,10,7,77,5,10,3,8,8,0,0,0,0,0,0,0,64,1,2012,854,26,0,0,0,0
Licenciatura,Casado,33039.0,1,0,2013-09-09,4,30,8,12,8,8,12,1,2,0,4,5,0,0,0,0,0,0,0,48,1,2013,78,7,0,1,1,0
Maestría,Casado,37787.0,1,0,2013-09-20,50,40,1,40,4,3,18,1,3,0,3,8,0,0,0,0,0,0,0,54,1,2013,106,7,0,1,1,0
Licenciatura,Soltero,27242.0,1,0,2012-11-11,2,3,17,26,20,1,39,2,2,0,3,9,0,0,0,0,0,0,1,56,1,2012,106,7,1,1,1,0
Doctorado,Soltero,87188.0,0,0,2013-06-03,73,910,111,724,49,74,55,1,10,2,6,3,0,0,0,0,0,0,1,43,0,2013,1923,19,1,0,0,-1
Licenciatura,Unión Libre,69930.0,0,0,2013-05-26,21,252,98,827,219,70,196,1,4,5,12,3,0,0,0,0,0,0,0,55,0,2013,1662,22,0,0,0,0
Licenciatura,Soltero,37697.0,1,0,2014-02-07,82,34,6,21,11,4,8,1,2,1,3,6,0,0,0,0,0,0,0,50,1,2014,84,7,0,1,1,0
Doctorado,Casado,37401.0,1,0,2014-05-06,14,19,3,19,3,1,3,2,2,0,3,7,0,0,0,0,0,0,0,53,1,2014,48,7,0,1,1,0
Licenciatura,Soltero,3502.0,1,0,2013-04-13,56,2,1,1,0,0,1,0,0,0,0,14,0,0,0,0,0,0,0,53,1,2013,5,0,0,1,1,0
Licenciatura,Casado,58597.0,1,1,2012-11-20,20,490,0,184,10,28,21,12,7,4,9,7,0,0,0,0,0,0,0,50,2,2012,733,32,0,0,0,0
Doctorado,Viudo,82032.0,0,0,2014-04-05,54,332,194,377,149,125,57,0,4,6,7,1,0,0,0,0,0,0,0,78,0,2014,1234,17,0,0,0,-1
Licenciatura,Unión Libre,28087.0,1,1,2012-12-11,77,53,8,17,13,0,21,3,2,2,2,7,0,0,0,0,0,0,0,68,2,2012,112,9,0,1,1,0
Doctorado,Soltero,74004.0,0,0,2014-02-24,5,784,48,560,42,176,48,1,4,6,4,3,0,0,1,1,0,0,1,39,0,2014,1658,15,3,0,0,-1
Licenciatura,Unión Libre,19740.0,0,1,2013-03-24,65,7,11,3,10,4,20,2,1,1,3,5,0,0,0,0,0,0,0,66,1,2013,55,7,0,1,1,0
Posgrado,Casado,57036.0,0,1,2012-12-11,33,1171,43,219,19,14,47,4,6,3,13,9,1,0,0,0,0,0,0,51,1,2012,1513,26,1,0,0,-1
Posgrado,Unión Libre,53083.0,1,1,2013-05-15,65,215,7,33,3,0,13,6,5,1,5,7,0,1,0,0,0,0,0,68,2,2013,271,17,1,1,1,-1
Doctorado,Casado,69283.0,0,1,2014-06-14,41,674,62,134,0,26,8,4,7,3,13,5,0,0,0,0,0,0,0,51,1,2014,904,27,0,0,0,0
Maestría,Soltero,46098.0,1,1,2012-08-18,86,57,0,27,0,0,36,4,3,2,2,8,0,0,0,0,0,0,1,51,2,2012,120,11,1,1,0,0
Posgrado,Casado,23331.0,1,0,2012-09-04,92,5,36,7,0,10,45,2,3,0,3,8,0,0,0,0,0,0,0,38,1,2012,103,8,0,1,1,0
Posgrado,Soltero,23331.0,1,0,2012-10-05,97,104,20,101,24,15,5,6,5,1,5,9,0,0,0,0,0,0,0,38,1,2012,269,17,0,1,1,0
Licenciatura,Soltero,9255.0,1,0,2013-12-20,91,9,0,7,2,0,4,1,1,1,2,8,0,0,0,0,0,0,0,37,1,2013,22,5,0,1,1,0
Doctorado,Viudo,67786.0,0,0,2013-12-07,0,431,82,441,80,20,102,1,3,6,6,1,0,0,0,0,0,0,1,67,0,2013,1156,16,1,0,0,-1
Doctorado,Casado,71969.0,0,1,2012-10-16,59,1000,0,76,0,0,10,3,3,4,9,8,0,1,0,0,0,0,0,55,1,2012,1086,19,1,0,0,0
Maestría,Soltero,59235.0,1,0,2013-01-12,4,448,40,469,80,0,91,3,11,2,12,7,0,0,0,0,0,0,0,59,1,2013,1128,28,0,0,0,0
Licenciatura,Unión Libre,31928.0,1,0,2014-03-28,5,33,4,24,4,2,5,2,3,0,4,7,0,0,0,0,0,0,0,37,1,2014,72,9,0,1,1,0
Maestría,Unión Libre,74881.0,1,1,2013-03-08,48,505,72,270,36,27,54,4,9,2,12,5,0,0,0,0,0,0,0,65,2,2013,964,27,0,0,0,0
Licenciatura,Casado,65819.0,0,0,2012-11-29,99,267,38,701,149,165,63,1,5,4,10,3,0,0,0,0,0,0,0,48,0,2012,1383,20,0,0,0,0
Doctorado,Soltero,51411.0,1,2,2013-05-26,81,14,0,3,0,0,1,1,0,0,3,5,0,0,0,0,0,0,0,73,3,2013,18,4,0,1,1,-1
Licenciatura,Divorciado,51983.0,0,1,2012-08-31,95,631,0,115,10,7,30,3,9,2,10,7,0,0,0,0,0,0,0,62,1,2012,793,24,0,0,0,0
Maestría,Unión Libre,42386.0,1,0,2013-01-13,43,65,4,16,0,4,11,1,3,0,3,8,0,0,0,0,0,0,0,40,1,2013,100,7,0,1,1,0
Posgrado,Casado,30390.0,0,0,2013-09-02,5,10,12,12,25,1,20,1,2,0,3,6,0,0,0,0,0,0,0,39,0,2013,80,6,0,1,1,0
Licenciatura,Soltero,30983.0,0,0,2012-11-09,50,51,4,50,12,1,49,1,4,0,3,8,0,0,0,0,0,0,1,63,0,2012,167,8,1,1,1,0
Licenciatura,Viudo,66033.0,0,1,2013-01-20,76,293,35,179,46,59,65,2,8,3,7,7,0,0,0,0,0,0,0,69,1,2013,677,20,0,0,0,0
Posgrado,Casado,37284.0,1,1,2013-03-29,46,11,1,2,2,1,6,1,0,0,3,6,0,0,0,0,0,0,0,51,2,2013,23,4,0,1,1,0
Maestría,Divorciado,57530.0,0,1,2013-10-12,68,50,1,27,6,7,1,1,1,1,4,1,0,0,0,0,0,0,0,75,1,2013,92,7,0,1,1,0
Posgrado,Casado,76800.0,0,0,2014-03-08,33,173,26,255,35,71,81,1,4,4,7,1,0,0,0,0,0,0,0,61,0,2014,641,16,0,0,0,0
Licenciatura,Casado,63943.0,0,1,2012-09-02,50,423,184,368,13,97,21,1,6,4,6,5,0,0,0,0,0,0,0,70,1,2012,1106,17,0,0,0,0
Licenciatura,Unión Libre,76081.0,0,0,2014-05-23,85,292,30,415,63,33,200,1,4,5,4,2,0,0,0,1,0,0,0,64,0,2014,1033,14,1,0,0,0
Licenciatura,Casado,67445.0,0,1,2012-08-12,63,757,80,217,29,80,11,5,9,6,12,6,0,0,0,0,0,0,0,52,1,2012,1174,32,0,0,0,0
Maestría,Casado,37054.0,1,1,2013-09-15,89,12,1,6,0,1,5,2,1,0,3,7,0,0,0,0,0,0,0,59,2,2013,25,6,0,1,1,0
Maestría,Unión Libre,47175.0,1,1,2012-10-28,81,167,2,44,6,2,19,7,4,2,4,8,1,0,0,0,0,0,1,64,2,2012,240,17,2,1,1,-1
Licenciatura,Divorciado,31859.0,1,0,2013-06-14,77,3,1,3,8,0,5,1,1,0,2,7,0,0,0,0,0,0,0,50,1,2013,20,4,0,1,1,0
Licenciatura,Divorciado,27215.0,2,1,2013-01-23,50,30,5,22,8,9,28,4,2,1,4,6,0,0,0,0,0,0,0,65,3,2013,102,11,0,1,1,0
Doctorado,Divorciado,70179.0,0,1,2013-07-21,10,532,88,168,69,44,133,3,7,3,13,5,0,0,0,0,0,0,0,50,1,2013,1034,26,0,0,0,0
Licenciatura,Casado,39922.0,1,0,2013-02-14,30,29,12,59,19,1,36,2,3,0,4,8,0,0,0,0,0,0,0,43,1,2013,156,9,0,1,1,0
Maestría,Casado,49681.0,0,2,2013-11-04,66,411,0,26,0,0,21,6,7,1,7,7,0,0,0,0,0,0,0,50,2,2013,458,21,0,1,0,0
Licenciatura,Casado,24645.0,1,0,2012-11-01,16,5,3,4,4,1,0,1,1,0,2,8,0,0,0,0,0,0,0,38,1,2012,17,4,0,1,1,0
Licenciatura,Divorciado,79865.0,0,1,2014-06-18,12,71,99,278,185,121,38,1,5,10,5,1,0,0,0,0,0,0,0,72,1,2014,792,21,0,0,0,0
Licenciatura,Casado,44322.0,1,0,2014-06-16,30,46,0,40,3,0,3,2,3,0,3,8,0,0,0,0,0,0,0,41,1,2014,92,8,0,1,1,0
Licenciatura,Soltero,47958.0,0,1,2013-01-19,8,268,11,88,15,3,22,2,6,3,5,5,0,0,0,0,0,0,0,74,1,2013,407,16,0,1,0,0
Maestría,Soltero,63972.0,0,1,2012-12-02,93,928,63,254,0,12,12,4,5,4,10,4,0,1,0,0,0,0,0,62,1,2012,1269,23,1,0,0,0
Licenciatura,Unión Libre,75315.0,0,1,2014-04-15,14,459,15,171,142,23,31,2,5,4,12,2,0,0,0,0,0,0,0,72,1,2014,841,23,0,0,0,0
Doctorado,Casado,55517.0,1,1,2012-09-27,53,483,0,108,0,6,36,5,11,1,6,9,0,0,0,0,0,0,1,76,2,2012,633,23,1,0,0,0
Doctorado,Casado,75283.0,1,2,2013-03-27,26,733,9,180,12,19,66,11,6,3,5,4,0,0,0,0,0,0,0,69,3,2013,1019,25,0,0,0,-1
Doctorado,Soltero,82800.0,0,0,2012-11-24,23,1006,22,115,59,68,45,1,7,6,12,3,0,0,1,1,0,0,1,80,0,2012,1315,26,3,0,0,-1
Licenciatura,Casado,38998.0,1,1,2012-11-03,92,34,1,14,0,0,5,3,2,0,3,8,0,0,0,0,0,1,0,72,2,2012,54,8,0,1,1,0
Maestría,Soltero,90638.0,0,0,2014-02-13,29,1156,120,915,94,144,96,1,3,4,10,1,0,0,1,0,0,0,1,35,0,2014,2525,18,2,0,0,-1
Maestría,Casado,27161.0,1,0,2013-10-28,41,7,4,23,7,0,11,1,1,0,3,7,0,0,0,0,0,0,0,40,1,2013,52,5,0,1,1,0
Licenciatura,Casado,42014.0,1,0,2012-08-17,56,244,15,108,4,15,50,6,7,1,6,8,0,0,0,0,0,0,1,49,1,2012,436,20,1,1,0,0
Doctorado,Unión Libre,38201.0,0,1,2013-03-29,19,233,0,23,0,0,12,4,5,1,5,8,0,0,0,0,0,0,0,66,1,2013,268,15,0,1,0,0
Licenciatura,Unión Libre,45203.0,2,0,2014-03-23,4,35,3,67,10,8,24,1,3,1,3,6,0,0,0,0,0,0,1,44,2,2014,147,8,1,1,1,0
Doctorado,Unión Libre,81574.0,0,0,2014-04-28,89,1252,0,465,46,35,0,1,4,5,8,1,0,1,1,0,0,0,0,79,0,2014,1798,18,2,0,0,-1
Licenciatura,Casado,34935.0,0,0,2013-06-21,71,34,4,66,3,10,20,1,2,1,4,7,0,0,0,0,0,0,0,34,0,2013,137,8,0,1,1,0
Maestría,Soltero,60482.0,0,1,2013-01-23,81,255,43,134,37,14,24,1,7,2,7,7,0,0,0,0,0,0,0,50,1,2013,507,17,0,1,0,0
Licenciatura,Unión Libre,34633.0,2,1,2014-01-23,31,8,1,5,0,0,1,1,1,0,2,6,0,0,0,0,0,0,0,70,3,2014,15,4,0,1,1,0
Maestría,Unión Libre,78093.0,0,0,2013-12-11,53,368,32,639,13,43,10,1,4,7,5,1,0,0,0,0,0,0,0,79,0,2013,1105,17,0,0,0,0
Licenciatura,Divorciado,82460.0,0,0,2013-12-02,78,255,47,573,52,32,15,1,5,3,6,1,0,0,0,0,0,0,0,76,0,2013,974,15,0,0,0,0
Maestría,Unión Libre,45903.0,0,1,2014-04-23,80,33,8,10,2,10,3,2,2,1,3,4,0,0,0,0,0,0,0,60,1,2014,66,8,0,1,1,0
Licenciatura,Divorciado,81361.0,0,0,2014-02-25,18,163,23,424,27,65,76,1,3,10,13,1,0,0,0,0,0,0,1,39,0,2014,778,27,1,0,0,-1
Doctorado,Divorciado,35860.0,1,1,2014-05-19,37,15,0,8,4,2,20,2,1,1,2,5,1,0,0,0,0,0,1,53,2,2014,49,6,2,1,1,0
Maestría,Unión Libre,40442.0,1,1,2012-08-19,52,45,12,52,25,22,13,4,3,1,4,7,0,0,0,0,0,0,1,74,2,2012,169,12,1,1,1,0
Licenciatura,Casado,61482.0,0,0,2014-06-27,39,48,58,68,16,66,43,1,3,2,6,2,0,0,0,0,0,0,0,61,0,2014,299,12,0,1,0,0
Licenciatura,Casado,34968.0,1,0,2013-04-10,11,158,6,45,8,2,2,7,3,2,5,7,0,0,0,0,0,0,0,46,1,2013,221,17,0,1,0,0
Licenciatura,Casado,75794.0,0,0,2013-12-24,33,754,160,625,63,32,48,1,7,5,12,3,0,0,0,1,0,0,0,39,0,2013,1682,25,1,0,0,0
Doctorado,Unión Libre,31497.0,0,1,2012-12-06,22,108,1,28,13,1,4,2,3,1,4,8,0,0,0,0,0,0,0,64,1,2012,155,10,0,1,0,0
Licenciatura,Casado,74268.0,0,0,2013-02-14,83,199,66,315,97,174,41,1,4,3,5,2,0,0,0,0,0,0,0,71,0,2013,892,13,0,0,0,0
Básica,Unión Libre,13724.0,1,0,2012-08-31,43,2,7,5,2,15,27,1,2,0,2,9,1,0,0,0,0,0,0,38,1,2012,58,5,1,1,1,0
Maestría,Unión Libre,45143.0,0,1,2013-08-26,74,202,5,74,11,5,14,3,6,1,5,7,0,0,0,0,0,0,0,61,1,2013,311,15,0,1,0,0
Doctorado,Soltero,52569.0,0,1,2014-04-05,54,85,0,3,0,0,7,1,2,0,4,3,0,0,0,0,0,0,0,59,1,2014,95,7,0,1,1,0
Doctorado,Soltero,48432.0,0,1,2012-10-18,3,322,3,50,4,3,42,5,7,1,6,8,0,0,0,0,0,0,1,53,1,2012,424,19,1,1,0,0
Maestría,Unión Libre,17144.0,1,1,2014-02-15,96,18,2,19,0,2,6,5,3,0,4,7,0,0,0,0,0,0,0,66,2,2014,47,12,0,1,1,0
Licenciatura,Soltero,36108.0,1,0,2013-10-15,68,141,8,129,3,11,47,3,7,1,4,9,1,0,0,0,0,0,0,42,1,2013,339,15,1,1,0,0
Licenciatura,Casado,76445.0,1,0,2012-09-28,2,739,107,309,140,80,35,1,2,5,13,6,0,0,0,0,0,0,0,55,1,2012,1410,21,0,0,0,0
Doctorado,Casado,36663.0,1,0,2014-04-25,40,18,0,6,3,3,5,1,1,1,3,2,0,0,0,0,0,0,0,51,1,2014,35,6,0,1,1,0
Maestría,Casado,53843.0,0,1,2013-06-27,64,378,0,88,19,4,73,4,8,5,3,7,0,0,0,0,0,0,0,61,1,2013,562,20,0,0,0,0
Maestría,Casado,90226.0,0,0,2012-09-26,26,1083,108,649,253,151,108,1,4,7,12,2,0,0,0,1,0,0,0,70,0,2012,2352,24,1,0,0,-1
Maestría,Divorciado,70638.0,0,0,2013-06-01,69,1016,12,215,16,12,63,1,4,5,10,3,0,1,0,0,0,0,0,71,0,2013,1334,20,1,0,0,-1
Licenciatura,Unión Libre,44512.0,1,1,2013-08-30,57,23,1,6,0,0,2,2,1,0,3,4,0,0,0,0,0,0,0,66,2,2013,32,6,0,1,1,0
Licenciatura,Casado,27116.0,1,1,2014-03-02,78,12,1,21,2,2,3,2,2,0,3,7,0,0,0,0,0,0,0,65,2,2014,41,7,0,1,1,0
Doctorado,Casado,54072.0,1,1,2013-07-27,71,35,0,4,0,0,0,1,2,0,2,8,0,0,0,0,0,0,0,63,2,2013,39,5,0,1,1,0
Licenciatura,Casado,71855.0,0,1,2013-01-16,59,548,31,422,0,112,28,4,5,5,11,3,0,0,0,0,0,0,0,49,1,2013,1141,25,0,0,0,0
Posgrado,Soltero,51250.0,1,0,2013-03-30,28,342,32,230,34,32,40,5,10,5,4,9,1,0,0,0,0,0,0,36,1,2013,710,24,1,0,0,-1
Maestría,Casado,60432.0,0,1,2014-03-09,61,365,3,15,4,3,11,5,7,2,5,6,0,0,0,0,0,0,0,53,1,2014,401,19,0,1,0,0
Doctorado,Casado,65526.0,0,1,2014-04-11,22,397,19,69,12,0,9,1,4,4,8,2,0,0,0,0,0,0,0,62,1,2014,506,17,0,0,0,0
Licenciatura,Soltero,68655.0,0,0,2012-08-10,95,456,19,832,75,118,38,1,4,5,11,3,0,0,0,0,0,0,0,38,0,2012,1538,21,0,0,0,0
Posgrado,Casado,12393.0,0,0,2012-12-04,38,5,6,15,11,7,13,1,2,0,3,9,0,0,0,0,0,0,0,48,0,2012,57,6,0,1,1,0
Licenciatura,Soltero,64509.0,0,0,2013-08-17,19,836,185,575,24,25,77,1,6,3,9,4,1,0,0,0,0,0,1,36,0,2013,1722,19,2,0,0,0
Licenciatura,Soltero,33955.0,1,0,2013-08-09,92,100,2,128,23,7,10,4,5,1,5,8,0,0,0,0,0,0,0,51,1,2013,270,15,0,1,0,0
Licenciatura,Casado,31353.0,1,1,2013-12-29,24,10,0,10,3,1,7,2,1,1,2,8,0,0,0,0,0,0,1,49,2,2013,31,6,1,1,1,0
Licenciatura,Casado,55434.0,1,0,2013-10-05,21,238,115,215,169,69,76,3,5,3,13,4,0,0,0,0,0,0,0,42,1,2013,882,24,0,0,0,0
Licenciatura,Unión Libre,28359.0,1,0,2013-10-27,35,6,0,5,2,1,2,1,1,0,2,7,0,0,0,0,0,0,0,43,1,2013,16,4,0,1,1,0
Licenciatura,Soltero,57100.0,1,0,2014-05-18,9,158,11,99,15,11,17,2,3,2,7,3,0,0,0,0,0,0,0,39,1,2014,311,14,0,1,0,0
Licenciatura,Casado,69139.0,0,1,2014-01-27,23,86,12,75,33,15,6,1,4,1,5,4,0,0,0,0,0,0,0,61,1,2014,227,11,0,1,0,0
Maestría,Casado,52973.0,0,1,2012-11-08,92,856,0,76,12,9,199,7,9,6,9,8,0,0,0,0,0,0,0,70,1,2012,1152,31,0,0,0,0
Doctorado,Unión Libre,51717.0,0,1,2013-08-20,55,98,1,17,0,1,5,1,3,0,4,7,0,1,0,0,0,0,0,61,1,2013,122,8,1,1,1,0
Licenciatura,Casado,18793.0,1,0,2013-01-12,14,4,16,20,0,17,20,3,2,0,4,8,0,0,0,0,0,0,0,55,1,2013,77,9,0,1,1,0
Posgrado,Unión Libre,66664.0,0,0,2012-09-25,78,398,96,447,220,96,32,1,5,7,6,3,0,0,0,0,0,0,0,44,0,2012,1289,19,0,0,0,0
Licenciatura,Soltero,50664.0,1,1,2013-01-16,64,313,8,104,6,4,126,9,8,1,6,9,0,0,0,0,0,0,0,67,2,2013,561,24,0,1,0,0
Licenciatura,Unión Libre,54414.0,1,1,2013-01-23,49,109,18,16,24,26,18,4,3,1,5,4,0,0,0,0,0,0,0,63,2,2013,211,13,0,1,1,0
Doctorado,Casado,54549.0,0,1,2014-03-03,8,216,2,6,0,0,9,2,5,1,4,7,0,0,0,0,0,0,0,74,1,2014,233,12,0,1,0,0
Doctorado,Viudo,47111.0,0,1,2012-09-08,35,595,71,153,120,112,41,6,3,2,10,9,0,0,0,0,0,0,0,55,1,2012,1092,21,0,0,0,0
Doctorado,Divorciado,41003.0,0,0,2013-03-17,11,123,133,142,71,44,88,1,6,2,8,6,0,0,0,0,0,0,0,63,0,2013,601,17,0,0,0,0
Licenciatura,Unión Libre,19444.0,1,0,2014-02-22,8,16,0,23,3,2,10,3,4,1,2,7,0,0,0,0,0,0,1,44,1,2014,54,10,1,1,1,0
Posgrado,Unión Libre,36301.0,1,0,2013-10-25,53,11,12,35,3,5,12,1,3,0,3,7,0,0,0,0,0,0,0,50,1,2013,78,7,0,1,1,0
Doctorado,Unión Libre,73059.0,0,1,2013-08-31,36,410,112,420,0,82,71,1,9,3,13,4,0,0,0,0,0,0,0,79,1,2013,1095,26,0,0,0,0
Doctorado,Unión Libre,42731.0,1,0,2013-10-21,64,159,2,51,6,2,24,3,4,1,5,5,0,0,0,0,0,0,0,57,1,2013,244,13,0,1,0,0
Doctorado,Casado,52854.0,1,1,2014-03-24,43,105,0,10,0,1,0,2,2,1,4,5,0,0,0,0,0,0,0,67,2,2014,116,9,0,1,1,0
Licenciatura,Unión Libre,22775.0,1,0,2013-06-19,40,5,1,8,0,0,1,1,1,0,2,8,0,0,0,0,0,0,0,48,1,2013,15,4,0,1,1,0
Doctorado,Unión Libre,46681.0,0,2,2013-10-08,52,269,15,69,15,19,38,2,4,6,4,5,0,0,0,0,0,0,0,78,2,2013,425,16,0,1,0,0
Doctorado,Casado,59821.0,0,1,2013-04-12,11,629,0,70,0,0,35,6,11,2,7,8,0,0,0,0,0,0,0,71,1,2013,734,26,0,0,0,0
Licenciatura,Divorciado,50002.0,0,1,2013-06-17,21,443,5,71,21,16,82,2,8,2,7,7,0,0,0,0,0,0,0,72,1,2013,638,19,0,0,0,0
Licenciatura,Casado,69755.0,0,0,2013-10-02,23,217,77,373,111,23,93,1,3,6,12,1,0,0,0,0,0,0,0,81,0,2013,894,22,0,0,0,0
Licenciatura,Casado,44078.0,1,1,2014-06-19,17,24,1,10,2,0,4,2,2,0,3,5,0,0,0,0,0,0,0,57,2,2014,41,7,0,1,1,0
Maestría,Unión Libre,30560.0,1,0,2013-06-27,6,9,1,5,4,5,7,1,1,0,3,7,0,0,0,0,0,0,0,50,1,2013,31,5,0,1,1,0
Maestría,Unión Libre,35924.0,1,1,2014-03-23,56,8,0,14,2,3,7,1,1,0,3,5,0,0,0,0,0,0,0,57,2,2014,34,5,0,1,1,0
Doctorado,Divorciado,64140.0,0,2,2013-09-23,71,1459,0,61,0,15,215,5,2,5,6,5,1,0,1,0,1,0,1,62,2,2013,1750,18,4,0,0,-1
Licenciatura,Unión Libre,56386.0,1,1,2012-10-27,51,230,48,214,13,32,75,8,9,1,7,9,0,0,0,0,0,0,0,45,2,2012,612,25,0,1,0,0
Básica,Unión Libre,24594.0,1,0,2013-12-10,94,1,3,6,10,0,9,1,1,0,3,5,0,0,0,0,0,0,0,47,1,2013,29,5,0,1,1,0
Posgrado,Unión Libre,75774.0,1,0,2014-05-02,27,340,21,134,258,14,56,1,7,5,8,4,0,0,0,0,0,0,0,45,1,2014,823,21,0,0,0,0
Maestría,Divorciado,39228.0,0,0,2013-05-10,1,7,1,6,0,3,3,1,0,0,3,4,0,0,0,0,0,0,0,66,0,2013,20,4,0,1,0,-1
Maestría,Casado,58494.0,0,1,2013-12-12,56,298,7,68,4,0,19,2,6,2,6,6,0,0,0,0,0,0,0,52,1,2013,396,16,0,1,0,0
Licenciatura,Soltero,58684.0,0,0,2014-06-16,71,479,35,179,28,7,85,1,5,3,12,2,0,1,0,0,0,0,0,45,0,2014,813,21,1,0,0,0
Licenciatura,Divorciado,57136.0,0,0,2013-05-18,18,267,140,599,34,12,127,1,7,5,7,6,0,0,0,0,0,0,1,59,0,2013,1179,20,1,0,0,-1
Doctorado,Viudo,56551.0,1,1,2014-05-07,48,67,4,32,17,2,16,3,2,1,4,4,0,0,0,0,0,0,0,76,2,2014,138,10,0,1,1,-1
Licenciatura,Casado,22448.0,1,0,2014-02-26,86,3,1,8,23,2,18,3,2,1,3,3,0,0,0,0,0,0,0,44,1,2014,55,9,0,1,1,0
Licenciatura,Soltero,82014.0,0,0,2012-08-20,48,980,37,265,35,163,31,1,3,6,12,6,0,0,0,0,0,0,1,65,0,2012,1511,22,1,0,0,0
Licenciatura,Viudo,34213.0,1,1,2012-09-07,2,50,4,28,6,3,26,3,3,1,2,9,0,0,0,0,0,0,1,63,2,2012,117,9,1,1,0,0
Licenciatura,Unión Libre,157146.0,0,0,2013-04-29,13,1,0,1725,2,1,1,0,0,28,0,1,0,0,0,0,0,0,0,49,0,2013,1730,28,0,0,0,-1
Doctorado,Viudo,25358.0,0,1,2013-07-22,57,19,0,5,0,0,8,2,1,0,3,6,0,0,0,0,0,0,0,79,1,2013,32,6,0,1,1,-1
Maestría,Soltero,35544.0,1,0,2014-03-08,77,30,5,23,4,1,4,1,2,0,3,7,0,0,0,0,0,0,0,48,1,2014,67,6,0,1,0,0
Maestría,Unión Libre,36634.0,0,1,2013-05-28,0,213,9,76,4,3,30,3,5,2,5,7,0,0,0,0,0,0,0,72,1,2013,335,15,0,1,1,0
Doctorado,Casado,62670.0,0,1,2014-02-02,57,539,30,92,80,46,38,1,5,3,13,3,0,0,0,0,0,0,0,72,1,2014,825,22,0,0,0,0
Posgrado,Unión Libre,50334.0,0,1,2013-07-24,24,284,16,160,84,16,134,6,7,4,6,6,0,0,0,0,0,0,0,54,1,2013,694,23,0,0,0,0
Licenciatura,Soltero,72066.0,0,0,2014-06-23,55,1003,34,536,134,51,34,1,4,6,6,2,0,0,1,1,0,0,1,45,0,2014,1792,17,3,0,0,-1
Doctorado,Soltero,50729.0,1,1,2013-05-02,62,239,13,143,45,4,52,9,6,2,7,6,0,0,0,0,0,0,0,68,2,2013,496,24,0,1,0,0
Licenciatura,Unión Libre,34916.0,2,0,2013-05-15,89,51,23,82,33,0,42,4,5,1,3,9,0,0,0,0,0,0,0,58,2,2013,231,13,0,1,1,0
Licenciatura,Divorciado,64892.0,0,1,2014-05-29,77,527,24,230,32,24,65,2,6,4,12,4,0,0,0,0,0,0,0,50,1,2014,902,24,0,0,0,0
Licenciatura,Soltero,43602.0,1,1,2014-01-10,45,19,5,12,10,3,19,3,3,1,2,6,0,0,0,0,0,0,0,60,2,2014,68,9,0,1,1,0
Doctorado,Soltero,33996.0,0,0,2013-09-11,46,40,2,15,8,0,6,1,1,1,3,4,0,0,0,0,0,0,0,37,0,2013,71,6,0,1,1,0
Posgrado,Soltero,41473.0,1,0,2013-06-19,80,21,8,20,15,3,9,1,2,0,3,7,0,0,0,0,0,0,0,41,1,2013,76,6,0,1,1,0
Doctorado,Casado,63246.0,0,2,2013-08-20,60,593,30,91,29,22,7,1,6,3,12,4,0,0,0,0,0,0,0,59,2,2013,772,22,0,0,0,0
Doctorado,Casado,36732.0,1,1,2013-12-29,71,21,5,3,10,1,7,3,1,1,4,2,0,0,0,0,0,0,0,67,2,2013,47,9,0,1,1,0
Doctorado,Casado,69084.0,1,0,2013-11-19,43,1181,107,199,39,30,30,2,7,3,13,8,0,0,0,0,0,0,0,56,1,2013,1586,25,0,0,0,0
Doctorado,Casado,77766.0,0,1,2013-02-22,97,1004,59,265,115,59,27,2,11,10,11,6,1,0,0,0,0,0,1,59,1,2013,1529,34,2,0,0,-1
Doctorado,Soltero,37929.0,0,0,2013-07-30,49,202,2,46,3,2,10,2,4,2,5,7,0,1,0,1,0,0,1,41,0,2013,265,13,3,0,1,-1
Licenciatura,Unión Libre,86610.0,0,0,2013-09-05,66,446,107,768,33,196,53,1,5,6,6,2,0,0,0,0,0,0,0,75,0,2013,1603,18,0,0,0,0
Maestría,Casado,80141.0,0,0,2013-01-11,20,1184,102,673,52,40,40,1,7,4,10,6,0,0,1,0,0,0,1,40,0,2013,2091,22,2,0,0,-1
Posgrado,Casado,72635.0,0,0,2013-06-03,54,390,22,323,104,35,107,1,6,8,6,3,0,0,0,1,0,0,0,71,0,2013,981,21,1,0,0,0
Licenciatura,Casado,69016.0,0,1,2012-11-22,61,726,53,363,123,107,161,4,8,9,13,5,0,0,0,0,0,0,0,56,1,2012,1533,34,0,0,0,0
Posgrado,Unión Libre,20193.0,0,0,2012-11-28,18,8,8,22,24,11,9,1,1,1,4,4,0,0,0,0,0,0,0,35,0,2012,82,7,0,1,1,0
Licenciatura,Casado,27573.0,1,0,2013-03-25,45,50,15,110,39,15,15,4,5,1,4,8,0,0,0,0,0,0,0,51,1,2013,244,14,0,1,0,0
Básica,Soltero,15862.0,1,0,2013-06-27,26,1,1,4,11,9,10,1,1,0,3,8,0,0,0,0,0,0,0,47,1,2013,36,5,0,1,1,0
Doctorado,Casado,49544.0,1,0,2013-02-12,0,308,0,73,0,0,23,2,5,1,8,7,0,0,0,0,0,0,0,50,1,2013,404,16,0,1,0,0
Licenciatura,Casado,33228.0,1,0,2014-01-23,28,22,2,31,7,4,5,1,2,0,3,7,0,0,0,0,0,0,0,46,1,2014,71,6,0,1,1,0
Licenciatura,Unión Libre,70440.0,0,0,2013-10-08,49,690,117,499,76,102,88,1,5,10,7,3,0,0,0,1,0,0,0,48,0,2013,1572,23,1,0,0,0
Licenciatura,Unión Libre,38232.0,1,1,2014-01-17,84,43,5,28,7,6,33,4,3,1,3,5,0,0,0,0,0,0,0,55,2,2014,122,11,0,1,1,0
Doctorado,Casado,22554.0,1,1,2012-11-03,38,27,0,10,0,0,4,4,2,0,4,5,0,0,0,0,0,0,0,71,2,2012,41,10,0,1,1,0
Doctorado,Casado,23536.0,1,0,2014-06-04,53,6,0,3,0,0,1,1,0,0,3,3,0,0,0,0,0,0,0,43,1,2014,10,4,0,1,1,0
Licenciatura,Casado,49413.0,0,1,2013-10-25,88,205,7,41,3,2,46,2,4,2,5,5,0,0,0,0,0,0,0,74,1,2013,304,13,0,1,0,0
Licenciatura,Casado,42231.0,1,1,2014-03-25,99,24,0,8,0,1,4,1,1,0,3,5,0,0,0,0,0,0,0,57,2,2014,37,5,0,1,1,0
Maestría,Divorciado,78789.0,0,0,2012-08-08,12,667,50,850,21,83,83,1,4,6,5,2,0,0,0,0,0,0,1,46,0,2012,1754,16,1,0,0,-1
Licenciatura,Unión Libre,56534.0,0,1,2013-07-23,35,691,7,61,10,0,46,4,10,4,7,8,0,1,0,0,1,0,1,58,1,2013,815,25,3,0,0,-1
Licenciatura,Soltero,58350.0,0,1,2013-01-04,5,493,26,206,116,80,80,4,8,3,12,6,0,0,0,0,0,0,0,55,1,2013,1001,27,0,0,0,0
Licenciatura,Soltero,81217.0,0,0,2013-07-19,77,493,70,324,146,40,84,1,3,7,11,1,0,0,0,0,0,0,0,37,0,2013,1157,22,0,0,0,0
Licenciatura,Soltero,49090.0,0,1,2013-07-19,45,494,5,82,7,0,100,3,7,2,9,7,0,0,0,0,0,0,0,75,1,2013,688,21,0,0,0,0
Maestría,Divorciado,61787.0,0,0,2013-07-06,71,621,73,414,78,48,85,1,8,4,6,5,0,0,0,0,0,0,0,39,0,2013,1319,19,0,0,0,-1
Doctorado,Casado,18169.0,1,0,2013-02-19,40,9,0,5,0,0,7,1,1,0,2,8,0,0,0,0,0,0,0,41,1,2013,21,4,0,1,1,0
Posgrado,Soltero,24336.0,1,0,2012-08-27,82,1,6,2,8,2,12,1,1,0,2,7,0,0,0,0,0,0,0,45,1,2012,31,4,0,1,1,0
Licenciatura,Casado,18222.0,0,0,2012-12-31,70,12,4,19,12,6,14,1,2,0,3,8,0,0,0,0,0,0,0,36,0,2012,67,6,0,1,1,0
Licenciatura,Divorciado,62335.0,0,1,2013-05-23,87,243,131,217,85,6,26,2,3,3,13,2,0,0,0,0,0,0,0,74,1,2013,708,21,0,0,0,0
Posgrado,Unión Libre,42033.0,1,1,2012-09-19,95,11,1,4,2,0,7,1,1,0,2,7,0,0,0,0,0,0,0,55,2,2012,25,4,0,1,1,0
Doctorado,Casado,86580.0,0,0,2013-02-27,72,532,21,127,26,20,20,0,4,2,5,1,0,0,1,0,0,0,0,43,0,2013,746,11,1,0,0,-1
Doctorado,Divorciado,41437.0,1,1,2012-09-22,5,29,0,2,0,0,1,1,1,0,3,7,0,0,0,0,0,0,0,69,2,2012,32,5,0,1,1,0
Maestría,Viudo,73705.0,0,2,2014-03-05,86,612,91,520,258,107,107,2,9,6,8,5,0,0,0,0,0,0,0,75,2,2014,1695,25,0,0,0,-1
Licenciatura,Casado,61064.0,0,1,2012-08-31,80,387,126,342,0,45,180,5,8,4,11,6,0,0,0,0,0,0,0,50,1,2012,1080,28,0,0,0,0
Maestría,Casado,38452.0,1,1,2014-03-30,62,56,0,14,0,0,2,3,3,0,3,7,0,0,0,0,0,0,0,71,2,2014,72,9,0,1,1,0
Licenciatura,Soltero,18358.0,1,0,2013-11-20,49,6,8,19,16,4,4,3,3,0,4,7,0,0,0,0,0,0,0,37,1,2013,57,10,0,1,1,0
Doctorado,Unión Libre,55012.0,0,1,2014-03-21,85,582,0,65,0,0,13,6,8,2,9,5,0,0,0,0,0,0,0,53,1,2014,660,25,0,0,0,0
Básica,Unión Libre,9722.0,1,0,2012-10-02,7,6,17,16,6,16,42,4,3,1,3,8,0,0,0,0,0,0,1,53,1,2012,103,11,1,1,1,0
Doctorado,Casado,38175.0,1,0,2013-09-23,6,70,6,69,2,3,3,3,3,1,4,7,0,0,0,0,0,0,0,42,1,2013,153,11,0,1,1,0
Maestría,Unión Libre,58656.0,0,1,2012-09-20,25,962,12,194,16,24,12,4,7,8,13,6,0,0,1,0,0,0,0,70,1,2012,1220,32,1,0,0,-1
Licenciatura,Unión Libre,52117.0,0,1,2012-08-16,55,112,10,107,30,0,20,2,5,2,4,7,0,0,0,0,0,0,0,61,1,2012,279,13,0,1,0,0
Licenciatura,Casado,64813.0,1,0,2014-01-02,81,293,0,124,179,97,52,1,7,2,10,5,0,0,0,0,0,0,0,48,1,2014,745,20,0,0,0,0
Doctorado,Casado,54222.0,0,1,2014-03-01,98,199,12,31,3,12,7,1,3,3,5,3,0,0,0,0,0,0,0,53,1,2014,264,12,0,1,0,0
Licenciatura,Casado,83512.0,0,0,2014-06-17,31,1060,61,835,80,20,101,1,4,7,10,1,1,0,1,1,1,0,1,40,0,2014,2157,22,5,0,0,-1
Maestría,Casado,77520.0,0,1,2013-08-28,30,940,44,396,0,88,58,1,8,7,7,4,1,0,1,1,0,0,1,67,1,2013,1526,23,4,0,0,-1
Licenciatura,Unión Libre,41154.0,0,1,2013-04-09,98,44,2,11,2,3,7,1,1,0,4,5,0,0,0,0,0,0,0,48,1,2013,69,6,0,1,1,0
Licenciatura,Casado,80398.0,0,0,2012-11-10,92,342,51,936,207,35,26,1,5,8,12,3,0,0,1,0,0,0,0,60,0,2012,1597,26,1,0,0,0
Básica,Soltero,18746.0,1,0,2014-05-29,41,2,10,11,12,9,20,2,3,0,3,6,0,0,0,0,0,0,0,34,1,2014,64,8,0,1,1,0
Licenciatura,Unión Libre,35196.0,1,0,2012-11-13,68,75,12,141,43,39,187,6,6,1,5,8,0,0,0,0,0,0,0,42,1,2012,497,18,0,1,0,0
Licenciatura,Soltero,60230.0,0,1,2013-05-20,78,520,20,367,39,81,40,2,6,3,6,5,0,0,0,0,0,0,0,70,1,2013,1067,17,0,0,0,0
Licenciatura,Casado,22108.0,1,1,2014-05-08,46,5,3,9,6,2,6,2,2,0,3,7,0,0,0,0,0,0,0,49,2,2014,31,7,0,1,1,0
Licenciatura,Unión Libre,44392.0,1,1,2013-09-05,71,87,5,71,7,12,29,5,4,1,4,7,0,0,0,0,0,0,0,52,2,2013,211,14,0,1,1,0
Doctorado,Casado,55424.0,0,1,2012-11-25,6,462,61,184,10,53,107,4,7,5,9,6,1,0,0,0,0,0,1,50,1,2012,877,25,2,0,0,0
Licenciatura,Casado,17688.0,1,0,2013-01-13,82,2,2,1,3,1,2,1,1,0,2,8,0,0,0,0,0,1,0,47,1,2013,11,4,0,1,1,0
Doctorado,Casado,92491.0,0,0,2013-05-01,71,979,44,935,29,25,22,1,7,5,12,3,0,1,1,1,0,0,1,43,0,2013,2034,25,4,0,0,-1
Licenciatura,Soltero,90273.0,0,0,2013-12-14,32,704,129,853,120,74,111,1,5,6,7,2,0,1,1,1,0,0,1,35,0,2013,1991,19,4,0,0,-1
Doctorado,Viudo,82571.0,0,0,2014-04-02,28,861,31,558,62,95,79,0,6,5,13,2,0,0,1,0,0,0,0,64,0,2014,1686,24,1,0,0,-1
Doctorado,Soltero,38513.0,1,0,2014-01-28,20,172,3,115,16,0,18,5,6,1,5,8,0,0,0,0,0,0,1,44,1,2014,324,17,1,1,0,0
Maestría,Soltero,16653.0,1,0,2014-04-18,10,5,7,31,15,4,7,3,2,1,3,6,0,0,0,0,0,0,1,47,1,2014,69,9,1,1,0,0
Licenciatura,Unión Libre,42586.0,1,1,2012-10-29,7,194,2,56,0,0,0,5,4,1,6,8,0,0,0,0,0,0,1,71,2,2012,252,16,1,1,1,0
Básica,Soltero,23529.0,0,1,2013-01-07,67,9,7,13,3,2,20,1,1,1,2,6,0,0,0,0,0,0,0,61,1,2013,54,5,0,1,1,0
Maestría,Unión Libre,74881.0,1,1,2013-03-08,48,505,72,270,36,27,54,4,9,2,12,5,0,0,0,0,0,0,0,65,2,2013,964,27,0,0,0,0
Licenciatura,Casado,71107.0,0,1,2013-02-17,61,533,10,217,198,174,195,2,7,6,13,4,0,0,0,0,0,0,0,75,1,2013,1327,28,0,0,0,0
Doctorado,Unión Libre,46910.0,1,1,2014-03-23,36,48,0,14,0,0,6,2,2,0,3,6,0,0,0,0,0,0,0,62,2,2014,68,7,0,1,1,0
Licenciatura,Casado,18690.0,0,0,2012-12-28,77,6,1,7,23,4,19,1,1,1,2,8,0,0,0,0,0,0,0,67,0,2012,60,5,0,1,0,0
Licenciatura,Divorciado,37244.0,1,1,2013-04-27,90,18,2,10,0,0,25,1,1,1,2,7,1,0,0,0,0,0,0,71,2,2013,55,5,1,1,1,0
Licenciatura,Unión Libre,82427.0,0,0,2014-03-12,35,482,147,509,104,107,107,1,3,5,12,1,0,0,1,0,0,0,0,60,0,2014,1456,21,1,0,0,0
Posgrado,Soltero,75342.0,0,1,2013-05-06,38,204,97,97,21,118,26,1,5,2,10,4,0,0,0,0,0,0,0,68,1,2013,563,18,0,0,0,-1
Licenciatura,Divorciado,70044.0,0,1,2013-02-18,46,1073,0,250,153,14,14,4,7,10,5,5,0,0,0,0,0,0,0,72,1,2013,1504,26,0,0,0,0
Licenciatura,Soltero,79146.0,1,1,2014-04-24,33,245,16,223,21,43,16,2,8,1,8,6,0,0,0,0,0,0,0,59,2,2014,564,19,0,0,0,0
Licenciatura,Casado,77437.0,0,0,2013-11-26,70,560,21,442,29,44,29,1,4,5,13,1,0,0,1,0,0,0,0,63,0,2013,1125,23,1,0,0,0
Licenciatura,Casado,54984.0,0,1,2014-05-24,51,173,13,131,32,3,6,4,6,1,6,7,0,0,0,1,0,0,0,67,1,2014,358,17,1,0,0,0
Doctorado,Casado,42403.0,1,0,2013-12-11,18,22,1,11,0,5,3,1,1,0,3,8,0,0,0,0,0,0,0,55,1,2013,42,5,0,1,1,0
Licenciatura,Unión Libre,55761.0,0,1,2014-04-24,97,136,1,12,0,3,32,2,4,1,3,6,0,1,0,0,0,0,0,62,1,2014,184,10,1,1,0,0
Licenciatura,Unión Libre,37292.0,1,0,2013-04-18,32,275,0,86,10,23,66,5,6,3,5,8,0,0,0,0,0,0,0,43,1,2013,460,19,0,1,0,0
Doctorado,Soltero,45576.0,0,0,2014-05-28,9,56,19,29,2,14,25,1,3,1,3,8,0,0,0,0,0,0,1,81,0,2014,145,8,1,1,0,-1
Licenciatura,Unión Libre,70321.0,0,0,2013-01-16,6,303,23,751,82,26,191,1,6,5,13,4,0,0,0,0,0,0,1,79,0,2013,1376,25,1,0,0,0
Doctorado,Divorciado,58086.0,0,1,2013-01-20,80,708,7,62,0,0,15,2,11,3,7,8,0,0,0,0,0,0,0,57,1,2013,792,23,0,0,0,0
Licenciatura,Casado,81795.0,0,0,2012-10-26,74,324,132,693,27,118,88,1,4,11,7,2,0,0,0,0,0,0,0,74,0,2012,1382,23,0,0,0,0
Básica,Unión Libre,28389.0,0,0,2012-11-20,49,1,5,3,7,4,8,1,1,0,2,7,0,0,0,0,0,0,0,79,0,2012,28,4,0,1,0,-1
Maestría,Casado,66835.0,0,0,2013-09-28,21,620,26,195,34,17,141,1,6,4,13,2,0,0,0,0,0,0,0,80,0,2013,1033,24,0,0,0,0
Licenciatura,Divorciado,69901.0,0,1,2013-05-29,95,312,21,206,102,92,149,3,7,3,10,5,0,0,0,0,0,0,0,57,1,2013,882,23,0,0,0,0
Doctorado,Casado,80360.0,0,0,2013-03-03,56,1493,86,454,112,43,43,2,4,4,5,2,0,1,1,1,0,0,0,77,0,2013,2231,15,3,0,0,-1
Doctorado,Unión Libre,63342.0,0,1,2012-10-16,48,918,21,118,13,10,21,3,8,3,5,6,0,1,0,0,0,0,1,65,1,2012,1101,19,2,0,0,0
Licenciatura,Casado,44989.0,0,1,2012-09-12,26,98,0,106,49,10,106,5,5,1,5,6,0,0,0,0,0,0,0,52,1,2012,369,16,0,1,0,0
Posgrado,Soltero,31859.0,1,0,2014-02-27,3,3,4,7,15,8,11,1,1,0,3,7,0,0,0,0,0,0,0,46,1,2014,48,5,0,1,1,0
Doctorado,Viudo,51569.0,0,1,2013-02-12,39,380,0,47,6,0,34,4,7,1,7,8,0,1,0,0,0,0,1,77,1,2013,467,19,2,0,0,-1
Licenciatura,Viudo,30372.0,1,1,2012-12-25,33,15,0,12,7,3,7,3,2,0,3,7,0,0,0,0,0,0,0,55,2,2012,44,8,0,1,1,0
Básica,Soltero,16014.0,1,1,2013-03-17,42,3,9,4,7,8,7,4,1,1,4,3,0,0,0,0,0,0,0,47,2,2013,38,10,0,1,1,0
Licenciatura,Casado,41120.0,1,1,2013-11-06,80,24,2,23,0,8,24,3,2,1,3,6,0,0,0,0,0,0,0,58,2,2013,81,9,0,1,1,0
Maestría,Soltero,39763.0,1,0,2013-08-04,9,80,1,60,4,6,16,2,5,1,2,9,0,0,0,0,0,0,1,55,1,2013,167,10,1,1,0,0
Doctorado,Casado,38725.0,1,1,2014-05-10,52,31,0,6,2,1,5,2,1,0,4,4,0,0,0,0,0,0,0,71,2,2014,45,7,0,1,1,0
Licenciatura,Casado,77981.0,1,0,2013-05-26,78,138,120,204,16,126,60,3,7,4,7,5,0,0,0,0,0,0,0,54,1,2013,664,21,0,0,0,0
Posgrado,Casado,62905.0,0,1,2013-09-10,68,166,75,96,119,107,59,3,7,2,8,4,0,0,0,0,0,0,0,62,1,2013,622,20,0,0,0,0
Posgrado,Divorciado,13533.0,1,0,2013-03-10,45,12,3,8,8,0,17,2,2,0,3,7,0,0,0,0,0,0,0,47,1,2013,48,7,0,1,1,0
Licenciatura,Unión Libre,59481.0,0,1,2013-10-23,47,178,3,85,71,66,58,2,3,3,8,2,0,0,0,0,0,0,0,51,1,2013,461,16,0,1,0,0
Licenciatura,Casado,72117.0,0,1,2013-08-20,34,707,20,171,65,60,50,1,9,7,9,5,0,0,0,0,0,0,0,49,1,2013,1073,26,0,0,0,0
Posgrado,Casado,21955.0,1,0,2013-09-07,81,5,1,7,17,14,11,2,2,1,3,6,0,0,0,0,0,0,0,40,1,2013,55,8,0,1,1,0
Licenciatura,Casado,67131.0,0,1,2013-03-26,72,465,71,250,93,35,62,3,9,2,12,6,0,0,0,0,0,0,0,70,1,2013,976,26,0,0,0,0
Doctorado,Soltero,36802.0,1,0,2014-06-16,23,16,1,2,0,0,1,1,1,0,3,5,0,0,0,0,0,0,0,46,1,2014,20,5,0,1,1,0
Licenciatura,Unión Libre,71853.0,0,0,2013-05-08,29,358,108,413,141,97,32,1,2,8,6,1,0,0,0,0,0,0,0,44,0,2013,1149,17,0,0,0,0
Básica,Casado,28249.0,0,0,2014-06-15,80,1,9,7,2,14,10,1,2,0,3,6,0,0,0,0,0,0,0,65,0,2014,43,6,0,1,0,0
Maestría,Casado,47808.0,0,1,2013-10-20,30,123,1,26,2,0,72,2,3,2,3,7,1,0,0,0,0,0,0,51,1,2013,224,10,1,1,1,0
Doctorado,Divorciado,25509.0,1,0,2012-09-18,15,40,3,30,10,7,11,3,3,0,3,9,0,0,0,0,0,0,1,52,1,2012,101,9,1,1,1,0
Doctorado,Casado,51012.0,0,0,2013-04-18,86,102,9,63,2,9,24,1,4,1,4,6,0,0,0,0,0,0,0,80,0,2013,209,10,0,1,0,0
Licenciatura,Soltero,70596.0,0,0,2012-10-05,68,347,44,534,17,0,26,1,3,5,12,2,0,0,0,0,0,0,0,41,0,2012,968,21,0,0,0,0
Doctorado,Unión Libre,85431.0,0,0,2013-06-08,54,376,53,462,168,53,53,1,2,7,7,0,0,0,0,0,0,0,0,74,0,2013,1165,17,0,0,0,0
Licenciatura,Casado,42664.0,0,1,2014-03-18,44,21,0,3,0,0,0,1,1,0,3,6,0,0,0,0,0,0,0,59,1,2014,24,5,0,1,1,0
Licenciatura,Unión Libre,42586.0,1,1,2012-10-29,7,194,2,56,0,0,0,5,4,1,6,8,0,0,0,0,0,0,1,71,2,2012,252,16,1,1,1,0
Licenciatura,Soltero,29760.0,1,0,2012-08-29,87,64,4,68,7,5,17,4,3,1,4,8,0,0,0,0,0,0,0,41,1,2012,165,12,0,1,1,0
Doctorado,Casado,28973.0,0,0,2012-10-13,59,206,0,46,3,2,12,2,5,1,5,8,0,0,0,0,0,0,0,49,0,2012,269,13,0,1,0,0
Doctorado,Unión Libre,39435.0,1,0,2013-08-06,16,71,0,18,0,0,13,1,3,1,2,7,0,0,0,0,0,0,0,53,1,2013,102,7,0,1,1,0
Posgrado,Casado,65370.0,0,0,2013-08-01,1,71,22,112,138,89,29,1,2,3,13,1,0,0,0,0,0,0,0,42,0,2013,461,19,0,0,0,0
Básica,Soltero,20194.0,1,0,2012-12-17,64,0,4,7,11,10,15,2,2,0,3,6,0,0,0,0,0,0,0,47,1,2012,47,7,0,1,1,0
Doctorado,Soltero,42473.0,1,1,2014-02-17,72,93,1,21,0,4,25,3,2,1,4,5,0,0,0,0,0,0,0,50,2,2014,144,10,0,1,1,0
Licenciatura,Casado,64590.0,0,0,2012-10-14,98,920,138,168,36,46,30,1,9,4,10,6,0,0,0,0,0,0,0,58,0,2012,1338,24,0,0,0,0
Licenciatura,Unión Libre,71232.0,0,1,2013-11-28,91,653,17,170,34,26,17,2,11,2,10,7,0,0,0,0,0,0,0,67,1,2013,917,25,0,0,0,0
Licenciatura,Unión Libre,34600.0,1,1,2013-01-01,8,199,33,60,8,3,15,5,5,2,5,8,0,0,0,0,0,0,1,55,2,2013,318,17,1,1,0,0
Licenciatura,Soltero,46904.0,1,1,2012-11-03,20,153,4,56,0,9,31,4,5,1,4,8,0,0,0,0,0,0,0,59,2,2012,253,14,0,1,1,0
Licenciatura,Casado,49094.0,0,1,2012-09-21,6,376,0,38,11,8,69,5,6,3,6,6,0,0,0,0,0,0,0,53,1,2012,502,20,0,1,0,0
Licenciatura,Unión Libre,36075.0,1,0,2013-12-09,54,46,0,30,12,1,30,1,2,0,4,6,0,0,0,0,0,0,0,43,1,2013,119,7,0,1,1,0
Posgrado,Unión Libre,60839.0,1,1,2012-08-28,72,600,21,128,223,150,128,13,2,2,12,8,0,0,0,0,0,0,0,47,2,2012,1250,29,0,0,0,-1
Licenciatura,Unión Libre,77298.0,0,1,2013-11-02,46,425,115,292,23,35,79,1,6,6,11,3,0,0,0,0,0,0,0,47,1,2013,969,24,0,0,0,0
Licenciatura,Unión Libre,34026.0,1,1,2013-08-05,11,18,6,15,12,8,17,3,2,1,3,5,0,0,0,0,0,0,0,76,2,2013,76,9,0,1,1,0
Doctorado,Soltero,48918.0,1,1,2014-04-12,21,52,0,9,0,0,1,2,1,0,4,4,0,0,0,0,0,0,0,63,2,2014,62,7,0,1,1,0
Posgrado,Unión Libre,82122.0,0,0,2013-08-15,89,734,22,350,151,25,100,1,3,9,13,1,0,0,1,0,0,0,0,64,0,2013,1382,26,1,0,0,-1
Licenciatura,Soltero,37697.0,1,0,2014-02-07,82,34,6,21,11,4,8,1,2,1,3,6,0,0,0,0,0,0,0,50,1,2014,84,7,0,1,1,0
Licenciatura,Unión Libre,34074.0,1,1,2013-07-13,69,135,1,41,10,1,67,5,3,3,3,6,1,0,0,0,0,0,0,74,2,2013,255,14,1,1,1,0
Maestría,Casado,28520.0,1,1,2013-06-14,55,11,0,10,0,2,20,1,1,1,2,6,0,0,0,0,0,0,0,66,2,2013,43,5,0,1,1,0
Licenciatura,Soltero,62535.0,0,1,2013-10-03,13,163,48,90,0,45,52,1,3,2,8,3,0,0,0,0,0,0,0,71,1,2013,398,14,0,1,0,0
Maestría,Soltero,36273.0,1,0,2014-04-16,80,29,3,30,3,2,9,2,3,0,3,6,0,0,0,0,0,0,0,49,1,2014,76,8,0,1,0,0
Licenciatura,Unión Libre,63404.0,0,2,2014-06-06,97,734,26,70,11,44,17,2,6,3,4,4,0,0,0,1,0,0,0,62,2,2014,902,15,1,0,0,0
Posgrado,Unión Libre,75774.0,1,0,2014-05-02,27,340,21,134,258,14,56,1,7,5,8,4,0,0,0,0,0,0,0,45,1,2014,823,21,0,0,0,0
Licenciatura,Unión Libre,78416.0,0,1,2014-06-27,99,453,38,279,188,38,183,2,7,7,10,3,0,0,0,0,0,0,0,50,1,2014,1179,26,0,0,0,0
Licenciatura,Unión Libre,75702.0,0,1,2012-10-14,87,1073,0,629,145,37,37,1,10,5,13,6,0,0,1,0,0,0,0,52,1,2012,1921,29,1,0,0,0
Maestría,Unión Libre,59385.0,1,1,2013-04-28,85,135,0,10,0,4,36,2,3,1,4,5,0,0,0,0,0,0,0,75,2,2013,185,10,0,1,1,0
Licenciatura,Soltero,37070.0,1,1,2013-03-20,30,231,7,137,4,15,39,9,5,1,8,7,0,0,0,0,0,0,1,60,2,2013,433,23,1,1,0,0
Licenciatura,Casado,44689.0,1,1,2014-01-10,82,18,0,5,0,0,11,2,1,1,2,7,1,0,0,0,0,0,0,75,2,2014,34,6,1,1,1,0
Licenciatura,Unión Libre,53977.0,0,1,2013-06-08,21,620,16,165,0,24,82,5,5,5,12,5,0,0,0,0,0,0,0,68,1,2013,907,27,0,0,0,0
Doctorado,Soltero,7144.0,0,2,2013-12-07,92,81,4,33,5,2,291,0,23,1,1,0,0,0,0,0,0,0,0,60,2,2013,416,25,0,1,0,-1
Licenciatura,Soltero,18701.0,1,1,2013-06-04,95,12,4,2,10,6,10,4,2,0,4,5,0,0,0,0,0,0,0,62,2,2013,44,10,0,1,1,0
Licenciatura,Casado,90369.0,0,0,2014-04-28,2,292,51,981,224,23,17,1,4,6,6,1,0,0,0,0,0,0,1,70,0,2014,1588,17,1,0,0,0
Doctorado,Soltero,63159.0,0,0,2012-11-05,74,965,34,586,89,86,37,1,3,5,8,3,1,0,0,0,0,0,0,52,0,2012,1797,17,1,0,0,-1
Licenciatura,Unión Libre,37758.0,1,1,2012-10-04,49,27,2,10,0,0,1,2,1,0,3,8,0,0,0,0,0,0,0,60,2,2012,40,6,0,1,1,0
Doctorado,Soltero,46757.0,0,1,2012-11-16,71,777,30,163,0,51,122,6,4,4,7,9,0,0,0,0,0,0,0,63,1,2012,1143,21,0,0,0,0
Maestría,Casado,79734.0,0,0,2014-06-28,72,572,8,232,23,62,17,1,4,3,6,1,0,0,0,1,0,0,0,57,0,2014,914,14,1,0,0,-1
Licenciatura,Unión Libre,63207.0,0,0,2013-01-20,68,438,169,565,91,169,70,1,2,3,6,7,0,0,0,1,0,0,0,34,0,2013,1502,12,1,0,0,0
Licenciatura,Divorciado,72071.0,0,1,2013-02-14,4,531,69,300,150,138,150,3,5,4,8,2,0,0,0,0,0,0,0,72,1,2013,1338,20,0,0,0,0
Doctorado,Unión Libre,21840.0,1,0,2013-07-21,80,17,0,9,0,0,1,1,1,0,3,9,0,0,0,0,0,0,0,43,1,2013,27,5,0,1,1,0
Posgrado,Unión Libre,58582.0,0,1,2013-09-28,15,402,35,106,101,77,42,2,9,2,9,5,0,1,0,0,0,0,0,44,1,2013,763,22,1,0,0,0
Licenciatura,Soltero,72282.0,0,0,2013-07-19,70,503,27,419,90,139,153,1,5,7,9,7,0,0,0,0,0,0,1,75,0,2013,1331,22,1,0,0,0
Licenciatura,Casado,50387.0,0,2,2013-08-31,91,369,9,87,12,14,34,3,6,2,8,5,0,0,0,0,0,0,0,70,2,2013,525,19,0,1,0,0
Doctorado,Unión Libre,32583.0,1,1,2014-06-15,10,5,0,3,0,0,1,1,1,0,2,7,0,0,0,0,0,0,0,65,2,2014,9,4,0,1,1,0
Licenciatura,Unión Libre,62568.0,0,1,2014-04-07,99,362,17,398,80,35,61,3,5,3,5,4,0,0,0,1,0,0,0,64,1,2014,953,16,1,0,0,0
Maestría,Divorciado,44635.0,1,1,2013-10-11,25,56,0,9,0,0,3,2,2,0,3,7,0,0,0,0,0,0,0,55,2,2013,68,7,0,1,0,0
Maestría,Soltero,33316.0,1,1,2013-10-04,34,79,1,31,4,4,12,3,2,1,4,6,0,0,0,0,0,0,0,55,2,2013,131,10,0,1,1,0
Licenciatura,Casado,63967.0,0,1,2013-08-09,57,387,84,141,73,35,162,3,4,4,12,2,0,0,0,0,0,0,0,58,1,2013,882,23,0,0,0,0
Posgrado,Unión Libre,52513.0,0,0,2012-09-04,84,367,17,241,104,188,232,2,9,5,9,7,0,0,0,0,0,0,0,48,0,2012,1149,25,0,0,0,-1
Licenciatura,Casado,25293.0,1,0,2013-09-15,51,15,0,11,0,2,9,1,1,1,2,8,0,0,0,0,0,0,0,57,1,2013,37,5,0,1,1,0
Doctorado,Viudo,54111.0,0,1,2013-08-25,97,267,6,54,8,3,50,2,5,2,6,5,0,0,0,0,0,0,0,61,1,2013,388,15,0,1,0,0
Licenciatura,Unión Libre,78394.0,0,0,2013-02-15,13,298,27,697,216,24,166,1,4,6,5,2,0,0,0,0,0,0,1,40,0,2013,1428,16,1,0,0,0
Maestría,Casado,80739.0,0,0,2013-05-23,92,674,92,736,39,0,92,1,3,11,9,1,0,0,0,0,0,0,0,68,0,2013,1633,24,0,0,0,0
Maestría,Unión Libre,22669.0,1,0,2013-05-22,30,16,14,36,37,22,48,3,4,1,2,9,0,0,0,0,0,0,1,51,1,2013,173,10,1,1,1,0
Licenciatura,Soltero,29236.0,1,0,2013-10-08,30,37,4,24,16,9,9,2,4,0,3,9,0,0,0,0,0,0,0,39,1,2013,99,9,0,1,1,0
Licenciatura,Unión Libre,44911.0,0,1,2013-03-15,11,159,0,22,2,1,31,3,4,1,4,7,0,0,0,0,0,0,0,67,1,2013,215,12,0,1,0,0
Doctorado,Casado,54693.0,0,1,2013-02-17,72,686,17,142,23,26,35,8,6,4,13,6,0,0,0,0,0,0,0,64,1,2013,929,31,0,0,0,0
Licenciatura,Unión Libre,48186.0,1,0,2014-03-20,39,97,3,66,12,7,34,3,4,1,4,7,0,0,0,0,0,0,0,52,1,2014,219,12,0,1,0,0
Licenciatura,Casado,54809.0,1,1,2013-09-11,0,63,6,57,13,13,22,4,2,1,5,4,0,0,0,0,0,0,1,49,2,2013,174,12,1,1,0,0
Licenciatura,Unión Libre,41580.0,1,1,2012-12-10,15,56,5,24,4,0,3,3,2,1,3,5,0,0,0,0,0,0,0,48,2,2012,92,9,0,1,1,0
Doctorado,Casado,80336.0,0,0,2013-09-09,12,209,19,456,160,142,66,1,2,9,13,1,0,0,0,0,0,0,0,56,0,2013,1052,25,0,0,0,0
Licenciatura,Casado,47743.0,0,1,2013-03-22,56,198,2,43,0,12,20,3,4,1,6,6,0,1,0,0,0,0,0,69,1,2013,275,14,1,1,0,0
Posgrado,Casado,62972.0,0,1,2012-08-03,39,313,15,47,20,0,192,2,7,4,3,6,0,0,0,0,0,0,0,71,1,2012,587,16,0,0,0,0
Doctorado,Divorciado,57333.0,0,1,2012-09-22,55,941,14,397,76,58,176,11,8,5,9,6,0,0,0,0,0,0,1,72,1,2012,1662,33,1,0,0,-1
Doctorado,Unión Libre,32313.0,1,0,2013-02-11,60,86,4,56,2,4,7,3,4,0,4,9,0,0,0,0,0,0,0,44,1,2013,159,11,0,1,1,0
Maestría,Viudo,84953.0,0,0,2013-06-03,73,167,48,602,63,72,72,1,3,10,4,2,0,1,1,1,0,0,1,73,0,2013,1024,18,4,0,0,-1
Maestría,Divorciado,27071.0,1,0,2014-04-23,90,8,3,19,0,2,3,2,2,0,3,6,0,0,0,0,0,0,0,58,1,2014,35,7,0,1,1,0
Maestría,Unión Libre,68148.0,0,0,2013-08-31,86,389,66,408,37,57,85,1,4,4,6,2,0,0,0,0,0,0,0,69,0,2013,1042,15,0,0,0,0
Maestría,Unión Libre,65735.0,1,1,2013-12-07,37,239,7,119,4,15,11,5,6,2,6,7,0,0,0,0,0,0,0,61,2,2013,395,19,0,1,0,0
Doctorado,Casado,86836.0,0,0,2012-09-12,7,179,21,273,0,21,63,1,6,10,6,5,1,0,1,1,0,0,1,51,0,2012,557,23,4,0,0,-1
Doctorado,Casado,4023.0,1,1,2014-06-23,29,5,0,1,1,1,1,15,0,0,0,19,0,0,0,0,0,0,0,63,2,2014,9,15,0,1,0,0
Licenciatura,Casado,30093.0,0,0,2013-07-08,19,2,6,28,13,4,16,1,2,0,3,7,0,0,0,0,0,0,0,36,0,2013,69,6,0,1,1,0
Doctorado,Casado,57705.0,0,1,2014-01-11,14,383,0,53,6,4,40,3,8,1,6,6,0,0,0,0,0,0,0,60,1,2014,486,18,0,1,0,0
Licenciatura,Soltero,25008.0,1,0,2014-02-02,72,2,8,8,6,1,9,2,1,0,3,8,0,0,0,0,0,0,0,38,1,2014,34,6,0,1,1,0
Posgrado,Soltero,83257.0,0,0,2012-09-18,56,536,27,590,38,107,67,1,5,10,12,6,1,0,1,0,0,1,1,31,0,2012,1365,28,3,0,0,-1
Licenciatura,Unión Libre,22280.0,1,0,2013-05-19,85,2,1,4,3,1,2,1,1,0,2,8,0,0,0,0,0,0,0,51,1,2013,13,4,0,1,1,0
Doctorado,Casado,72159.0,0,0,2012-10-29,62,322,53,899,34,40,53,1,4,6,10,2,0,0,0,0,0,0,0,48,0,2012,1401,21,0,0,0,0
Licenciatura,Unión Libre,64260.0,0,0,2013-01-11,1,539,169,816,20,0,30,1,4,5,4,3,0,0,0,0,0,0,1,65,0,2013,1574,14,1,0,0,0
Doctorado,Soltero,82733.0,0,0,2013-09-10,28,712,50,420,65,38,38,1,8,4,7,4,0,0,0,0,0,0,1,42,0,2013,1323,20,1,0,0,-1
Maestría,Divorciado,74290.0,0,1,2013-08-12,70,1121,0,72,0,12,12,4,10,8,10,6,0,1,0,1,0,0,0,55,1,2013,1217,32,2,0,0,-1
Maestría,Soltero,58217.0,2,1,2012-11-17,84,68,1,13,3,5,13,1,2,0,4,6,0,0,0,0,0,0,0,75,3,2012,103,7,0,1,1,-1
Maestría,Unión Libre,21024.0,0,0,2013-07-04,89,36,4,18,6,2,18,1,2,0,4,7,0,0,0,0,0,0,0,50,0,2013,84,7,0,1,0,0
Doctorado,Casado,70116.0,0,0,2013-01-26,73,707,44,603,95,58,29,1,2,8,12,1,0,0,0,0,0,0,0,54,0,2013,1536,23,0,0,0,0
Licenciatura,Unión Libre,54006.0,1,0,2012-09-18,42,174,77,203,6,24,97,2,8,1,7,7,0,0,0,0,0,0,0,41,1,2012,581,18,0,1,0,0
Doctorado,Casado,69063.0,0,1,2012-11-07,16,666,35,124,69,8,26,1,5,3,5,3,0,0,0,0,0,0,0,60,1,2012,928,14,0,0,0,0
Posgrado,Divorciado,11448.0,0,0,2013-12-15,16,0,0,0,6,2,6,1,1,0,2,6,0,0,0,0,0,0,0,51,0,2013,14,4,0,1,1,0
Licenciatura,Soltero,61825.0,0,1,2013-08-07,56,162,50,100,55,30,27,1,4,2,8,4,0,0,0,0,0,0,0,47,1,2013,424,15,0,1,0,0
Licenciatura,Casado,70886.0,1,0,2013-10-14,65,407,70,239,103,88,53,1,5,4,4,2,0,0,0,0,0,0,0,55,1,2013,960,14,0,0,0,0
Licenciatura,Casado,69109.0,0,0,2012-11-09,10,823,25,459,124,29,95,1,6,6,7,4,0,0,1,0,0,0,1,44,0,2012,1555,20,2,0,0,0
Licenciatura,Viudo,60208.0,1,1,2012-10-07,13,488,23,71,15,0,59,11,8,3,7,7,0,1,0,0,0,0,1,53,2,2012,656,29,2,0,0,-1
Maestría,Unión Libre,32889.0,1,1,2013-09-06,78,28,0,13,4,2,8,3,2,1,3,5,0,0,0,0,0,0,0,58,2,2013,55,9,0,1,1,0
Licenciatura,Soltero,34738.0,1,0,2014-05-11,51,3,2,10,3,0,2,1,1,0,3,6,0,0,0,0,0,0,0,42,1,2014,20,5,0,1,1,0
Maestría,Unión Libre,30538.0,1,0,2012-10-01,27,284,0,52,8,3,20,4,9,0,4,10,0,0,0,0,0,0,0,55,1,2012,367,17,0,1,0,0
Posgrado,Unión Libre,82326.0,0,0,2014-03-10,30,938,142,754,159,81,183,1,5,10,6,2,0,1,1,1,0,0,1,49,0,2014,2257,22,4,0,0,-1
Doctorado,Divorciado,26642.0,1,0,2014-03-01,71,13,2,15,2,2,8,2,2,0,3,6,0,0,0,0,0,0,0,59,1,2014,42,7,0,1,1,0
Licenciatura,Divorciado,69932.0,0,1,2013-06-12,97,412,172,153,150,105,57,2,7,6,11,4,0,0,0,0,0,0,0,62,1,2013,1049,26,0,0,0,0
Licenciatura,Soltero,44503.0,1,1,2014-04-16,83,31,1,8,0,0,8,2,2,0,3,6,0,0,0,0,0,0,0,54,2,2014,48,7,0,1,1,0
Doctorado,Soltero,60200.0,0,1,2013-01-02,3,502,19,132,0,6,26,6,6,2,11,6,0,0,0,0,0,0,0,78,1,2013,685,25,0,0,0,0
Licenciatura,Divorciado,49638.0,0,1,2014-04-19,71,18,10,3,3,5,0,1,1,0,3,2,0,0,0,0,0,0,0,74,1,2014,39,5,0,1,1,0
Posgrado,Soltero,23830.0,0,0,2014-02-07,3,1,8,6,4,8,16,1,1,0,3,7,0,0,0,0,0,0,0,39,0,2014,43,5,0,1,1,0
Maestría,Viudo,33051.0,0,0,2012-08-16,15,100,71,243,108,94,219,3,9,1,8,9,0,0,0,0,0,0,1,67,0,2012,835,21,1,0,0,-1
Licenciatura,Casado,72905.0,0,0,2014-01-21,52,407,114,445,181,165,203,1,3,7,9,1,0,0,0,1,0,0,0,68,0,2014,1515,20,1,0,0,0
Doctorado,Unión Libre,69702.0,0,1,2013-02-19,8,664,9,240,50,19,57,2,7,7,10,4,0,0,0,0,0,0,0,75,1,2013,1039,26,0,0,0,0
Licenciatura,Divorciado,70300.0,1,0,2013-07-15,89,1045,61,338,60,46,46,3,5,5,13,8,0,0,0,0,0,0,0,51,1,2013,1596,26,0,0,0,0
Doctorado,Casado,70643.0,0,0,2012-10-15,66,1218,107,304,23,143,33,1,5,8,4,6,0,0,0,0,0,0,1,42,0,2012,1828,18,1,0,0,0
Doctorado,Casado,30396.0,1,0,2014-04-30,22,15,0,6,0,1,12,2,1,1,2,7,1,0,0,0,0,0,1,57,1,2014,34,6,2,1,1,0
Doctorado,Divorciado,50616.0,0,1,2014-04-18,56,128,0,16,0,1,4,2,4,0,4,7,0,0,0,0,0,0,0,58,1,2014,149,10,0,1,0,0
Maestría,Soltero,62772.0,0,1,2013-05-19,74,581,49,157,43,8,108,1,5,6,11,2,0,1,0,0,0,0,0,57,1,2013,946,23,1,0,0,0
Doctorado,Soltero,30298.0,0,0,2014-05-19,48,6,3,12,6,1,0,1,1,1,3,3,0,0,0,0,0,0,0,41,0,2014,28,6,0,1,1,0
Licenciatura,Soltero,52413.0,1,0,2012-11-03,67,185,8,133,56,56,12,2,7,1,7,7,0,0,0,0,0,0,0,42,1,2012,450,17,0,1,0,0
Doctorado,Casado,44155.0,1,1,2014-01-19,24,22,1,9,0,0,14,1,1,1,2,4,0,0,0,0,0,0,0,69,2,2014,46,5,0,1,1,0
Doctorado,Divorciado,86979.0,0,0,2013-11-07,67,584,100,835,65,83,35,1,5,5,5,2,1,0,0,0,0,0,1,55,0,2013,1702,16,2,0,0,-1
Licenciatura,Unión Libre,76532.0,1,1,2013-09-09,38,355,30,177,90,138,30,4,9,5,7,5,0,0,0,0,0,0,0,51,2,2013,820,25,0,0,0,0
Licenciatura,Casado,42081.0,1,0,2013-02-26,86,175,10,110,54,6,27,2,6,3,4,6,1,0,0,0,0,0,0,44,1,2013,382,15,1,1,0,0
Doctorado,Casado,67546.0,0,0,2012-08-31,90,864,134,768,150,38,172,1,4,10,5,3,0,0,0,0,0,0,0,38,0,2012,2126,20,0,0,0,0
Maestría,Unión Libre,88420.0,0,0,2014-05-02,87,957,153,612,99,95,153,1,4,7,8,1,1,0,1,1,0,0,0,37,0,2014,2069,20,3,0,0,-1
Licenciatura,Casado,31158.0,1,0,2013-01-27,62,25,6,16,20,0,5,2,2,0,3,8,0,0,0,0,0,0,0,41,1,2013,72,7,0,1,1,0
Licenciatura,Divorciado,61671.0,0,1,2014-06-03,23,641,7,56,0,0,28,8,10,4,6,8,0,1,0,1,0,0,0,58,1,2014,732,28,2,0,0,-1
Licenciatura,Soltero,69719.0,0,0,2014-05-26,99,273,86,208,177,14,43,1,2,3,5,1,0,0,0,0,0,0,0,52,0,2014,801,11,0,0,0,0
Licenciatura,Divorciado,49160.0,0,1,2013-10-20,29,122,21,43,25,10,15,2,3,1,6,6,0,0,0,0,0,0,0,77,1,2013,236,12,0,1,0,0
Básica,Unión Libre,24882.0,1,0,2012-09-09,52,1,4,10,29,0,36,1,1,1,2,6,1,0,0,0,0,0,0,48,1,2012,80,5,1,1,1,0
Doctorado,Soltero,90933.0,0,0,2014-03-31,90,1020,31,430,62,63,79,1,4,6,4,1,0,0,1,0,0,0,0,72,0,2014,1685,15,1,0,0,0
Doctorado,Soltero,113734.0,0,0,2014-05-28,9,6,2,3,1,262,3,0,27,0,0,1,0,0,0,0,0,0,0,81,0,2014,277,27,0,0,0,-1
Doctorado,Unión Libre,59292.0,0,1,2013-06-13,71,378,14,68,19,14,14,2,3,5,8,3,0,0,0,0,0,0,0,76,1,2013,507,18,0,0,0,0
Doctorado,Casado,45759.0,1,1,2013-02-23,13,42,1,18,3,0,4,2,2,0,3,7,0,0,0,0,0,0,0,62,2,2013,68,7,0,1,1,0
Licenciatura,Soltero,22148.0,0,0,2014-04-13,16,15,5,14,0,4,11,1,1,0,3,7,0,0,0,0,0,0,0,43,0,2014,49,5,0,1,1,0
Maestría,Casado,73395.0,0,0,2014-03-18,94,272,7,80,20,7,11,1,4,4,6,2,0,0,0,0,0,0,0,39,0,2014,397,15,0,0,0,-1
Licenciatura,Divorciado,29819.0,1,0,2013-10-24,77,9,1,24,2,1,2,3,3,0,3,6,0,0,0,0,0,0,0,55,1,2013,39,9,0,1,1,0
Licenciatura,Casado,45688.0,0,1,2014-01-25,20,279,0,18,0,0,9,2,3,1,8,4,0,1,0,0,0,0,0,58,1,2014,306,14,1,1,0,0
Licenciatura,Casado,62820.0,0,0,2013-05-11,51,398,61,265,138,61,53,1,3,4,6,1,0,0,0,0,0,0,0,72,0,2013,976,14,0,0,0,0
Doctorado,Casado,60491.0,0,1,2013-09-06,81,637,47,237,12,19,76,4,6,11,7,5,0,0,0,0,0,0,0,55,1,2013,1028,28,0,0,0,0
Licenciatura,Unión Libre,33235.0,1,0,2014-02-05,71,45,0,16,2,1,6,1,3,0,3,7,0,0,0,0,0,0,0,40,1,2014,70,7,0,1,1,0
Licenciatura,Casado,35701.0,0,0,2013-03-19,36,21,1,9,7,3,5,1,1,0,3,6,0,0,0,0,0,0,0,67,0,2013,46,5,0,1,0,0
Maestría,Casado,31535.0,1,0,2013-09-26,95,15,4,13,0,0,19,1,1,1,2,7,1,0,0,0,0,0,0,46,1,2013,51,5,1,1,1,0
Posgrado,Unión Libre,92556.0,0,0,2014-04-20,32,493,183,352,184,23,28,0,3,5,13,0,0,0,0,0,0,0,0,66,0,2014,1263,21,0,0,0,-1
Licenciatura,Soltero,67384.0,0,1,2012-11-10,32,957,40,175,158,53,107,2,7,8,5,5,0,1,0,0,0,0,0,56,1,2012,1490,22,1,0,0,0
Maestría,Unión Libre,80573.0,0,0,2012-10-14,85,829,138,430,60,92,15,1,4,6,13,2,0,0,0,0,0,0,0,55,0,2012,1564,24,0,0,0,0
Licenciatura,Casado,77870.0,0,1,2012-08-22,93,1017,50,500,65,50,133,3,5,5,5,8,0,1,0,1,0,0,1,59,1,2012,1815,18,3,0,0,-1
Doctorado,Viudo,52278.0,0,1,2013-01-25,24,953,0,71,0,0,174,6,10,5,10,8,0,0,0,0,0,0,0,63,1,2013,1198,31,0,0,0,0
Licenciatura,Soltero,57107.0,0,1,2012-08-24,44,159,0,120,0,0,137,7,4,4,8,8,0,1,0,0,1,0,1,58,1,2012,416,23,3,0,0,-1
Licenciatura,Casado,18929.0,0,0,2013-02-16,15,32,0,8,23,4,18,1,1,0,4,6,0,0,0,0,0,0,0,36,0,2013,85,6,0,1,1,0
Doctorado,Soltero,36038.0,1,0,2013-05-31,82,23,0,15,0,2,7,2,3,0,3,6,0,0,0,0,0,0,0,45,1,2013,47,8,0,1,1,0
Licenciatura,Soltero,20180.0,0,0,2013-02-20,27,18,42,24,15,20,18,1,2,1,4,7,0,0,0,0,0,0,0,50,0,2013,137,8,0,1,1,0
Doctorado,Unión Libre,34230.0,1,1,2012-12-26,72,15,0,4,0,0,2,1,1,0,2,7,0,0,0,0,0,0,0,61,2,2012,21,4,0,1,1,0
Posgrado,Soltero,31878.0,0,1,2014-06-22,7,23,4,5,10,5,23,1,1,0,4,3,0,0,0,0,0,0,0,49,1,2014,70,6,0,1,1,0
Posgrado,Casado,70932.0,0,1,2014-01-19,57,200,193,100,46,185,185,2,6,2,12,3,0,0,0,0,0,0,0,54,1,2014,909,22,0,0,0,0
Licenciatura,Soltero,91249.0,0,0,2012-10-20,84,1324,27,119,71,108,27,0,7,9,6,4,0,1,1,1,1,0,1,70,0,2012,1676,22,5,0,0,-1
Maestría,Soltero,77598.0,0,0,2013-10-01,53,1193,33,281,129,66,33,1,7,5,13,3,0,0,1,0,0,0,0,83,0,2013,1735,26,1,0,0,-1
Licenciatura,Soltero,80982.0,1,1,2013-01-08,48,505,137,401,104,22,22,3,11,5,11,5,0,0,0,0,0,1,0,67,2,2013,1191,30,0,0,0,-1
Maestría,Casado,22701.0,1,0,2013-09-05,2,2,4,9,0,4,5,1,1,0,3,5,0,0,0,0,0,0,0,49,1,2013,24,5,0,1,1,0
Doctorado,Casado,55212.0,0,1,2012-11-23,65,1103,0,45,0,0,34,3,4,2,11,8,0,1,0,0,1,0,0,57,1,2012,1182,20,2,0,0,0
Licenciatura,Casado,70617.0,0,0,2013-06-23,45,353,61,753,40,46,27,1,3,3,7,2,0,0,0,0,0,0,0,56,0,2013,1280,14,0,0,0,0
Licenciatura,Soltero,64849.0,0,0,2012-11-13,42,652,48,350,94,84,108,1,9,3,6,5,0,0,0,0,0,0,1,69,0,2012,1336,19,1,0,0,0
Maestría,Casado,62694.0,1,1,2013-06-17,29,379,6,157,25,91,91,5,9,3,7,7,0,0,0,0,0,0,0,61,2,2013,749,24,0,0,0,0
Doctorado,Casado,61917.0,1,1,2013-11-20,83,46,4,36,2,2,1,1,2,0,4,5,0,0,0,0,0,0,0,52,2,2013,91,7,0,1,1,0
Doctorado,Casado,67472.0,0,1,2013-09-28,93,162,31,127,8,17,69,2,4,2,7,3,0,0,0,0,0,0,0,79,1,2013,414,15,0,0,0,0
Maestría,Casado,21059.0,1,0,2014-01-07,40,8,3,19,3,3,8,3,3,0,3,6,0,0,0,0,0,0,0,44,1,2014,44,9,0,1,1,0
Maestría,Casado,29543.0,2,0,2014-04-01,47,17,3,18,3,4,18,2,3,1,2,7,0,0,0,0,0,0,0,58,2,2014,63,8,0,1,1,0
Licenciatura,Casado,75903.0,0,1,2013-04-08,50,340,108,185,130,38,100,2,6,6,9,3,0,0,0,0,0,0,0,75,1,2013,901,23,0,0,0,0
Posgrado,Unión Libre,34984.0,1,1,2012-09-06,40,8,4,15,3,5,3,2,1,0,3,7,0,0,0,0,0,0,0,51,2,2012,38,6,0,1,1,0
Doctorado,Soltero,54998.0,0,1,2013-03-10,3,154,22,202,39,30,8,5,4,2,9,4,0,0,0,0,0,0,1,70,1,2013,455,20,1,0,0,0
Doctorado,Viudo,54356.0,0,1,2012-11-19,62,710,15,30,20,0,0,3,11,2,8,8,0,0,0,0,0,0,1,77,1,2012,775,24,1,0,0,-1
Maestría,Casado,34242.0,0,1,2014-03-23,25,8,2,4,0,0,1,1,0,0,3,5,0,0,0,0,0,0,0,67,1,2014,15,4,0,1,1,0
Licenciatura,Casado,25410.0,1,0,2013-08-31,48,2,2,4,13,13,4,1,1,0,4,4,0,0,0,0,0,0,0,53,1,2013,38,6,0,1,1,0
Doctorado,Casado,73356.0,0,0,2014-02-06,56,1050,14,322,0,14,112,1,5,11,5,2,1,0,1,1,0,0,1,42,0,2014,1512,22,4,0,0,-1
Licenciatura,Unión Libre,28320.0,0,1,2013-01-14,68,19,1,14,3,2,4,1,1,0,3,8,0,0,0,0,0,0,0,76,1,2013,43,5,0,1,1,0
Licenciatura,Soltero,23763.0,1,0,2012-08-07,64,22,0,6,6,2,6,1,1,0,3,7,0,0,0,0,0,0,0,49,1,2012,42,5,0,1,1,0
Licenciatura,Casado,72570.0,0,0,2014-04-25,67,274,83,216,151,141,224,1,4,6,12,1,0,0,0,0,0,0,0,42,0,2014,1089,23,0,0,0,0
Maestría,Casado,34529.0,1,0,2012-09-14,94,68,6,38,3,6,41,2,2,2,3,7,0,0,0,0,0,0,0,50,1,2012,162,9,0,1,1,0
Licenciatura,Viudo,70792.0,0,0,2013-02-06,82,344,45,654,104,11,114,2,3,4,10,3,0,0,0,0,0,0,0,75,0,2013,1272,19,0,0,0,0
Licenciatura,Casado,63211.0,0,0,2012-11-02,3,145,193,459,205,26,145,2,3,8,7,2,0,0,0,0,0,0,1,44,0,2012,1173,20,1,0,0,0
Maestría,Casado,83891.0,0,1,2014-06-20,24,217,38,350,111,85,15,1,4,7,10,1,0,0,0,0,0,0,0,52,1,2014,816,22,0,0,0,0
Licenciatura,Soltero,36065.0,1,1,2013-03-31,54,18,7,34,10,2,3,3,3,0,3,8,0,0,0,0,0,0,0,58,2,2013,74,9,0,1,1,0
Licenciatura,Unión Libre,39898.0,0,1,2013-02-12,20,69,8,26,12,7,12,2,3,0,4,7,0,0,0,0,0,0,0,72,1,2013,134,9,0,1,1,0
Doctorado,Soltero,51141.0,0,0,2013-07-08,96,144,0,7,0,0,6,1,3,1,4,5,0,0,0,0,0,0,0,86,0,2013,157,9,0,1,0,-1
Licenciatura,Casado,56939.0,0,1,2013-09-18,19,256,34,103,90,29,49,2,3,3,10,3,0,0,0,0,0,0,0,50,1,2013,561,18,0,1,0,0
Licenciatura,Soltero,80872.0,0,0,2014-05-12,60,483,72,567,94,12,108,1,4,4,10,1,0,0,0,0,0,0,0,75,0,2014,1336,19,0,0,0,0
Doctorado,Unión Libre,72335.0,0,0,2012-08-13,2,1285,105,653,28,21,0,1,10,4,8,8,0,0,0,0,0,0,1,50,0,2012,2092,23,1,0,0,-1
Doctorado,Soltero,61798.0,0,0,2013-11-23,13,338,4,89,11,8,13,1,4,2,9,4,0,0,0,0,0,0,0,62,0,2013,463,16,0,0,0,0
Doctorado,Viudo,76842.0,0,0,2014-05-03,37,605,10,345,84,54,32,1,1,8,7,0,0,0,0,0,0,0,0,76,0,2014,1130,17,0,0,0,0
Licenciatura,Unión Libre,29478.0,1,0,2014-01-17,59,8,0,7,3,1,1,1,1,0,3,6,0,0,0,0,0,0,0,50,1,2014,20,5,0,1,1,0
Licenciatura,Soltero,46998.0,0,1,2012-10-22,55,172,41,86,45,6,27,5,5,3,5,7,1,0,0,0,0,0,0,70,1,2012,377,18,1,1,0,0
Licenciatura,Soltero,96843.0,0,0,2013-04-23,60,448,71,951,40,17,17,1,6,11,10,2,0,0,1,0,0,0,1,36,0,2013,1544,28,2,0,0,-1
Doctorado,Viudo,56551.0,1,1,2014-05-07,48,67,4,32,17,2,16,3,2,1,4,4,0,0,0,0,0,0,0,76,2,2014,138,10,0,1,1,-1
Maestría,Casado,70053.0,0,1,2013-07-03,38,512,53,98,81,179,89,3,8,5,10,5,0,0,0,0,0,0,0,61,1,2013,1012,26,0,0,0,0
Doctorado,Viudo,71670.0,0,0,2013-07-09,8,1462,16,128,0,0,160,1,5,3,6,6,0,1,1,0,1,0,1,64,0,2013,1766,15,4,0,0,-1
Licenciatura,Casado,44359.0,1,1,2014-06-17,19,20,0,14,7,3,1,3,2,0,4,3,0,0,0,0,0,0,0,48,2,2014,45,9,0,1,1,0
Licenciatura,Soltero,40887.0,1,1,2013-05-06,32,50,4,44,10,10,43,3,3,1,3,9,0,0,0,0,0,0,1,74,2,2013,161,10,1,1,1,0
Licenciatura,Divorciado,48877.0,0,1,2014-01-05,27,102,1,15,2,0,24,1,3,0,4,7,0,0,0,0,0,0,0,60,1,2014,144,8,0,1,1,0
Licenciatura,Unión Libre,74485.0,0,0,2013-08-24,58,499,149,815,173,49,49,1,6,7,12,3,0,0,0,0,0,0,0,79,0,2013,1734,26,0,0,0,0
Licenciatura,Unión Libre,64474.0,0,1,2013-10-22,59,381,35,172,56,86,93,2,8,2,10,5,0,0,0,0,0,0,0,54,1,2013,823,22,0,0,0,0
Licenciatura,Unión Libre,77226.0,0,1,2014-02-28,29,631,43,239,128,76,21,2,6,8,12,3,0,0,0,0,0,0,0,63,1,2014,1138,28,0,0,0,0
Licenciatura,Viudo,72643.0,0,0,2013-02-27,60,526,80,553,123,94,53,1,3,10,7,2,0,0,0,1,0,0,1,77,0,2013,1429,21,2,0,0,-1
Maestría,Unión Libre,85738.0,0,0,2014-01-23,41,913,26,376,17,26,13,1,3,6,11,1,0,1,1,0,0,0,0,48,0,2014,1371,21,2,0,0,-1
Licenciatura,Divorciado,55686.0,0,1,2013-02-14,27,673,0,199,37,47,26,2,6,3,5,4,1,0,0,0,0,0,0,60,1,2013,982,16,1,0,0,0
Licenciatura,Soltero,39062.0,1,0,2014-03-25,28,23,0,9,0,0,12,1,1,0,3,4,1,0,0,0,0,0,0,43,1,2014,44,5,1,1,1,0
Licenciatura,Unión Libre,34600.0,1,1,2013-01-01,8,199,33,60,8,3,15,5,5,2,5,8,0,0,0,0,0,0,1,55,2,2013,318,17,1,1,0,0
Licenciatura,Casado,40794.0,0,1,2013-04-07,18,261,23,73,4,23,50,2,6,3,5,7,0,0,0,0,0,0,0,51,1,2013,434,16,0,1,0,0
Posgrado,Casado,54690.0,1,1,2013-11-07,76,111,16,37,7,9,18,3,3,1,5,3,0,0,0,0,0,0,0,55,2,2013,198,12,0,1,1,0
Licenciatura,Casado,4428.0,0,1,2013-10-05,0,16,4,12,2,4,321,0,25,0,0,1,0,0,0,0,0,0,0,57,1,2013,359,25,0,1,0,0
Posgrado,Casado,32632.0,0,0,2012-08-02,32,63,151,137,153,19,53,2,4,4,8,5,0,0,0,0,0,0,0,63,0,2012,576,18,0,1,0,-1
Doctorado,Soltero,38236.0,1,1,2013-09-20,2,58,0,18,2,0,10,4,3,0,4,7,0,0,0,0,0,0,0,58,2,2013,88,11,0,1,1,0
Licenciatura,Casado,36781.0,1,0,2014-04-10,16,29,1,17,0,3,13,1,2,1,2,8,0,0,0,0,0,0,1,47,1,2014,63,6,1,1,1,0
Maestría,Soltero,31385.0,1,0,2012-12-05,56,3,2,12,0,1,9,1,1,0,2,8,1,0,0,0,0,0,1,42,1,2012,27,4,2,1,1,0
Licenciatura,Casado,24570.0,1,0,2013-02-27,97,28,34,62,11,14,44,3,4,0,4,9,0,0,0,0,0,0,0,42,1,2013,193,11,0,1,1,0
Doctorado,Divorciado,25509.0,1,0,2012-09-18,15,40,3,30,10,7,11,3,3,0,3,9,0,0,0,0,0,0,1,52,1,2012,101,9,1,1,1,0
Licenciatura,Casado,94642.0,0,0,2014-02-12,35,879,143,797,106,143,143,0,5,7,9,1,0,0,1,1,0,0,0,75,0,2014,2211,21,2,0,0,0
Maestría,Casado,58646.0,0,1,2013-06-10,3,62,1,44,6,5,22,1,2,1,4,4,0,0,0,0,0,0,0,64,1,2013,140,8,0,1,1,0
Licenciatura,Soltero,53201.0,1,1,2013-02-12,49,280,7,81,20,0,27,8,6,3,5,7,0,0,0,0,0,0,0,51,2,2013,415,22,0,1,0,0
Licenciatura,Unión Libre,21994.0,0,1,2012-12-24,4,9,0,6,3,1,3,1,0,0,3,5,0,0,0,0,0,0,0,69,1,2012,22,4,0,1,1,0
Licenciatura,Casado,57113.0,1,1,2013-02-06,45,182,4,33,0,2,42,6,4,1,5,7,0,0,0,0,0,0,0,48,2,2013,263,16,0,1,0,0
Licenciatura,Casado,51373.0,0,0,2013-06-22,37,83,2,101,64,26,117,1,3,5,3,4,0,0,0,0,0,0,0,35,0,2013,393,12,0,1,1,0
Licenciatura,Casado,23477.0,1,0,2013-10-21,39,38,15,54,3,8,29,3,3,0,4,8,0,0,0,0,0,0,0,40,1,2013,147,10,0,1,1,0
Licenciatura,Casado,58116.0,0,1,2014-04-13,38,228,19,130,4,11,51,2,3,3,8,2,0,0,0,0,0,0,0,70,1,2014,443,16,0,1,0,0
Doctorado,Divorciado,72968.0,0,0,2013-12-16,8,1092,37,592,145,37,55,1,5,5,8,3,0,0,0,1,0,0,1,63,0,2013,1958,19,2,0,0,-1
Maestría,Casado,39791.0,0,1,2013-03-28,89,85,15,27,13,13,21,2,3,1,4,7,0,0,0,0,0,0,0,55,1,2013,174,10,0,1,1,0
Maestría,Soltero,91712.0,0,0,2013-10-17,47,1276,24,746,94,29,48,0,9,7,11,3,0,0,1,0,0,0,1,79,0,2013,2217,27,2,0,0,-1
Licenciatura,Soltero,94472.0,0,1,2014-04-03,75,1017,33,417,108,100,16,1,5,5,5,5,0,1,1,0,0,0,0,68,1,2014,1691,16,2,0,0,-1
Licenciatura,Unión Libre,13672.0,1,1,2013-04-17,86,6,2,9,2,1,5,2,1,0,3,8,0,0,0,0,0,0,0,66,2,2013,25,6,0,1,1,0
Posgrado,Casado,96547.0,0,0,2014-05-23,4,448,21,125,52,101,62,0,7,6,8,2,1,0,1,1,0,0,1,46,0,2014,809,21,4,0,0,-1
Licenciatura,Casado,79205.0,0,0,2012-08-29,73,504,23,117,179,28,44,1,6,5,4,4,0,0,0,1,0,0,1,51,0,2012,895,16,2,0,0,0
Doctorado,Unión Libre,56559.0,0,1,2012-12-25,46,226,22,133,41,31,31,3,4,3,8,4,0,0,0,0,0,0,0,51,1,2012,484,18,0,1,0,0
Doctorado,Casado,32644.0,1,0,2013-01-16,38,239,3,141,0,7,23,4,7,1,6,8,1,0,0,0,0,0,0,53,1,2013,413,18,1,1,0,0
Posgrado,Soltero,67506.0,0,1,2014-01-02,73,90,38,67,33,36,67,1,4,1,6,3,0,0,0,0,0,0,0,46,1,2014,331,12,0,1,1,0
Licenciatura,Soltero,24206.0,1,0,2013-03-08,66,7,2,8,3,2,3,1,1,0,3,6,0,0,0,0,0,0,0,56,1,2013,25,5,0,1,1,0
Doctorado,Divorciado,28420.0,1,0,2013-12-24,36,4,2,5,2,0,0,1,1,0,2,6,0,0,0,0,0,0,0,59,1,2013,13,4,0,1,1,0
Licenciatura,Casado,22979.0,1,0,2012-09-06,29,16,17,19,20,21,22,3,3,2,2,8,0,0,0,0,0,0,1,56,1,2012,115,10,1,1,1,0
Licenciatura,Soltero,33279.0,0,0,2014-06-12,29,10,3,3,0,0,0,1,0,0,3,3,0,0,0,0,0,0,0,60,0,2014,16,4,0,1,1,0
Maestría,Soltero,46423.0,1,1,2013-09-18,6,68,0,16,0,0,8,3,2,0,4,7,0,0,0,0,0,0,0,54,2,2013,92,9,0,1,1,0
Licenciatura,Casado,30368.0,0,1,2013-11-07,97,35,0,13,2,0,2,2,2,0,3,8,0,0,0,0,0,0,0,49,1,2013,52,7,0,1,1,0
Licenciatura,Casado,63684.0,0,1,2012-11-26,61,575,80,428,208,93,80,3,8,4,8,5,0,0,0,0,0,0,0,56,1,2012,1464,23,0,0,0,0
Licenciatura,Divorciado,41638.0,0,1,2013-02-13,68,315,0,31,4,0,91,4,5,5,3,8,1,0,0,0,0,0,0,62,1,2013,441,17,1,1,0,0
Doctorado,Divorciado,68805.0,0,1,2013-09-17,73,182,2,49,17,13,20,1,3,1,7,2,0,0,0,0,0,0,0,67,1,2013,283,12,0,1,0,0
Doctorado,Unión Libre,65814.0,0,1,2014-03-02,90,561,14,113,10,14,35,3,8,2,10,5,0,0,0,0,0,0,0,60,1,2014,747,23,0,0,0,0
Licenciatura,Divorciado,71964.0,0,0,2013-05-20,81,587,51,932,180,34,86,1,5,6,5,3,0,0,0,0,0,0,0,68,0,2013,1870,17,0,0,0,0
Licenciatura,Soltero,39146.0,1,0,2013-02-14,1,94,1,33,13,12,12,3,4,0,4,8,0,0,0,0,0,0,0,40,1,2013,165,11,0,1,1,0
Licenciatura,Unión Libre,96876.0,0,0,2013-08-06,79,908,43,735,40,194,21,1,7,7,9,2,0,1,1,1,0,0,1,49,0,2013,1941,24,4,0,0,-1
Básica,Casado,34445.0,0,0,2013-01-27,92,228,122,122,208,129,30,6,11,2,8,9,0,0,0,0,0,0,0,45,0,2013,839,27,0,0,0,-1
Licenciatura,Soltero,68281.0,0,0,2012-08-07,31,995,112,417,42,48,41,1,2,9,13,5,0,0,0,0,0,0,1,68,0,2012,1655,25,1,0,0,0
Posgrado,Casado,37284.0,1,1,2013-03-29,46,11,1,2,2,1,6,1,0,0,3,6,0,0,0,0,0,0,0,51,2,2013,23,4,0,1,1,0
Licenciatura,Casado,36790.0,0,0,2013-03-01,14,3,3,14,15,21,10,1,2,1,2,9,0,0,0,0,0,0,1,43,0,2013,66,6,1,1,1,0
Licenciatura,Unión Libre,27943.0,1,1,2013-04-15,89,12,1,16,4,1,3,3,2,0,3,8,0,0,0,0,0,0,0,59,2,2013,37,8,0,1,1,0
Licenciatura,Divorciado,22263.0,1,1,2014-03-30,31,17,0,2,0,0,2,2,1,0,3,6,0,0,0,0,0,1,0,75,2,2014,21,6,0,1,1,0
Licenciatura,Unión Libre,30261.0,1,2,2012-09-25,75,8,0,5,0,3,6,1,0,0,3,8,0,0,0,0,0,0,0,54,3,2012,22,4,0,1,1,0
Licenciatura,Unión Libre,28587.0,1,0,2014-02-12,42,22,4,17,12,10,13,3,2,0,4,6,0,0,0,0,0,0,0,48,1,2014,78,9,0,1,1,0
Maestría,Casado,43815.0,1,0,2013-04-05,53,14,10,29,4,7,15,1,2,0,3,6,0,0,0,0,0,0,0,44,1,2013,79,6,0,1,1,0
Licenciatura,Casado,48195.0,1,1,2014-01-21,53,106,27,68,52,7,5,6,4,2,5,6,0,0,0,0,0,0,0,70,2,2014,265,17,0,1,0,0
Maestría,Casado,77027.0,0,1,2014-02-05,23,820,57,242,45,0,11,2,8,3,6,4,0,0,0,0,0,0,0,74,1,2014,1175,19,0,0,0,0
Doctorado,Casado,71322.0,0,1,2013-02-16,57,753,43,226,69,10,204,2,8,5,13,4,0,0,0,0,0,0,0,61,1,2013,1305,28,0,0,0,0
Maestría,Casado,32765.0,1,0,2014-02-23,49,13,3,17,7,3,3,2,2,0,4,5,0,0,0,0,0,0,0,47,1,2014,46,8,0,1,1,0
Licenciatura,Unión Libre,29672.0,1,1,2013-03-12,6,9,1,3,0,4,8,1,0,0,3,6,0,0,0,0,0,0,0,61,2,2013,25,4,0,1,1,0
Licenciatura,Divorciado,23272.0,0,0,2013-10-17,29,19,3,6,4,2,12,1,1,0,3,4,0,0,0,0,0,0,0,73,0,2013,46,5,0,1,0,0
Maestría,Unión Libre,49912.0,0,1,2012-09-07,5,520,8,223,32,49,42,4,10,5,7,8,1,0,0,0,0,0,1,77,1,2012,874,26,2,0,0,-1
Posgrado,Unión Libre,7500.0,1,0,2012-08-01,98,5,17,17,13,14,34,4,2,1,3,9,0,0,0,0,0,0,0,41,1,2012,100,10,0,1,1,0
Doctorado,Viudo,68117.0,0,1,2013-03-10,80,618,44,215,0,17,36,2,11,8,4,6,1,0,0,0,0,0,1,79,1,2013,930,25,2,0,0,-1
Licenciatura,Casado,67225.0,0,1,2013-11-26,4,315,35,322,46,7,143,3,7,2,11,5,0,0,0,0,0,0,0,71,1,2013,868,23,0,0,0,0
Licenciatura,Casado,17649.0,1,0,2013-11-12,70,15,1,23,0,5,1,3,3,0,3,8,0,0,0,0,0,0,0,50,1,2013,45,9,0,1,1,0
Licenciatura,Unión Libre,55914.0,0,1,2013-04-29,32,384,60,364,119,101,232,4,11,6,8,7,0,0,0,0,0,0,0,51,1,2013,1260,29,0,0,0,0
Licenciatura,Casado,40059.0,1,0,2013-09-28,82,110,29,92,28,10,145,1,6,2,3,8,1,0,0,0,0,0,0,42,1,2013,414,12,1,1,0,0
Licenciatura,Unión Libre,60905.0,0,1,2013-12-05,27,208,17,76,36,17,38,2,3,3,7,2,0,0,0,0,0,0,0,76,1,2013,392,15,0,1,0,0
Licenciatura,Casado,75330.0,1,1,2012-10-04,94,555,82,257,93,61,61,4,10,3,12,6,0,0,0,0,0,0,0,49,2,2012,1109,29,0,0,0,0
Licenciatura,Soltero,60689.0,0,1,2013-06-01,23,240,90,216,63,6,24,4,4,4,10,3,0,0,0,0,0,0,0,75,1,2013,639,22,0,0,0,0
Licenciatura,Casado,38680.0,1,0,2013-03-28,97,11,0,36,15,5,12,1,2,0,3,7,0,0,0,0,0,0,0,42,1,2013,79,6,0,1,1,0
Licenciatura,Unión Libre,61416.0,0,0,2013-02-08,25,848,154,323,201,61,78,1,10,3,10,6,1,0,0,0,0,0,0,44,0,2013,1665,24,1,0,0,0
Licenciatura,Soltero,49767.0,0,0,2013-05-02,92,202,47,197,55,42,149,1,5,4,8,4,0,0,0,0,0,0,0,35,0,2013,692,18,0,0,0,0
Licenciatura,Soltero,83273.0,1,2,2012-09-25,98,433,89,650,16,102,102,10,4,6,9,7,0,0,0,0,0,0,0,56,3,2012,1392,29,0,0,0,-1
Licenciatura,Casado,29009.0,1,0,2013-11-29,19,6,6,15,10,5,2,2,2,0,3,6,0,0,0,0,0,0,0,45,1,2013,44,7,0,1,1,0
Maestría,Casado,45057.0,1,0,2013-12-01,80,37,0,7,3,0,3,1,2,0,3,5,0,0,0,0,0,0,0,47,1,2013,50,6,0,1,1,0
Licenciatura,Casado,37150.0,1,0,2012-09-11,80,167,37,64,49,34,116,8,4,3,6,7,0,0,0,0,0,0,0,55,1,2012,467,21,0,1,0,0
Licenciatura,Soltero,43020.0,1,0,2013-11-30,79,45,7,99,4,25,43,3,4,1,4,6,0,0,0,0,0,0,0,56,1,2013,223,12,0,1,0,0
Licenciatura,Casado,53154.0,0,1,2014-06-09,50,129,0,21,0,1,7,1,3,1,4,4,0,0,0,0,0,0,0,67,1,2014,158,9,0,1,0,0
Licenciatura,Casado,65308.0,0,0,2013-09-11,60,713,0,264,120,80,34,1,7,8,12,4,0,0,1,1,0,0,0,53,0,2013,1211,28,2,0,0,0
Licenciatura,Soltero,76467.0,1,0,2012-08-17,44,676,161,426,210,44,58,2,2,5,5,6,0,0,0,0,0,0,1,56,1,2012,1575,14,1,0,0,0
Posgrado,Casado,81044.0,0,0,2013-12-27,0,450,26,535,73,98,26,1,5,6,10,1,0,0,0,0,0,0,0,79,0,2013,1208,22,0,0,0,0
Licenciatura,Casado,32871.0,1,1,2013-03-09,28,22,2,12,0,2,5,1,1,0,3,4,0,0,0,0,0,0,0,75,2,2013,43,5,0,1,1,0
Licenciatura,Soltero,55801.0,1,1,2013-09-22,35,367,4,51,6,4,95,6,7,2,6,7,0,0,0,1,0,0,0,51,2,2013,527,21,1,1,0,0
Licenciatura,Viudo,76320.0,0,1,2014-06-22,49,526,35,214,69,53,35,2,6,3,4,2,0,0,0,0,0,0,0,67,1,2014,932,15,0,0,0,0
Maestría,Soltero,36927.0,1,1,2014-06-02,46,51,0,16,0,0,4,2,3,0,3,8,0,0,0,0,0,0,0,71,2,2014,71,8,0,1,1,0
Licenciatura,Unión Libre,48794.0,1,1,2014-06-26,97,25,0,11,3,0,15,1,1,0,3,4,0,0,0,0,0,0,0,73,2,2014,54,5,0,1,1,0
Licenciatura,Soltero,23478.0,0,0,2013-03-19,51,28,6,27,12,17,39,1,3,0,3,8,0,0,0,0,0,0,0,61,0,2013,129,7,0,1,1,0
Licenciatura,Divorciado,71128.0,1,0,2012-10-06,80,958,159,447,20,0,31,3,2,10,12,7,0,0,0,0,0,0,0,53,1,2012,1615,27,0,0,0,0
Doctorado,Divorciado,70179.0,0,1,2013-07-21,10,532,88,168,69,44,133,3,7,3,13,5,0,0,0,0,0,0,0,50,1,2013,1034,26,0,0,0,0
Licenciatura,Casado,59462.0,0,1,2013-01-05,29,724,17,143,0,8,196,2,9,2,12,7,0,0,0,0,0,0,0,76,1,2013,1088,25,0,0,0,0
Maestría,Unión Libre,,1,1,2013-05-18,52,375,42,48,94,66,96,7,4,10,4,3,0,0,0,0,0,0,0,57,2,2013,721,25,0,0,0,0
Licenciatura,Unión Libre,38361.0,1,0,2013-12-27,74,39,0,56,20,8,14,3,3,1,3,7,0,0,0,0,0,0,0,57,1,2013,137,10,0,1,1,0
Doctorado,Soltero,,1,0,2013-05-31,82,23,0,15,0,2,7,2,3,0,3,6,0,0,0,0,0,0,0,45,1,2013,47,8,0,1,1,0
Doctorado,Unión Libre,70038.0,0,0,2013-10-25,54,587,54,348,71,54,130,1,4,4,8,2,0,0,0,0,0,0,0,44,0,2013,1244,17,0,0,0,0
Licenciatura,Unión Libre,42554.0,1,1,2013-01-12,93,29,1,11,0,0,0,2,2,0,3,4,0,0,0,0,0,0,0,48,2,2013,41,7,0,1,1,0
Licenciatura,Casado,67445.0,0,1,2012-08-12,63,757,80,217,29,80,11,5,9,6,12,6,0,0,0,0,0,0,0,52,1,2012,1174,32,0,0,0,0
Licenciatura,Viudo,67046.0,0,1,2013-01-06,92,544,35,133,23,151,107,2,4,5,4,2,0,0,0,0,0,0,0,75,1,2013,993,15,0,0,0,0
Licenciatura,Casado,42192.0,0,0,2013-09-06,40,40,15,15,17,6,7,1,2,1,3,4,0,0,0,0,0,0,0,78,0,2013,100,7,0,1,0,0
Doctorado,Casado,77610.0,0,1,2012-10-29,70,1245,33,332,21,33,16,2,4,7,4,7,0,0,0,0,0,0,0,74,1,2012,1680,17,0,0,0,0
Licenciatura,Casado,31761.0,1,0,2014-04-05,96,19,1,20,16,14,28,2,3,0,4,5,0,0,0,0,0,0,0,42,1,2014,98,9,0,1,1,0
Licenciatura,Unión Libre,34350.0,1,0,2013-10-19,81,16,3,15,2,1,11,1,1,0,3,7,0,0,0,0,0,0,0,47,1,2013,48,5,0,1,1,0
Licenciatura,Unión Libre,54591.0,0,1,2013-08-05,63,376,4,94,12,9,24,3,6,2,8,5,0,0,0,0,0,0,0,77,1,2013,519,19,0,0,0,0
Licenciatura,Casado,71866.0,0,1,2013-12-25,85,184,178,178,103,39,33,1,6,3,10,3,0,0,0,0,0,0,0,70,1,2013,715,20,0,0,0,0
Licenciatura,Casado,25293.0,1,0,2013-09-15,51,15,0,11,0,2,9,1,1,1,2,8,0,0,0,0,0,0,0,57,1,2013,37,5,0,1,1,0
Doctorado,Soltero,42000.0,0,0,2013-01-10,23,124,83,267,85,59,35,2,5,2,11,5,0,0,0,0,0,0,1,39,0,2013,653,20,1,0,0,-1
Licenciatura,Casado,69520.0,0,0,2013-07-07,95,627,120,414,121,80,93,1,9,6,5,5,0,0,0,0,0,0,0,43,0,2013,1455,21,0,0,0,0
Licenciatura,Divorciado,64713.0,1,0,2014-02-07,11,180,60,241,13,54,54,2,5,5,7,4,0,0,0,0,0,0,1,56,1,2014,602,19,1,0,0,0
Maestría,Casado,27889.0,1,0,2013-07-05,42,14,0,4,0,0,8,1,1,1,2,6,0,0,0,0,0,0,0,49,1,2013,26,5,0,1,1,0
Básica,Viudo,22123.0,0,0,2014-03-27,77,3,3,24,34,7,31,1,2,1,3,5,0,0,0,0,0,0,0,66,0,2014,102,7,0,1,0,0
Licenciatura,Casado,,1,1,2013-03-03,82,71,1,16,0,0,9,4,2,1,3,8,0,0,0,0,0,0,0,55,2,2013,97,10,0,1,1,0
Maestría,Unión Libre,,0,1,2013-06-23,83,161,0,22,0,0,24,2,4,1,4,6,0,0,0,0,0,0,0,72,1,2013,207,11,0,1,1,0
Licenciatura,Casado,27803.0,1,0,2012-08-26,40,8,26,46,38,9,49,2,3,0,4,8,0,0,0,0,0,0,0,53,1,2012,176,9,0,1,1,0
Licenciatura,Soltero,,0,1,2013-10-18,95,264,0,21,12,6,147,3,6,1,5,7,0,0,0,0,0,0,0,71,1,2013,450,15,0,1,0,0
Licenciatura,Casado,51651.0,0,1,2012-11-07,32,293,6,23,13,6,92,4,6,2,5,8,0,0,0,0,0,0,0,66,1,2012,433,17,0,1,0,0
Licenciatura,Casado,68487.0,0,0,2013-01-13,48,758,12,385,33,89,89,1,9,7,13,4,0,0,0,0,0,0,0,38,0,2013,1366,30,0,0,0,0
Maestría,Viudo,,0,0,2013-10-30,75,532,126,490,164,126,126,1,5,5,11,1,0,0,1,0,0,0,1,83,0,2013,1564,22,2,0,0,-1
Licenciatura,Casado,56796.0,0,1,2013-02-16,24,656,38,161,62,47,37,3,8,9,7,7,0,0,0,0,0,0,0,57,1,2013,1001,27,0,0,0,0
Posgrado,Casado,87000.0,0,0,2012-12-15,61,196,25,607,67,17,49,1,4,6,7,2,0,0,0,0,0,0,0,34,0,2012,961,18,0,0,0,-1
Licenciatura,Casado,79823.0,0,1,2014-03-31,6,835,73,380,114,73,43,1,6,9,7,2,0,1,0,0,0,0,0,67,1,2014,1518,23,1,0,0,0
Licenciatura,Soltero,30828.0,1,0,2013-10-04,16,16,11,15,2,0,12,2,1,1,4,3,0,0,0,0,0,0,0,46,1,2013,56,8,0,1,1,0
Maestría,Casado,34109.0,0,1,2013-11-06,39,9,1,5,2,1,4,1,0,0,3,4,0,0,0,0,0,0,0,55,1,2013,22,4,0,1,1,0
Maestría,Divorciado,53367.0,1,1,2013-08-31,2,229,7,140,10,3,11,7,5,1,8,7,0,0,0,0,0,0,1,52,2,2013,400,21,1,1,0,0
Básica,Unión Libre,22390.0,0,0,2013-10-21,49,0,1,4,15,1,5,1,1,0,2,7,0,0,0,0,0,0,0,57,0,2013,26,4,0,1,0,-1
Licenciatura,Unión Libre,71322.0,0,1,2014-05-02,31,121,24,124,24,15,42,1,4,1,7,2,0,0,0,0,0,0,0,50,1,2014,350,13,0,1,0,0
Licenciatura,Soltero,79244.0,0,0,2012-12-19,58,471,102,125,212,61,245,1,4,10,7,1,0,0,1,1,0,0,1,33,0,2012,1216,22,3,0,0,-1
Maestría,Unión Libre,49912.0,0,1,2012-09-07,5,520,8,223,32,49,42,4,10,5,7,8,1,0,0,0,0,0,1,77,1,2012,874,26,2,0,0,-1
Doctorado,Casado,48699.0,1,1,2013-05-21,90,26,1,10,2,0,1,1,1,0,3,5,0,0,0,0,0,0,0,76,2,2013,40,5,0,1,1,0
Licenciatura,Unión Libre,80144.0,0,0,2013-09-30,47,240,132,445,250,192,108,1,3,7,8,1,0,0,0,0,0,0,0,51,0,2013,1367,19,0,0,0,0
Licenciatura,Soltero,54252.0,1,1,2013-05-28,25,178,4,26,8,4,44,5,4,1,5,6,0,0,0,0,0,0,0,70,2,2013,264,15,0,1,1,0
Maestría,Casado,81929.0,1,0,2012-09-29,60,1486,55,278,49,0,185,2,4,4,10,6,1,0,1,0,0,0,1,50,1,2012,2053,20,3,0,0,-1
Licenciatura,Casado,76068.0,0,1,2012-11-29,67,1115,12,128,33,12,76,1,2,3,4,6,0,1,0,0,1,0,0,51,1,2012,1376,10,2,0,0,-1
Maestría,Casado,53204.0,1,1,2014-03-20,40,29,0,8,2,0,6,1,1,0,3,4,0,0,0,0,0,0,0,50,2,2014,45,5,0,1,1,0
Doctorado,Unión Libre,67911.0,0,1,2014-05-22,63,529,0,356,63,28,0,3,6,7,11,3,0,0,0,0,0,0,0,77,1,2014,976,27,0,0,0,0
Posgrado,Casado,14796.0,1,0,2012-09-17,1,13,3,8,7,4,16,2,1,0,3,9,0,0,0,0,0,0,1,42,1,2012,51,6,1,1,1,0
Doctorado,Casado,78128.0,0,1,2014-02-19,89,934,24,230,16,24,36,2,8,4,6,3,0,1,1,0,0,0,0,52,1,2014,1264,20,2,0,0,0
Básica,Casado,14188.0,0,0,2013-02-28,40,2,7,11,16,12,27,1,2,0,4,6,0,0,0,0,0,0,0,54,0,2013,75,7,0,1,1,0
Básica,Casado,20425.0,1,0,2012-10-29,5,4,12,5,3,16,17,2,2,0,3,7,0,0,0,0,0,0,0,40,1,2012,57,7,0,1,1,0
Maestría,Casado,58646.0,0,1,2013-06-10,3,62,1,44,6,5,22,1,2,1,4,4,0,0,0,0,0,0,0,64,1,2013,140,8,0,1,1,0
Licenciatura,Divorciado,72967.0,0,1,2012-12-15,1,158,35,179,0,0,125,2,7,2,8,5,1,0,0,0,0,0,1,56,1,2012,497,19,2,0,0,0
Maestría,Casado,48150.0,0,1,2013-06-08,24,173,2,39,3,2,47,3,5,1,4,7,0,0,0,0,0,0,0,77,1,2013,266,13,0,1,0,0
Licenciatura,Soltero,82332.0,0,0,2012-09-17,89,830,59,968,51,79,19,1,5,3,12,2,0,0,1,0,0,0,1,65,0,2012,2006,21,2,0,0,0
Licenciatura,Viudo,58275.0,1,1,2013-06-02,48,189,10,253,56,43,64,6,8,2,7,7,0,0,0,0,0,0,0,71,2,2013,615,23,0,0,0,0
Doctorado,Unión Libre,44953.0,0,0,2012-12-21,31,728,17,133,11,8,124,1,7,3,13,6,1,0,0,0,0,0,0,45,0,2012,1021,24,1,0,0,-1
Licenciatura,Unión Libre,34587.0,1,1,2014-05-16,68,7,2,9,2,0,2,2,1,0,3,4,0,0,0,0,0,0,0,73,2,2014,22,6,0,1,1,0
Maestría,Unión Libre,43018.0,0,1,2013-11-01,46,35,4,17,7,6,64,1,2,2,2,5,0,0,0,0,0,0,0,52,1,2013,133,7,0,1,1,0
Maestría,Casado,45736.0,0,1,2013-07-24,92,188,3,180,20,3,43,5,7,1,6,7,0,0,0,0,0,0,0,72,1,2013,437,19,0,1,0,0
Maestría,Unión Libre,66476.0,0,1,2013-12-04,80,742,28,152,25,9,57,2,6,8,10,4,0,0,0,0,0,0,0,57,1,2013,1013,26,0,0,0,0
Posgrado,Casado,27733.0,1,0,2013-08-26,16,0,7,5,26,2,17,2,2,0,3,7,0,0,0,0,0,0,0,45,1,2013,57,7,0,1,1,0
Doctorado,Unión Libre,69805.0,0,1,2014-01-21,50,750,71,174,13,10,20,2,6,8,11,2,0,0,0,0,0,0,0,74,1,2014,1038,27,0,0,0,0
Maestría,Soltero,72217.0,0,0,2013-04-10,93,816,42,450,55,56,154,1,3,10,8,2,0,0,0,0,0,0,0,64,0,2013,1573,22,0,0,0,1
Licenciatura,Divorciado,25818.0,1,0,2012-10-18,51,5,2,8,2,2,9,1,0,1,2,7,0,0,0,0,0,0,0,55,1,2012,28,4,0,1,1,0
Maestría,Unión Libre,37509.0,1,0,2012-09-12,24,37,5,56,12,8,5,2,3,0,4,7,0,0,0,0,0,0,0,50,1,2012,123,9,0,1,1,0
Posgrado,Unión Libre,25176.0,1,1,2013-08-10,79,4,0,4,0,0,5,1,1,0,2,7,0,0,0,0,0,0,0,50,2,2013,13,4,0,1,1,0
Licenciatura,Casado,43586.0,0,1,2012-08-30,26,99,2,11,4,0,16,3,3,0,4,8,0,0,0,0,0,0,0,46,1,2012,132,10,0,1,1,0
Posgrado,Casado,53230.0,0,1,2012-08-03,86,176,72,98,136,21,229,4,5,2,12,5,0,0,0,0,0,0,0,70,1,2012,732,23,0,0,0,0
Licenciatura,Unión Libre,50116.0,1,1,2014-06-20,68,54,0,10,0,0,2,2,1,0,4,5,0,1,0,0,0,0,0,69,2,2014,66,7,1,1,1,0
Licenciatura,Unión Libre,84906.0,0,0,2013-10-04,98,997,15,414,99,30,76,1,5,6,12,2,0,1,1,0,1,0,0,54,0,2013,1631,24,3,0,0,0
Licenciatura,Casado,61286.0,0,1,2013-08-02,34,356,0,107,19,9,117,2,7,1,8,5,0,0,0,0,0,0,0,60,1,2013,608,18,0,0,0,0
Doctorado,Casado,82333.0,0,0,2013-03-30,60,1311,0,359,46,89,17,1,4,3,10,2,0,0,1,0,0,0,1,40,0,2013,1822,18,2,0,0,-1
Doctorado,Unión Libre,65220.0,0,0,2012-09-03,3,890,63,292,0,25,12,4,8,4,7,6,0,0,0,0,0,0,1,61,0,2012,1282,23,1,0,0,0
Licenciatura,Unión Libre,33590.0,2,1,2013-11-03,65,4,0,2,0,0,2,1,1,0,2,7,0,0,0,0,0,0,0,52,3,2013,8,4,0,1,1,0
Licenciatura,Divorciado,30992.0,1,0,2013-04-22,83,17,0,14,7,3,2,1,1,0,3,7,0,0,0,0,0,0,0,50,1,2013,43,5,0,1,1,0
Maestría,Soltero,72309.0,0,0,2013-03-11,64,960,0,883,50,38,0,1,5,6,8,3,0,0,0,1,0,0,1,50,0,2013,1931,20,2,0,0,-1
Doctorado,Casado,156924.0,0,0,2013-08-29,85,2,1,2,1,1,1,0,0,0,0,0,0,0,0,0,0,0,0,77,0,2013,8,0,0,0,0,-1
Básica,Casado,16005.0,1,0,2012-08-14,69,1,3,2,20,30,47,3,2,1,2,8,0,0,0,0,0,0,0,46,1,2012,103,8,0,1,1,0
Maestría,Soltero,65487.0,0,0,2014-01-10,48,240,67,500,199,0,163,3,3,5,6,2,0,0,0,0,0,0,0,69,0,2014,1169,17,0,0,0,0
Licenciatura,Casado,58692.0,0,1,2014-04-06,21,301,11,61,4,7,11,1,8,2,4,7,0,0,0,0,0,0,0,61,1,2014,395,15,0,1,0,0
Licenciatura,Viudo,40590.0,1,1,2013-10-02,30,154,0,50,6,11,37,5,3,4,3,6,1,0,0,0,0,0,0,57,2,2013,258,15,1,1,0,0
Licenciatura,Soltero,20587.0,1,0,2014-05-11,39,2,3,6,4,1,9,1,1,1,2,7,0,0,0,0,0,0,0,56,1,2014,25,5,0,1,1,0
Maestría,Divorciado,62637.0,0,1,2014-03-01,76,104,12,48,4,12,5,1,2,2,5,2,0,0,0,0,0,0,0,72,1,2014,185,10,0,1,1,0
Maestría,Divorciado,29435.0,1,1,2012-08-06,11,70,3,37,4,2,64,4,3,2,2,9,0,0,0,0,0,0,1,60,2,2012,180,11,1,1,0,0
Licenciatura,Divorciado,19346.0,1,0,2014-01-30,26,2,0,9,3,6,2,1,1,0,3,8,0,0,0,0,0,0,0,52,1,2014,22,5,0,1,1,0
Licenciatura,Casado,35788.0,1,1,2014-01-23,34,23,2,11,3,1,4,2,2,0,3,6,0,0,0,0,0,0,0,55,2,2014,44,7,0,1,1,0
Licenciatura,Divorciado,36997.0,1,1,2013-02-01,72,43,4,12,8,0,27,5,2,1,4,5,0,0,0,0,0,0,0,58,2,2013,94,12,0,1,1,0
Licenciatura,Casado,23539.0,0,0,2014-02-28,13,4,24,11,16,1,25,1,2,0,4,6,0,0,0,0,0,0,0,69,0,2014,81,7,0,1,0,0
Licenciatura,Soltero,65333.0,0,1,2014-01-17,58,654,7,92,0,15,30,7,9,4,8,6,0,1,1,0,0,0,0,53,1,2014,798,28,2,0,0,-1
Licenciatura,Soltero,78499.0,0,0,2013-11-23,12,912,72,170,47,36,97,1,11,3,4,4,0,0,1,0,0,0,1,69,0,2013,1334,19,2,0,0,0
Doctorado,Unión Libre,29732.0,1,0,2014-03-25,23,25,0,8,0,1,4,1,2,0,2,9,0,0,0,0,0,0,0,55,1,2014,38,5,0,1,1,0
Maestría,Unión Libre,41275.0,1,2,2014-03-24,33,24,4,22,0,2,9,4,3,1,3,5,0,0,0,0,0,0,0,66,3,2014,61,11,0,1,1,0
Doctorado,Unión Libre,63516.0,1,1,2013-07-06,30,141,11,114,15,14,5,4,4,1,7,5,0,0,0,0,0,0,0,53,2,2013,300,16,0,1,0,0
Doctorado,Casado,42769.0,0,1,2013-10-12,15,71,0,13,3,1,0,2,1,1,4,4,0,0,0,0,0,0,0,64,1,2013,88,8,0,1,0,0
Maestría,Casado,49572.0,1,1,2013-12-15,25,35,1,16,0,1,1,2,2,0,3,7,0,0,0,0,0,0,0,68,2,2013,54,7,0,1,1,0
Licenciatura,Casado,69209.0,0,0,2012-09-17,4,496,32,849,229,48,128,2,5,3,6,4,0,0,0,1,0,0,0,54,0,2012,1782,16,1,0,0,0
Licenciatura,Casado,17148.0,1,0,2014-01-28,80,9,9,11,13,10,16,4,3,1,3,8,0,0,0,0,0,0,0,50,1,2014,68,11,0,1,1,0
Licenciatura,Viudo,40590.0,1,1,2013-10-02,30,154,0,50,6,11,37,5,3,4,3,6,1,0,0,0,0,0,0,57,2,2013,258,15,1,1,0,0
Maestría,Unión Libre,30560.0,1,0,2013-06-27,6,9,1,5,4,5,7,1,1,0,3,7,0,0,0,0,0,0,0,50,1,2013,31,5,0,1,1,0
Posgrado,Casado,32146.0,1,0,2014-05-12,16,26,3,23,4,7,3,2,2,0,4,6,0,0,0,0,0,0,0,43,1,2014,66,8,0,1,1,0
Posgrado,Divorciado,41713.0,1,1,2014-04-29,57,77,8,44,10,10,25,5,3,1,4,6,0,0,0,0,0,0,0,62,2,2014,174,13,0,1,1,0
Maestría,Unión Libre,34176.0,0,1,2014-01-22,9,11,2,7,4,2,2,1,1,0,3,3,0,0,0,0,0,0,0,51,1,2014,28,5,0,1,1,0
Doctorado,Casado,58482.0,0,1,2014-03-12,59,576,7,115,19,7,7,2,7,4,9,6,0,1,0,0,0,0,0,71,1,2014,731,22,1,0,0,0
Licenciatura,Soltero,59686.0,0,1,2014-01-25,78,89,15,89,34,42,5,1,4,1,6,4,0,0,0,0,0,0,0,61,1,2014,274,12,0,1,0,0
Doctorado,Casado,60896.0,0,1,2012-10-11,90,1013,30,399,60,46,153,3,9,10,4,6,0,0,0,0,0,0,1,62,1,2012,1701,26,1,0,0,0
Licenciatura,Unión Libre,62994.0,1,0,2014-03-04,74,224,12,48,4,12,12,1,6,2,4,6,0,0,0,0,0,0,0,46,1,2014,312,13,0,1,0,0
Licenciatura,Unión Libre,47320.0,0,1,2013-08-01,10,200,19,111,50,15,19,6,5,1,8,6,0,0,0,0,0,0,0,69,1,2013,414,20,0,1,0,0
Posgrado,Viudo,74859.0,0,0,2013-06-03,63,570,73,614,133,102,73,1,6,5,11,3,0,0,0,1,0,0,0,77,0,2013,1565,23,1,0,0,-1
Básica,Soltero,15253.0,1,0,2013-10-28,13,1,3,3,8,1,13,2,1,0,3,7,0,0,0,0,0,0,0,34,1,2013,29,6,0,1,1,0
Doctorado,Soltero,31560.0,1,0,2013-06-24,98,62,1,20,4,0,7,2,2,1,3,8,0,0,0,0,0,0,0,52,1,2013,94,8,0,1,1,0
Licenciatura,Divorciado,72071.0,0,1,2013-02-14,4,531,69,300,150,138,150,3,5,4,8,2,0,0,0,0,0,0,0,72,1,2013,1338,20,0,0,0,0
Maestría,Soltero,91172.0,0,0,2013-03-27,94,162,28,818,0,28,56,0,4,3,7,3,1,0,1,1,1,0,1,36,0,2013,1092,14,5,0,0,-1
Licenciatura,Casado,90000.0,0,0,2013-12-23,91,675,144,133,94,192,241,1,4,8,5,1,1,0,1,1,0,0,0,42,0,2013,1479,18,3,0,0,0
Licenciatura,Soltero,41967.0,1,1,2013-11-23,66,23,4,10,0,2,15,1,1,0,3,4,0,0,0,0,0,0,0,45,2,2013,54,5,0,1,1,0
Licenciatura,Soltero,69263.0,0,1,2014-03-05,14,492,5,32,13,5,21,1,9,1,7,6,0,1,0,0,0,0,0,61,1,2014,568,18,1,0,0,0
Posgrado,Divorciado,65706.0,0,0,2013-06-28,77,918,10,129,13,0,129,1,11,3,12,7,0,1,1,0,1,0,1,56,0,2013,1199,27,4,0,0,-1
Licenciatura,Unión Libre,60934.0,0,1,2014-01-17,41,224,155,155,192,93,54,2,6,4,11,4,0,0,0,0,0,0,0,51,1,2014,873,23,0,0,0,0
Licenciatura,Casado,71965.0,0,1,2013-07-29,21,572,19,286,50,38,248,3,6,3,5,3,0,0,0,0,0,0,0,75,1,2013,1213,17,0,0,0,0
Licenciatura,Casado,65210.0,0,1,2014-03-10,25,626,0,70,0,7,28,2,9,3,8,6,0,1,0,1,0,0,0,71,1,2014,731,22,2,0,0,0
Doctorado,Casado,79174.0,0,0,2013-01-11,2,1074,37,518,193,92,129,1,5,6,7,2,0,0,1,1,0,0,1,51,0,2013,2043,19,3,0,0,-1
Maestría,Divorciado,81380.0,0,0,2012-12-22,51,741,68,689,224,68,103,1,4,2,10,2,0,0,0,0,0,0,0,59,0,2012,1893,17,0,0,0,-1
Doctorado,Soltero,48432.0,0,1,2012-10-18,3,322,3,50,4,3,42,5,7,1,6,8,0,0,0,0,0,0,0,53,1,2012,424,19,0,1,0,0
Licenciatura,Casado,52914.0,0,1,2013-01-07,32,254,10,44,30,10,227,2,7,3,3,7,1,0,0,0,0,0,0,55,1,2013,575,15,1,1,0,0
Licenciatura,Unión Libre,38946.0,0,1,2013-10-24,84,116,6,82,6,6,41,2,3,1,6,5,0,0,0,0,0,0,0,71,1,2013,257,12,0,1,0,0
Licenciatura,Casado,26067.0,1,0,2013-11-04,49,22,2,18,0,2,12,3,3,0,3,8,0,0,0,0,0,0,0,52,1,2013,56,9,0,1,1,0
Doctorado,Casado,44325.0,0,1,2013-03-07,69,516,0,21,0,0,5,4,8,2,7,8,0,1,0,0,0,0,0,54,1,2013,542,21,1,0,0,0
Licenciatura,Casado,42523.0,0,0,2014-04-23,96,14,36,11,3,26,35,1,1,1,4,2,0,0,0,0,0,0,0,62,0,2014,125,7,0,1,0,0
Básica,Soltero,26487.0,1,0,2013-05-20,23,2,8,10,12,14,23,3,2,1,3,5,0,0,0,0,0,0,0,48,1,2013,69,9,0,1,1,0
Posgrado,Casado,53233.0,0,1,2014-03-18,18,28,0,9,3,0,0,1,1,0,3,4,0,0,0,0,0,0,0,69,1,2014,40,5,0,1,1,0
Licenciatura,Casado,67716.0,0,1,2013-01-10,8,530,142,217,62,9,56,4,7,4,13,5,0,1,0,0,0,0,0,66,1,2013,1016,28,1,0,0,0
Maestría,Casado,76234.0,0,1,2014-02-06,21,519,50,167,130,0,41,1,8,3,11,3,0,1,0,0,0,0,0,54,1,2014,907,23,1,0,0,0
Doctorado,Casado,84117.0,0,0,2014-05-11,60,611,76,749,59,45,26,1,7,10,6,2,0,0,1,0,0,0,0,70,0,2014,1566,24,1,0,0,0
Maestría,Unión Libre,65487.0,0,0,2014-01-10,48,240,67,500,199,0,163,3,3,5,6,2,0,0,0,0,0,0,0,69,0,2014,1169,17,0,0,0,0
Básica,Casado,25224.0,1,0,2014-03-16,36,4,9,12,11,2,8,2,1,1,3,3,0,0,0,0,0,0,0,54,1,2014,46,7,0,1,1,0
Maestría,Soltero,89616.0,0,0,2013-02-25,36,671,47,655,145,111,15,1,7,5,12,2,0,0,0,0,0,0,1,43,0,2013,1644,25,1,0,0,-1
Licenciatura,Divorciado,40851.0,1,1,2013-02-21,63,23,1,7,0,4,24,1,1,1,2,7,0,0,0,0,0,0,0,55,2,2013,59,5,0,1,1,0
Licenciatura,Casado,27469.0,0,0,2012-08-02,2,9,1,2,3,2,0,1,0,0,3,6,0,0,0,0,0,0,0,79,0,2012,17,4,0,1,0,0
Posgrado,Casado,82347.0,0,0,2012-11-06,38,556,54,845,202,133,63,1,7,7,10,3,1,0,0,1,0,0,1,69,0,2012,1853,25,3,0,0,-1
Licenciatura,Casado,73803.0,0,1,2012-08-01,61,833,80,363,52,26,174,2,9,5,6,6,1,0,0,0,0,0,1,69,1,2012,1528,22,2,0,0,0
Maestría,Soltero,8820.0,1,1,2013-03-22,52,12,0,13,4,2,4,4,3,0,3,8,0,0,0,0,0,0,0,74,2,2013,35,10,0,1,1,0
Licenciatura,Soltero,43322.0,0,0,2014-04-21,25,56,7,48,10,2,18,1,3,0,4,7,0,0,0,0,0,0,0,52,0,2014,141,8,0,1,1,0
Licenciatura,Unión Libre,55593.0,0,1,2013-08-21,63,293,8,124,11,4,106,2,6,6,3,6,1,0,0,0,0,0,0,53,1,2013,546,17,1,0,0,0
Licenciatura,Casado,50501.0,1,1,2013-06-18,10,297,0,38,13,0,152,7,5,4,4,6,1,0,0,0,0,0,1,72,2,2013,500,20,2,0,0,-1
Licenciatura,Casado,37085.0,1,1,2014-06-26,65,39,1,16,2,0,3,4,3,0,3,8,0,0,0,0,0,0,0,51,2,2014,61,10,0,1,1,0
Básica,Soltero,16185.0,1,0,2013-08-05,71,5,11,16,21,8,45,2,2,2,2,8,0,0,0,0,0,0,0,36,1,2013,106,8,0,1,1,0
Licenciatura,Soltero,57731.0,0,1,2012-11-23,0,266,21,300,65,8,44,4,8,8,6,6,0,0,0,0,0,0,0,57,1,2012,704,26,0,0,0,0
Doctorado,Soltero,48432.0,0,1,2012-10-18,3,322,3,50,4,3,42,5,7,1,6,8,0,0,0,0,0,0,1,53,1,2012,424,19,1,1,0,0
Licenciatura,Casado,73807.0,0,1,2013-01-02,88,366,124,156,71,78,54,2,5,5,11,2,0,0,0,0,0,0,0,48,1,2013,849,23,0,0,0,0
Licenciatura,Casado,18929.0,0,0,2013-02-16,15,32,0,8,23,4,18,1,1,0,4,6,0,0,0,0,0,0,0,36,0,2013,85,6,0,1,1,0
Licenciatura,Soltero,35893.0,1,1,2012-10-15,80,158,0,23,0,0,18,6,3,1,5,8,0,0,0,0,0,0,0,58,2,2012,199,15,0,1,1,0
Licenciatura,Casado,61014.0,0,1,2012-08-11,17,269,129,495,182,43,29,4,9,3,4,7,0,0,0,0,0,0,0,46,1,2012,1147,20,0,0,0,0
Licenciatura,Unión Libre,32144.0,1,1,2014-03-23,76,41,0,10,0,0,3,4,2,1,3,7,0,1,0,0,0,0,0,72,2,2014,54,10,1,1,1,0
Básica,Unión Libre,14918.0,0,1,2012-12-07,52,3,3,3,15,4,15,1,1,0,3,6,0,0,0,0,0,0,0,63,1,2012,43,5,0,1,1,0
Licenciatura,Divorciado,45146.0,1,1,2013-07-15,28,33,0,5,0,0,15,2,1,1,2,4,0,0,0,0,0,0,0,63,2,2013,53,6,0,1,1,0
Posgrado,Divorciado,41769.0,0,1,2013-02-13,31,302,29,131,32,0,27,6,8,1,7,8,0,0,0,0,0,0,0,71,1,2013,521,22,0,0,0,0
Licenciatura,Unión Libre,88325.0,0,0,2014-02-05,42,519,71,860,93,27,53,1,6,2,9,2,0,0,0,0,0,0,0,45,0,2014,1623,18,0,0,0,0
Maestría,Divorciado,38054.0,1,1,2014-05-01,24,23,2,17,2,1,0,2,2,0,3,7,0,0,0,0,0,0,0,76,2,2014,45,7,0,1,1,0
Posgrado,Soltero,80617.0,0,0,2012-10-12,42,594,51,631,72,55,32,1,4,6,8,2,0,0,0,0,0,0,0,31,0,2012,1435,19,0,0,0,-1
Licenciatura,Casado,5305.0,0,1,2013-07-30,12,12,4,7,1,3,5,0,1,0,0,13,0,0,0,0,0,0,0,50,1,2013,32,1,0,1,1,0
Licenciatura,Unión Libre,36807.0,1,1,2012-12-20,88,4,2,5,0,0,5,1,1,0,2,6,0,0,0,0,0,0,0,72,2,2012,16,4,0,1,1,0
Licenciatura,Unión Libre,28427.0,1,0,2013-03-21,67,18,3,19,3,3,6,2,2,0,3,8,0,0,0,0,0,0,0,43,1,2013,52,7,0,1,1,0
Doctorado,Viudo,82032.0,0,0,2014-04-05,54,332,194,377,149,125,57,0,4,6,7,1,0,0,0,0,0,0,0,78,0,2014,1234,17,0,0,0,-1
Licenciatura,Unión Libre,22775.0,1,0,2013-06-19,40,5,1,8,0,0,1,1,1,0,2,8,0,0,0,0,0,0,0,48,1,2013,15,4,0,1,1,0
Maestría,Unión Libre,40101.0,1,0,2012-10-14,73,171,3,129,26,24,62,4,6,1,6,7,0,0,0,0,0,0,0,41,1,2012,415,17,0,1,0,0
Licenciatura,Casado,58025.0,0,1,2013-11-26,81,270,31,88,11,48,22,3,3,2,10,4,0,0,0,0,0,0,0,47,1,2013,470,18,0,1,0,0
Maestría,Soltero,75777.0,0,0,2013-07-04,12,712,26,538,69,13,80,1,3,6,11,1,0,1,1,0,0,0,1,44,0,2013,1438,21,3,0,0,-1
Posgrado,Unión Libre,7500.0,1,0,2013-05-07,7,2,8,11,3,8,21,4,3,2,2,7,0,0,0,0,0,0,0,47,1,2013,53,11,0,1,1,0
Maestría,Casado,33562.0,1,2,2014-06-25,33,21,12,12,0,3,3,3,2,0,4,4,0,0,0,0,0,0,0,63,3,2014,51,9,0,1,1,0
Doctorado,Soltero,57642.0,0,1,2014-01-09,24,580,6,58,8,0,27,3,7,6,6,4,1,0,0,0,0,0,0,56,1,2014,679,22,1,0,0,0
Licenciatura,Unión Libre,58554.0,1,1,2012-09-26,55,368,24,68,38,0,88,6,8,2,6,7,0,0,0,0,0,0,0,58,2,2012,586,22,0,1,0,0
Licenciatura,Casado,63777.0,1,1,2013-03-24,87,457,5,106,15,17,53,8,11,1,6,8,0,0,0,0,0,0,0,47,2,2013,653,26,0,0,0,0
Licenciatura,Soltero,57967.0,0,1,2013-03-03,39,229,7,137,4,0,91,5,4,2,8,5,0,0,0,0,0,0,0,64,1,2013,468,19,0,0,0,0
Posgrado,Unión Libre,,0,0,2012-08-12,53,32,2,1607,12,4,22,0,0,0,1,0,0,1,0,0,0,0,0,48,0,2012,1679,1,1,0,0,-1
Licenciatura,Casado,24434.0,2,0,2014-05-18,9,3,2,8,20,0,17,2,2,1,2,7,0,0,0,0,0,0,0,54,2,2014,50,7,0,1,1,0
Licenciatura,Soltero,11012.0,1,0,2013-03-16,82,24,3,26,7,1,23,3,3,1,2,9,1,0,0,0,0,0,0,42,1,2013,84,9,1,1,1,0
Maestría,Soltero,44802.0,0,0,2012-08-21,71,853,10,143,13,10,20,2,9,4,12,8,0,0,0,0,0,0,0,56,0,2012,1049,27,0,0,0,0
Licenciatura,Soltero,26816.0,0,0,2012-08-17,50,5,1,6,3,4,3,1,0,0,3,4,0,0,0,0,0,0,0,40,0,2012,22,4,0,1,1,0
Licenciatura,Unión Libre,666666.0,1,0,2013-06-02,23,9,14,18,8,1,12,4,3,1,3,6,0,0,0,0,0,0,0,49,1,2013,62,11,0,0,0,-1
Licenciatura,Casado,34421.0,1,0,2013-07-01,81,3,3,7,6,2,9,1,1,0,2,7,0,0,0,0,0,0,0,52,1,2013,30,4,0,1,1,0
Licenciatura,Casado,61223.0,0,1,2013-06-13,46,709,43,182,42,118,247,2,9,3,4,5,0,0,0,0,0,0,0,59,1,2013,1341,18,0,0,0,0
Doctorado,Unión Libre,64014.0,2,1,2014-06-10,56,406,0,30,0,0,8,7,8,2,5,7,0,0,0,1,0,0,0,80,3,2014,444,22,1,1,0,-1
Licenciatura,Divorciado,56981.0,0,0,2014-01-25,91,908,48,217,32,12,24,1,2,3,13,6,0,1,0,0,0,0,0,45,0,2014,1241,19,1,0,0,0
Maestría,Unión Libre,69245.0,0,1,2014-01-24,8,428,30,214,80,30,61,2,6,5,10,3,0,0,0,0,0,0,0,70,1,2014,843,23,0,0,0,0
Doctorado,Casado,52869.0,1,1,2012-10-15,40,84,3,61,2,1,21,3,3,1,4,7,0,0,0,0,0,0,1,72,2,2012,172,11,1,1,1,0
